root,field,rule,evidence,derivation_status
p1e1r4_121fb1ae4a68464fb6dedd38468a39da/obligation:bc26e3701ce546eaaa5f62ba3711d4b0,id,§7.1 e1:<case>:obligation:<exact payload>,obligation:bc26e3701ce546eaaa5f62ba3711d4b0,DEFINED
p1e1r4_121fb1ae4a68464fb6dedd38468a39da/obligation:bc26e3701ce546eaaa5f62ba3711d4b0,principal_id,§5 exact AARON from case principal,p1e1r4_121fb1ae4a68464fb6dedd38468a39da,DEFINED
p1e1r4_121fb1ae4a68464fb6dedd38468a39da/obligation:bc26e3701ce546eaaa5f62ba3711d4b0,objective_id,§6 exact objective namespace payload; §9.2 conflict subject objective,objective:c06382b30e924820a759e41303c711af,DEFINED
p1e1r4_121fb1ae4a68464fb6dedd38468a39da/obligation:bc26e3701ce546eaaa5f62ba3711d4b0,obligation_id,§6/§7 exact typed-root payload,obligation:bc26e3701ce546eaaa5f62ba3711d4b0,DEFINED
p1e1r4_121fb1ae4a68464fb6dedd38468a39da/obligation:bc26e3701ce546eaaa5f62ba3711d4b0,decision_requirement_id,§7 OMIT: not this root kind,,DEFINED
p1e1r4_121fb1ae4a68464fb6dedd38468a39da/obligation:bc26e3701ce546eaaa5f62ba3711d4b0,intent_id,§7 OMIT: not this root kind,,DEFINED
p1e1r4_121fb1ae4a68464fb6dedd38468a39da/obligation:bc26e3701ce546eaaa5f62ba3711d4b0,conflict_id,§9 OMIT: no attached conflict,,DEFINED
p1e1r4_121fb1ae4a68464fb6dedd38468a39da/obligation:bc26e3701ce546eaaa5f62ba3711d4b0,obligation_status,§7.1 exact obligation/governance plus exact-scoped lifecycle; action boolean AND concrete text AND not informational,obligation:bc26e3701ce546eaaa5f62ba3711d4b0|governance:91a9fa4e29c940558ae4ed573bf0809a|event:3785bd5d8b864edfb54ae262c798a818,DEFINED
p1e1r4_121fb1ae4a68464fb6dedd38468a39da/obligation:bc26e3701ce546eaaa5f62ba3711d4b0,obligation_owner,§7.1 exact obligation/governance plus exact-scoped lifecycle; action boolean AND concrete text AND not informational,obligation:bc26e3701ce546eaaa5f62ba3711d4b0|governance:91a9fa4e29c940558ae4ed573bf0809a|event:3785bd5d8b864edfb54ae262c798a818,DEFINED
p1e1r4_121fb1ae4a68464fb6dedd38468a39da/obligation:bc26e3701ce546eaaa5f62ba3711d4b0,concrete_action_remaining,§7.1 exact obligation/governance plus exact-scoped lifecycle; action boolean AND concrete text AND not informational,obligation:bc26e3701ce546eaaa5f62ba3711d4b0|governance:91a9fa4e29c940558ae4ed573bf0809a|event:3785bd5d8b864edfb54ae262c798a818,DEFINED
p1e1r4_121fb1ae4a68464fb6dedd38468a39da/obligation:bc26e3701ce546eaaa5f62ba3711d4b0,decision_status,§7 OMIT,,DEFINED
p1e1r4_121fb1ae4a68464fb6dedd38468a39da/obligation:bc26e3701ce546eaaa5f62ba3711d4b0,decision_maker_identity_id,§7 OMIT,,DEFINED
p1e1r4_121fb1ae4a68464fb6dedd38468a39da/obligation:bc26e3701ce546eaaa5f62ba3711d4b0,reserved_authority_class,§7/§8 OMIT: no reserved permission,,DEFINED
p1e1r4_121fb1ae4a68464fb6dedd38468a39da/obligation:bc26e3701ce546eaaa5f62ba3711d4b0,authority_holder_identity_id,§7/§8 OMIT: no reserved permission,,DEFINED
p1e1r4_121fb1ae4a68464fb6dedd38468a39da/obligation:bc26e3701ce546eaaa5f62ba3711d4b0,valid_delegation,§7/§8 OMIT: no reserved permission,,DEFINED
p1e1r4_121fb1ae4a68464fb6dedd38468a39da/obligation:bc26e3701ce546eaaa5f62ba3711d4b0,escalation_required,§7.0 exact attached material root AND same-root governance Aaron escalation; else false,governance:91a9fa4e29c940558ae4ed573bf0809a,DEFINED
p1e1r4_121fb1ae4a68464fb6dedd38468a39da/obligation:bc26e3701ce546eaaa5f62ba3711d4b0,unresolved_effect,§7.3 true only unresolved intent; otherwise false,,DEFINED
p1e1r4_121fb1ae4a68464fb6dedd38468a39da/obligation:bc26e3701ce546eaaa5f62ba3711d4b0,material_conflict,§9 true only exact attached/conflict-only root; otherwise false,,DEFINED
p1e1r4_121fb1ae4a68464fb6dedd38468a39da/obligation:bc26e3701ce546eaaa5f62ba3711d4b0,informational_only,"§7.0 obligation exact boolean, otherwise false",obligation:bc26e3701ce546eaaa5f62ba3711d4b0,DEFINED
p1e1r4_121fb1ae4a68464fb6dedd38468a39da/obligation:bc26e3701ce546eaaa5f62ba3711d4b0,applicability,§4/§7 exact subject refs; intent no scoped evidence -> UNKNOWN; conflict §9.2,assertion:b350621b568d4b16b474abba8f96317e|governance:91a9fa4e29c940558ae4ed573bf0809a,DEFINED
p1e1r4_121fb1ae4a68464fb6dedd38468a39da/obligation:bc26e3701ce546eaaa5f62ba3711d4b0,freshness,§7.0 exact evidence closure; preserve known item dimensions through authority UNKNOWN; single case evidence source,evidence:d6e2964485da4a97a05164bba4c3d9a1,DEFINED
p1e1r4_121fb1ae4a68464fb6dedd38468a39da/obligation:bc26e3701ce546eaaa5f62ba3711d4b0,source_identity,§7.0 exact evidence closure; preserve known item dimensions through authority UNKNOWN; single case evidence source,evidence:d6e2964485da4a97a05164bba4c3d9a1,DEFINED
p1e1r4_121fb1ae4a68464fb6dedd38468a39da/obligation:bc26e3701ce546eaaa5f62ba3711d4b0,provenance_refs,§7.0 exact evidence closure; preserve known item dimensions through authority UNKNOWN; single case evidence source,evidence:d6e2964485da4a97a05164bba4c3d9a1,DEFINED
p1e1r4_121fb1ae4a68464fb6dedd38468a39da/obligation:bc26e3701ce546eaaa5f62ba3711d4b0,possible_duplicate_refs,§9 exact distinct unresolved identity link other-ref array; otherwise [],,DEFINED
p1e1r4_121fb1ae4a68464fb6dedd38468a39da/decision_requirement:811629e8a73c479c828c9d877603afd9,id,§7.2 e1:<case>:decision:<exact payload>,decision_requirement:811629e8a73c479c828c9d877603afd9,DEFINED
p1e1r4_121fb1ae4a68464fb6dedd38468a39da/decision_requirement:811629e8a73c479c828c9d877603afd9,principal_id,§5 exact AARON from case principal,p1e1r4_121fb1ae4a68464fb6dedd38468a39da,DEFINED
p1e1r4_121fb1ae4a68464fb6dedd38468a39da/decision_requirement:811629e8a73c479c828c9d877603afd9,objective_id,§6 exact objective namespace payload; §9.2 conflict subject objective,objective:c06382b30e924820a759e41303c711af,DEFINED
p1e1r4_121fb1ae4a68464fb6dedd38468a39da/decision_requirement:811629e8a73c479c828c9d877603afd9,obligation_id,§7 OMIT: not this root kind,,DEFINED
p1e1r4_121fb1ae4a68464fb6dedd38468a39da/decision_requirement:811629e8a73c479c828c9d877603afd9,decision_requirement_id,§6/§7 exact typed-root payload,decision_requirement:811629e8a73c479c828c9d877603afd9,DEFINED
p1e1r4_121fb1ae4a68464fb6dedd38468a39da/decision_requirement:811629e8a73c479c828c9d877603afd9,intent_id,§7 OMIT: not this root kind,,DEFINED
p1e1r4_121fb1ae4a68464fb6dedd38468a39da/decision_requirement:811629e8a73c479c828c9d877603afd9,conflict_id,§9 OMIT: no attached conflict,,DEFINED
p1e1r4_121fb1ae4a68464fb6dedd38468a39da/decision_requirement:811629e8a73c479c828c9d877603afd9,obligation_status,§7 OMIT,,DEFINED
p1e1r4_121fb1ae4a68464fb6dedd38468a39da/decision_requirement:811629e8a73c479c828c9d877603afd9,obligation_owner,§7 OMIT,,DEFINED
p1e1r4_121fb1ae4a68464fb6dedd38468a39da/decision_requirement:811629e8a73c479c828c9d877603afd9,concrete_action_remaining,§7 OMIT,,DEFINED
p1e1r4_121fb1ae4a68464fb6dedd38468a39da/decision_requirement:811629e8a73c479c828c9d877603afd9,decision_status,"§7.2 exact decision + scoped history, never obligation cascade",decision_requirement:811629e8a73c479c828c9d877603afd9|event:3785bd5d8b864edfb54ae262c798a818,DEFINED
p1e1r4_121fb1ae4a68464fb6dedd38468a39da/decision_requirement:811629e8a73c479c828c9d877603afd9,decision_maker_identity_id,"§7.2 exact decision + scoped history, never obligation cascade",decision_requirement:811629e8a73c479c828c9d877603afd9|event:3785bd5d8b864edfb54ae262c798a818,DEFINED
p1e1r4_121fb1ae4a68464fb6dedd38468a39da/decision_requirement:811629e8a73c479c828c9d877603afd9,reserved_authority_class,§7/§8 OMIT: no reserved permission,,DEFINED
p1e1r4_121fb1ae4a68464fb6dedd38468a39da/decision_requirement:811629e8a73c479c828c9d877603afd9,authority_holder_identity_id,§7/§8 OMIT: no reserved permission,,DEFINED
p1e1r4_121fb1ae4a68464fb6dedd38468a39da/decision_requirement:811629e8a73c479c828c9d877603afd9,valid_delegation,§7/§8 OMIT: no reserved permission,,DEFINED
p1e1r4_121fb1ae4a68464fb6dedd38468a39da/decision_requirement:811629e8a73c479c828c9d877603afd9,escalation_required,§7.0 exact attached material root AND same-root governance Aaron escalation; else false,,DEFINED
p1e1r4_121fb1ae4a68464fb6dedd38468a39da/decision_requirement:811629e8a73c479c828c9d877603afd9,unresolved_effect,§7.3 true only unresolved intent; otherwise false,,DEFINED
p1e1r4_121fb1ae4a68464fb6dedd38468a39da/decision_requirement:811629e8a73c479c828c9d877603afd9,material_conflict,§9 true only exact attached/conflict-only root; otherwise false,,DEFINED
p1e1r4_121fb1ae4a68464fb6dedd38468a39da/decision_requirement:811629e8a73c479c828c9d877603afd9,informational_only,"§7.0 obligation exact boolean, otherwise false",,DEFINED
p1e1r4_121fb1ae4a68464fb6dedd38468a39da/decision_requirement:811629e8a73c479c828c9d877603afd9,applicability,§4/§7 exact subject refs; intent no scoped evidence -> UNKNOWN; conflict §9.2,assertion:b350621b568d4b16b474abba8f96317e,DEFINED
p1e1r4_121fb1ae4a68464fb6dedd38468a39da/decision_requirement:811629e8a73c479c828c9d877603afd9,freshness,§7.0 exact evidence closure; preserve known item dimensions through authority UNKNOWN; single case evidence source,evidence:d6e2964485da4a97a05164bba4c3d9a1,DEFINED
p1e1r4_121fb1ae4a68464fb6dedd38468a39da/decision_requirement:811629e8a73c479c828c9d877603afd9,source_identity,§7.0 exact evidence closure; preserve known item dimensions through authority UNKNOWN; single case evidence source,evidence:d6e2964485da4a97a05164bba4c3d9a1,DEFINED
p1e1r4_121fb1ae4a68464fb6dedd38468a39da/decision_requirement:811629e8a73c479c828c9d877603afd9,provenance_refs,§7.0 exact evidence closure; preserve known item dimensions through authority UNKNOWN; single case evidence source,evidence:d6e2964485da4a97a05164bba4c3d9a1,DEFINED
p1e1r4_121fb1ae4a68464fb6dedd38468a39da/decision_requirement:811629e8a73c479c828c9d877603afd9,possible_duplicate_refs,§9 exact distinct unresolved identity link other-ref array; otherwise [],,DEFINED
p1e1r4_13f14125911f4e4fafe0e128438a33ae/obligation:b44162760d7f4d7983cf2c3a509f5265,id,§7.1 e1:<case>:obligation:<exact payload>,obligation:b44162760d7f4d7983cf2c3a509f5265,DEFINED
p1e1r4_13f14125911f4e4fafe0e128438a33ae/obligation:b44162760d7f4d7983cf2c3a509f5265,principal_id,§5 exact AARON from case principal,p1e1r4_13f14125911f4e4fafe0e128438a33ae,DEFINED
p1e1r4_13f14125911f4e4fafe0e128438a33ae/obligation:b44162760d7f4d7983cf2c3a509f5265,objective_id,§6 exact objective namespace payload; §9.2 conflict subject objective,objective:d41226720b3549e29f4eacce27b32f41,DEFINED
p1e1r4_13f14125911f4e4fafe0e128438a33ae/obligation:b44162760d7f4d7983cf2c3a509f5265,obligation_id,§6/§7 exact typed-root payload,obligation:b44162760d7f4d7983cf2c3a509f5265,DEFINED
p1e1r4_13f14125911f4e4fafe0e128438a33ae/obligation:b44162760d7f4d7983cf2c3a509f5265,decision_requirement_id,§7 OMIT: not this root kind,,DEFINED
p1e1r4_13f14125911f4e4fafe0e128438a33ae/obligation:b44162760d7f4d7983cf2c3a509f5265,intent_id,§7 OMIT: not this root kind,,DEFINED
p1e1r4_13f14125911f4e4fafe0e128438a33ae/obligation:b44162760d7f4d7983cf2c3a509f5265,conflict_id,§9 OMIT: no attached conflict,,DEFINED
p1e1r4_13f14125911f4e4fafe0e128438a33ae/obligation:b44162760d7f4d7983cf2c3a509f5265,obligation_status,§7.1 exact obligation/governance plus exact-scoped lifecycle; action boolean AND concrete text AND not informational,obligation:b44162760d7f4d7983cf2c3a509f5265|governance:bb3d976f40864ca3ae1faa1e14657363|event:74359dfb3d514c5fa20c42f648056ea8,DEFINED
p1e1r4_13f14125911f4e4fafe0e128438a33ae/obligation:b44162760d7f4d7983cf2c3a509f5265,obligation_owner,§7.1 exact obligation/governance plus exact-scoped lifecycle; action boolean AND concrete text AND not informational,obligation:b44162760d7f4d7983cf2c3a509f5265|governance:bb3d976f40864ca3ae1faa1e14657363|event:74359dfb3d514c5fa20c42f648056ea8,DEFINED
p1e1r4_13f14125911f4e4fafe0e128438a33ae/obligation:b44162760d7f4d7983cf2c3a509f5265,concrete_action_remaining,§7.1 exact obligation/governance plus exact-scoped lifecycle; action boolean AND concrete text AND not informational,obligation:b44162760d7f4d7983cf2c3a509f5265|governance:bb3d976f40864ca3ae1faa1e14657363|event:74359dfb3d514c5fa20c42f648056ea8,DEFINED
p1e1r4_13f14125911f4e4fafe0e128438a33ae/obligation:b44162760d7f4d7983cf2c3a509f5265,decision_status,§7 OMIT,,DEFINED
p1e1r4_13f14125911f4e4fafe0e128438a33ae/obligation:b44162760d7f4d7983cf2c3a509f5265,decision_maker_identity_id,§7 OMIT,,DEFINED
p1e1r4_13f14125911f4e4fafe0e128438a33ae/obligation:b44162760d7f4d7983cf2c3a509f5265,reserved_authority_class,§8 exact permission/governance/decision + current authority validation; UNKNOWN holder and OMIT delegation on unknown authority,required_next_step:02a2af86929a4d89af327e0338ac4dfd|authority_domain:86d326e2b6bf4a6bb500d14646772579|iris:9c9d18c644cc4037a2b1fe5a4d81218d|worker:a8ba2320224343abb70a462036a866fb|episode:237908785a5249b0a1949868db389ce9|authority_lease:a0275e9d0aab4dd4b0bf04be056cf23a,DEFINED
p1e1r4_13f14125911f4e4fafe0e128438a33ae/obligation:b44162760d7f4d7983cf2c3a509f5265,authority_holder_identity_id,§8 exact permission/governance/decision + current authority validation; UNKNOWN holder and OMIT delegation on unknown authority,required_next_step:02a2af86929a4d89af327e0338ac4dfd|authority_domain:86d326e2b6bf4a6bb500d14646772579|iris:9c9d18c644cc4037a2b1fe5a4d81218d|worker:a8ba2320224343abb70a462036a866fb|episode:237908785a5249b0a1949868db389ce9|authority_lease:a0275e9d0aab4dd4b0bf04be056cf23a,DEFINED
p1e1r4_13f14125911f4e4fafe0e128438a33ae/obligation:b44162760d7f4d7983cf2c3a509f5265,valid_delegation,§8 exact permission/governance/decision + current authority validation; UNKNOWN holder and OMIT delegation on unknown authority,required_next_step:02a2af86929a4d89af327e0338ac4dfd|authority_domain:86d326e2b6bf4a6bb500d14646772579|iris:9c9d18c644cc4037a2b1fe5a4d81218d|worker:a8ba2320224343abb70a462036a866fb|episode:237908785a5249b0a1949868db389ce9|authority_lease:a0275e9d0aab4dd4b0bf04be056cf23a,DEFINED
p1e1r4_13f14125911f4e4fafe0e128438a33ae/obligation:b44162760d7f4d7983cf2c3a509f5265,escalation_required,§7.0 exact attached material root AND same-root governance Aaron escalation; else false,governance:bb3d976f40864ca3ae1faa1e14657363,DEFINED
p1e1r4_13f14125911f4e4fafe0e128438a33ae/obligation:b44162760d7f4d7983cf2c3a509f5265,unresolved_effect,§7.3 true only unresolved intent; otherwise false,,DEFINED
p1e1r4_13f14125911f4e4fafe0e128438a33ae/obligation:b44162760d7f4d7983cf2c3a509f5265,material_conflict,§9 true only exact attached/conflict-only root; otherwise false,,DEFINED
p1e1r4_13f14125911f4e4fafe0e128438a33ae/obligation:b44162760d7f4d7983cf2c3a509f5265,informational_only,"§7.0 obligation exact boolean, otherwise false",obligation:b44162760d7f4d7983cf2c3a509f5265,DEFINED
p1e1r4_13f14125911f4e4fafe0e128438a33ae/obligation:b44162760d7f4d7983cf2c3a509f5265,applicability,§4/§7 exact subject refs; intent no scoped evidence -> UNKNOWN; conflict §9.2,assertion:ebc379c734a84a95bcc7f19f863ff1df|governance:bb3d976f40864ca3ae1faa1e14657363,DEFINED
p1e1r4_13f14125911f4e4fafe0e128438a33ae/obligation:b44162760d7f4d7983cf2c3a509f5265,freshness,§7.0 exact evidence closure; preserve known item dimensions through authority UNKNOWN; single case evidence source,evidence:967365e71b1c4848a8844c91e1139e4b,DEFINED
p1e1r4_13f14125911f4e4fafe0e128438a33ae/obligation:b44162760d7f4d7983cf2c3a509f5265,source_identity,§7.0 exact evidence closure; preserve known item dimensions through authority UNKNOWN; single case evidence source,evidence:967365e71b1c4848a8844c91e1139e4b,DEFINED
p1e1r4_13f14125911f4e4fafe0e128438a33ae/obligation:b44162760d7f4d7983cf2c3a509f5265,provenance_refs,§7.0 exact evidence closure; preserve known item dimensions through authority UNKNOWN; single case evidence source,evidence:967365e71b1c4848a8844c91e1139e4b,DEFINED
p1e1r4_13f14125911f4e4fafe0e128438a33ae/obligation:b44162760d7f4d7983cf2c3a509f5265,possible_duplicate_refs,§9 exact distinct unresolved identity link other-ref array; otherwise [],,DEFINED
p1e1r4_13f14125911f4e4fafe0e128438a33ae/decision_requirement:87601618b2e1415889d15b36cbf12242,id,§7.2 e1:<case>:decision:<exact payload>,decision_requirement:87601618b2e1415889d15b36cbf12242,DEFINED
p1e1r4_13f14125911f4e4fafe0e128438a33ae/decision_requirement:87601618b2e1415889d15b36cbf12242,principal_id,§5 exact AARON from case principal,p1e1r4_13f14125911f4e4fafe0e128438a33ae,DEFINED
p1e1r4_13f14125911f4e4fafe0e128438a33ae/decision_requirement:87601618b2e1415889d15b36cbf12242,objective_id,§6 exact objective namespace payload; §9.2 conflict subject objective,objective:d41226720b3549e29f4eacce27b32f41,DEFINED
p1e1r4_13f14125911f4e4fafe0e128438a33ae/decision_requirement:87601618b2e1415889d15b36cbf12242,obligation_id,§7 OMIT: not this root kind,,DEFINED
p1e1r4_13f14125911f4e4fafe0e128438a33ae/decision_requirement:87601618b2e1415889d15b36cbf12242,decision_requirement_id,§6/§7 exact typed-root payload,decision_requirement:87601618b2e1415889d15b36cbf12242,DEFINED
p1e1r4_13f14125911f4e4fafe0e128438a33ae/decision_requirement:87601618b2e1415889d15b36cbf12242,intent_id,§7 OMIT: not this root kind,,DEFINED
p1e1r4_13f14125911f4e4fafe0e128438a33ae/decision_requirement:87601618b2e1415889d15b36cbf12242,conflict_id,§9 OMIT: no attached conflict,,DEFINED
p1e1r4_13f14125911f4e4fafe0e128438a33ae/decision_requirement:87601618b2e1415889d15b36cbf12242,obligation_status,§7 OMIT,,DEFINED
p1e1r4_13f14125911f4e4fafe0e128438a33ae/decision_requirement:87601618b2e1415889d15b36cbf12242,obligation_owner,§7 OMIT,,DEFINED
p1e1r4_13f14125911f4e4fafe0e128438a33ae/decision_requirement:87601618b2e1415889d15b36cbf12242,concrete_action_remaining,§7 OMIT,,DEFINED
p1e1r4_13f14125911f4e4fafe0e128438a33ae/decision_requirement:87601618b2e1415889d15b36cbf12242,decision_status,"§7.2 exact decision + scoped history, never obligation cascade",decision_requirement:87601618b2e1415889d15b36cbf12242|event:74359dfb3d514c5fa20c42f648056ea8,DEFINED
p1e1r4_13f14125911f4e4fafe0e128438a33ae/decision_requirement:87601618b2e1415889d15b36cbf12242,decision_maker_identity_id,"§7.2 exact decision + scoped history, never obligation cascade",decision_requirement:87601618b2e1415889d15b36cbf12242|event:74359dfb3d514c5fa20c42f648056ea8,DEFINED
p1e1r4_13f14125911f4e4fafe0e128438a33ae/decision_requirement:87601618b2e1415889d15b36cbf12242,reserved_authority_class,§8 exact permission/governance/decision + current authority validation; UNKNOWN holder and OMIT delegation on unknown authority,required_next_step:02a2af86929a4d89af327e0338ac4dfd|authority_domain:86d326e2b6bf4a6bb500d14646772579|iris:9c9d18c644cc4037a2b1fe5a4d81218d|worker:a8ba2320224343abb70a462036a866fb|episode:237908785a5249b0a1949868db389ce9|authority_lease:a0275e9d0aab4dd4b0bf04be056cf23a,DEFINED
p1e1r4_13f14125911f4e4fafe0e128438a33ae/decision_requirement:87601618b2e1415889d15b36cbf12242,authority_holder_identity_id,§8 exact permission/governance/decision + current authority validation; UNKNOWN holder and OMIT delegation on unknown authority,required_next_step:02a2af86929a4d89af327e0338ac4dfd|authority_domain:86d326e2b6bf4a6bb500d14646772579|iris:9c9d18c644cc4037a2b1fe5a4d81218d|worker:a8ba2320224343abb70a462036a866fb|episode:237908785a5249b0a1949868db389ce9|authority_lease:a0275e9d0aab4dd4b0bf04be056cf23a,DEFINED
p1e1r4_13f14125911f4e4fafe0e128438a33ae/decision_requirement:87601618b2e1415889d15b36cbf12242,valid_delegation,§8 exact permission/governance/decision + current authority validation; UNKNOWN holder and OMIT delegation on unknown authority,required_next_step:02a2af86929a4d89af327e0338ac4dfd|authority_domain:86d326e2b6bf4a6bb500d14646772579|iris:9c9d18c644cc4037a2b1fe5a4d81218d|worker:a8ba2320224343abb70a462036a866fb|episode:237908785a5249b0a1949868db389ce9|authority_lease:a0275e9d0aab4dd4b0bf04be056cf23a,DEFINED
p1e1r4_13f14125911f4e4fafe0e128438a33ae/decision_requirement:87601618b2e1415889d15b36cbf12242,escalation_required,§7.0 exact attached material root AND same-root governance Aaron escalation; else false,,DEFINED
p1e1r4_13f14125911f4e4fafe0e128438a33ae/decision_requirement:87601618b2e1415889d15b36cbf12242,unresolved_effect,§7.3 true only unresolved intent; otherwise false,,DEFINED
p1e1r4_13f14125911f4e4fafe0e128438a33ae/decision_requirement:87601618b2e1415889d15b36cbf12242,material_conflict,§9 true only exact attached/conflict-only root; otherwise false,,DEFINED
p1e1r4_13f14125911f4e4fafe0e128438a33ae/decision_requirement:87601618b2e1415889d15b36cbf12242,informational_only,"§7.0 obligation exact boolean, otherwise false",,DEFINED
p1e1r4_13f14125911f4e4fafe0e128438a33ae/decision_requirement:87601618b2e1415889d15b36cbf12242,applicability,§4/§7 exact subject refs; intent no scoped evidence -> UNKNOWN; conflict §9.2,assertion:ebc379c734a84a95bcc7f19f863ff1df,DEFINED
p1e1r4_13f14125911f4e4fafe0e128438a33ae/decision_requirement:87601618b2e1415889d15b36cbf12242,freshness,§7.0 exact evidence closure; preserve known item dimensions through authority UNKNOWN; single case evidence source,evidence:967365e71b1c4848a8844c91e1139e4b,DEFINED
p1e1r4_13f14125911f4e4fafe0e128438a33ae/decision_requirement:87601618b2e1415889d15b36cbf12242,source_identity,§7.0 exact evidence closure; preserve known item dimensions through authority UNKNOWN; single case evidence source,evidence:967365e71b1c4848a8844c91e1139e4b,DEFINED
p1e1r4_13f14125911f4e4fafe0e128438a33ae/decision_requirement:87601618b2e1415889d15b36cbf12242,provenance_refs,§7.0 exact evidence closure; preserve known item dimensions through authority UNKNOWN; single case evidence source,evidence:967365e71b1c4848a8844c91e1139e4b,DEFINED
p1e1r4_13f14125911f4e4fafe0e128438a33ae/decision_requirement:87601618b2e1415889d15b36cbf12242,possible_duplicate_refs,§9 exact distinct unresolved identity link other-ref array; otherwise [],,DEFINED
p1e1r4_1720ad8063854fcd9cb5388db87d982d/obligation:a239bad60441470f861e7916c7227657,id,§7.1 e1:<case>:obligation:<exact payload>,obligation:a239bad60441470f861e7916c7227657,DEFINED
p1e1r4_1720ad8063854fcd9cb5388db87d982d/obligation:a239bad60441470f861e7916c7227657,principal_id,§5 exact AARON from case principal,p1e1r4_1720ad8063854fcd9cb5388db87d982d,DEFINED
p1e1r4_1720ad8063854fcd9cb5388db87d982d/obligation:a239bad60441470f861e7916c7227657,objective_id,§6 exact objective namespace payload; §9.2 conflict subject objective,objective:f7acea9f560844f3a30b4d76881a1a71,DEFINED
p1e1r4_1720ad8063854fcd9cb5388db87d982d/obligation:a239bad60441470f861e7916c7227657,obligation_id,§6/§7 exact typed-root payload,obligation:a239bad60441470f861e7916c7227657,DEFINED
p1e1r4_1720ad8063854fcd9cb5388db87d982d/obligation:a239bad60441470f861e7916c7227657,decision_requirement_id,§7 OMIT: not this root kind,,DEFINED
p1e1r4_1720ad8063854fcd9cb5388db87d982d/obligation:a239bad60441470f861e7916c7227657,intent_id,§7 OMIT: not this root kind,,DEFINED
p1e1r4_1720ad8063854fcd9cb5388db87d982d/obligation:a239bad60441470f861e7916c7227657,conflict_id,§9 OMIT: no attached conflict,,DEFINED
p1e1r4_1720ad8063854fcd9cb5388db87d982d/obligation:a239bad60441470f861e7916c7227657,obligation_status,§7.1 exact obligation/governance plus exact-scoped lifecycle; action boolean AND concrete text AND not informational,obligation:a239bad60441470f861e7916c7227657|governance:97c6ac67e12c46c0b5d980545878f717|event:5d5d45a33329417bae6814c7b69a5836,DEFINED
p1e1r4_1720ad8063854fcd9cb5388db87d982d/obligation:a239bad60441470f861e7916c7227657,obligation_owner,§7.1 exact obligation/governance plus exact-scoped lifecycle; action boolean AND concrete text AND not informational,obligation:a239bad60441470f861e7916c7227657|governance:97c6ac67e12c46c0b5d980545878f717|event:5d5d45a33329417bae6814c7b69a5836,DEFINED
p1e1r4_1720ad8063854fcd9cb5388db87d982d/obligation:a239bad60441470f861e7916c7227657,concrete_action_remaining,§7.1 exact obligation/governance plus exact-scoped lifecycle; action boolean AND concrete text AND not informational,obligation:a239bad60441470f861e7916c7227657|governance:97c6ac67e12c46c0b5d980545878f717|event:5d5d45a33329417bae6814c7b69a5836,DEFINED
p1e1r4_1720ad8063854fcd9cb5388db87d982d/obligation:a239bad60441470f861e7916c7227657,decision_status,§7 OMIT,,DEFINED
p1e1r4_1720ad8063854fcd9cb5388db87d982d/obligation:a239bad60441470f861e7916c7227657,decision_maker_identity_id,§7 OMIT,,DEFINED
p1e1r4_1720ad8063854fcd9cb5388db87d982d/obligation:a239bad60441470f861e7916c7227657,reserved_authority_class,§7/§8 OMIT: no reserved permission,,DEFINED
p1e1r4_1720ad8063854fcd9cb5388db87d982d/obligation:a239bad60441470f861e7916c7227657,authority_holder_identity_id,§7/§8 OMIT: no reserved permission,,DEFINED
p1e1r4_1720ad8063854fcd9cb5388db87d982d/obligation:a239bad60441470f861e7916c7227657,valid_delegation,§7/§8 OMIT: no reserved permission,,DEFINED
p1e1r4_1720ad8063854fcd9cb5388db87d982d/obligation:a239bad60441470f861e7916c7227657,escalation_required,§7.0 exact attached material root AND same-root governance Aaron escalation; else false,governance:97c6ac67e12c46c0b5d980545878f717,DEFINED
p1e1r4_1720ad8063854fcd9cb5388db87d982d/obligation:a239bad60441470f861e7916c7227657,unresolved_effect,§7.3 true only unresolved intent; otherwise false,,DEFINED
p1e1r4_1720ad8063854fcd9cb5388db87d982d/obligation:a239bad60441470f861e7916c7227657,material_conflict,§9 true only exact attached/conflict-only root; otherwise false,,DEFINED
p1e1r4_1720ad8063854fcd9cb5388db87d982d/obligation:a239bad60441470f861e7916c7227657,informational_only,"§7.0 obligation exact boolean, otherwise false",obligation:a239bad60441470f861e7916c7227657,DEFINED
p1e1r4_1720ad8063854fcd9cb5388db87d982d/obligation:a239bad60441470f861e7916c7227657,applicability,§4/§7 exact subject refs; intent no scoped evidence -> UNKNOWN; conflict §9.2,assertion:d9ca671b97704859bd4f8ba034340070|governance:97c6ac67e12c46c0b5d980545878f717,DEFINED
p1e1r4_1720ad8063854fcd9cb5388db87d982d/obligation:a239bad60441470f861e7916c7227657,freshness,§7.0 exact evidence closure; preserve known item dimensions through authority UNKNOWN; single case evidence source,evidence:487453929ded44cdacf7505314d8002d,DEFINED
p1e1r4_1720ad8063854fcd9cb5388db87d982d/obligation:a239bad60441470f861e7916c7227657,source_identity,§7.0 exact evidence closure; preserve known item dimensions through authority UNKNOWN; single case evidence source,evidence:487453929ded44cdacf7505314d8002d,DEFINED
p1e1r4_1720ad8063854fcd9cb5388db87d982d/obligation:a239bad60441470f861e7916c7227657,provenance_refs,§7.0 exact evidence closure; preserve known item dimensions through authority UNKNOWN; single case evidence source,evidence:487453929ded44cdacf7505314d8002d,DEFINED
p1e1r4_1720ad8063854fcd9cb5388db87d982d/obligation:a239bad60441470f861e7916c7227657,possible_duplicate_refs,§9 exact distinct unresolved identity link other-ref array; otherwise [],,DEFINED
p1e1r4_1720ad8063854fcd9cb5388db87d982d/decision_requirement:5304c81075b94529b3da9f2e81083444,id,§7.2 e1:<case>:decision:<exact payload>,decision_requirement:5304c81075b94529b3da9f2e81083444,DEFINED
p1e1r4_1720ad8063854fcd9cb5388db87d982d/decision_requirement:5304c81075b94529b3da9f2e81083444,principal_id,§5 exact AARON from case principal,p1e1r4_1720ad8063854fcd9cb5388db87d982d,DEFINED
p1e1r4_1720ad8063854fcd9cb5388db87d982d/decision_requirement:5304c81075b94529b3da9f2e81083444,objective_id,§6 exact objective namespace payload; §9.2 conflict subject objective,objective:f7acea9f560844f3a30b4d76881a1a71,DEFINED
p1e1r4_1720ad8063854fcd9cb5388db87d982d/decision_requirement:5304c81075b94529b3da9f2e81083444,obligation_id,§7 OMIT: not this root kind,,DEFINED
p1e1r4_1720ad8063854fcd9cb5388db87d982d/decision_requirement:5304c81075b94529b3da9f2e81083444,decision_requirement_id,§6/§7 exact typed-root payload,decision_requirement:5304c81075b94529b3da9f2e81083444,DEFINED
p1e1r4_1720ad8063854fcd9cb5388db87d982d/decision_requirement:5304c81075b94529b3da9f2e81083444,intent_id,§7 OMIT: not this root kind,,DEFINED
p1e1r4_1720ad8063854fcd9cb5388db87d982d/decision_requirement:5304c81075b94529b3da9f2e81083444,conflict_id,§9 OMIT: no attached conflict,,DEFINED
p1e1r4_1720ad8063854fcd9cb5388db87d982d/decision_requirement:5304c81075b94529b3da9f2e81083444,obligation_status,§7 OMIT,,DEFINED
p1e1r4_1720ad8063854fcd9cb5388db87d982d/decision_requirement:5304c81075b94529b3da9f2e81083444,obligation_owner,§7 OMIT,,DEFINED
p1e1r4_1720ad8063854fcd9cb5388db87d982d/decision_requirement:5304c81075b94529b3da9f2e81083444,concrete_action_remaining,§7 OMIT,,DEFINED
p1e1r4_1720ad8063854fcd9cb5388db87d982d/decision_requirement:5304c81075b94529b3da9f2e81083444,decision_status,"§7.2 exact decision + scoped history, never obligation cascade",decision_requirement:5304c81075b94529b3da9f2e81083444|event:5d5d45a33329417bae6814c7b69a5836,DEFINED
p1e1r4_1720ad8063854fcd9cb5388db87d982d/decision_requirement:5304c81075b94529b3da9f2e81083444,decision_maker_identity_id,"§7.2 exact decision + scoped history, never obligation cascade",decision_requirement:5304c81075b94529b3da9f2e81083444|event:5d5d45a33329417bae6814c7b69a5836,DEFINED
p1e1r4_1720ad8063854fcd9cb5388db87d982d/decision_requirement:5304c81075b94529b3da9f2e81083444,reserved_authority_class,§7/§8 OMIT: no reserved permission,,DEFINED
p1e1r4_1720ad8063854fcd9cb5388db87d982d/decision_requirement:5304c81075b94529b3da9f2e81083444,authority_holder_identity_id,§7/§8 OMIT: no reserved permission,,DEFINED
p1e1r4_1720ad8063854fcd9cb5388db87d982d/decision_requirement:5304c81075b94529b3da9f2e81083444,valid_delegation,§7/§8 OMIT: no reserved permission,,DEFINED
p1e1r4_1720ad8063854fcd9cb5388db87d982d/decision_requirement:5304c81075b94529b3da9f2e81083444,escalation_required,§7.0 exact attached material root AND same-root governance Aaron escalation; else false,,DEFINED
p1e1r4_1720ad8063854fcd9cb5388db87d982d/decision_requirement:5304c81075b94529b3da9f2e81083444,unresolved_effect,§7.3 true only unresolved intent; otherwise false,,DEFINED
p1e1r4_1720ad8063854fcd9cb5388db87d982d/decision_requirement:5304c81075b94529b3da9f2e81083444,material_conflict,§9 true only exact attached/conflict-only root; otherwise false,,DEFINED
p1e1r4_1720ad8063854fcd9cb5388db87d982d/decision_requirement:5304c81075b94529b3da9f2e81083444,informational_only,"§7.0 obligation exact boolean, otherwise false",,DEFINED
p1e1r4_1720ad8063854fcd9cb5388db87d982d/decision_requirement:5304c81075b94529b3da9f2e81083444,applicability,§4/§7 exact subject refs; intent no scoped evidence -> UNKNOWN; conflict §9.2,assertion:d9ca671b97704859bd4f8ba034340070,DEFINED
p1e1r4_1720ad8063854fcd9cb5388db87d982d/decision_requirement:5304c81075b94529b3da9f2e81083444,freshness,§7.0 exact evidence closure; preserve known item dimensions through authority UNKNOWN; single case evidence source,evidence:487453929ded44cdacf7505314d8002d,DEFINED
p1e1r4_1720ad8063854fcd9cb5388db87d982d/decision_requirement:5304c81075b94529b3da9f2e81083444,source_identity,§7.0 exact evidence closure; preserve known item dimensions through authority UNKNOWN; single case evidence source,evidence:487453929ded44cdacf7505314d8002d,DEFINED
p1e1r4_1720ad8063854fcd9cb5388db87d982d/decision_requirement:5304c81075b94529b3da9f2e81083444,provenance_refs,§7.0 exact evidence closure; preserve known item dimensions through authority UNKNOWN; single case evidence source,evidence:487453929ded44cdacf7505314d8002d,DEFINED
p1e1r4_1720ad8063854fcd9cb5388db87d982d/decision_requirement:5304c81075b94529b3da9f2e81083444,possible_duplicate_refs,§9 exact distinct unresolved identity link other-ref array; otherwise [],,DEFINED
p1e1r4_2746198707b748999b539d1723fd84a2/obligation:3090e728e7ac401b9cf202e888387506,id,§7.1 e1:<case>:obligation:<exact payload>,obligation:3090e728e7ac401b9cf202e888387506,DEFINED
p1e1r4_2746198707b748999b539d1723fd84a2/obligation:3090e728e7ac401b9cf202e888387506,principal_id,§5 exact AARON from case principal,p1e1r4_2746198707b748999b539d1723fd84a2,DEFINED
p1e1r4_2746198707b748999b539d1723fd84a2/obligation:3090e728e7ac401b9cf202e888387506,objective_id,§6 exact objective namespace payload; §9.2 conflict subject objective,objective:6f560bd25151494897ae08c7616f10ea,DEFINED
p1e1r4_2746198707b748999b539d1723fd84a2/obligation:3090e728e7ac401b9cf202e888387506,obligation_id,§6/§7 exact typed-root payload,obligation:3090e728e7ac401b9cf202e888387506,DEFINED
p1e1r4_2746198707b748999b539d1723fd84a2/obligation:3090e728e7ac401b9cf202e888387506,decision_requirement_id,§7 OMIT: not this root kind,,DEFINED
p1e1r4_2746198707b748999b539d1723fd84a2/obligation:3090e728e7ac401b9cf202e888387506,intent_id,§7 OMIT: not this root kind,,DEFINED
p1e1r4_2746198707b748999b539d1723fd84a2/obligation:3090e728e7ac401b9cf202e888387506,conflict_id,§9 OMIT: no attached conflict,,DEFINED
p1e1r4_2746198707b748999b539d1723fd84a2/obligation:3090e728e7ac401b9cf202e888387506,obligation_status,§7.1 exact obligation/governance plus exact-scoped lifecycle; action boolean AND concrete text AND not informational,obligation:3090e728e7ac401b9cf202e888387506|governance:ecb090db41844c8c811280dccfadeaeb|event:858b3ba032944bddadab5fe8c5c9f660,DEFINED
p1e1r4_2746198707b748999b539d1723fd84a2/obligation:3090e728e7ac401b9cf202e888387506,obligation_owner,§7.1 exact obligation/governance plus exact-scoped lifecycle; action boolean AND concrete text AND not informational,obligation:3090e728e7ac401b9cf202e888387506|governance:ecb090db41844c8c811280dccfadeaeb|event:858b3ba032944bddadab5fe8c5c9f660,DEFINED
p1e1r4_2746198707b748999b539d1723fd84a2/obligation:3090e728e7ac401b9cf202e888387506,concrete_action_remaining,§7.1 exact obligation/governance plus exact-scoped lifecycle; action boolean AND concrete text AND not informational,obligation:3090e728e7ac401b9cf202e888387506|governance:ecb090db41844c8c811280dccfadeaeb|event:858b3ba032944bddadab5fe8c5c9f660,DEFINED
p1e1r4_2746198707b748999b539d1723fd84a2/obligation:3090e728e7ac401b9cf202e888387506,decision_status,§7 OMIT,,DEFINED
p1e1r4_2746198707b748999b539d1723fd84a2/obligation:3090e728e7ac401b9cf202e888387506,decision_maker_identity_id,§7 OMIT,,DEFINED
p1e1r4_2746198707b748999b539d1723fd84a2/obligation:3090e728e7ac401b9cf202e888387506,reserved_authority_class,§8 exact permission/governance/decision + current authority validation; UNKNOWN holder and OMIT delegation on unknown authority,required_next_step:19453432d95e4006b1df090edffaf19c|authority_domain:c0babbab5e3e4d0e9d51ea8504284c64|iris:6e79ea6909d047f3939df00e652ec920|worker:5c00199edcbe412a800fea0081f12dc8|episode:d3399fd7d5634ad2a41529a6d0279114|authority_lease:aaf06c26d52049958fa079709c465f14|identity:7538f1dd5e0648798e9860fbc2cebca3,DEFINED
p1e1r4_2746198707b748999b539d1723fd84a2/obligation:3090e728e7ac401b9cf202e888387506,authority_holder_identity_id,§8 exact permission/governance/decision + current authority validation; UNKNOWN holder and OMIT delegation on unknown authority,required_next_step:19453432d95e4006b1df090edffaf19c|authority_domain:c0babbab5e3e4d0e9d51ea8504284c64|iris:6e79ea6909d047f3939df00e652ec920|worker:5c00199edcbe412a800fea0081f12dc8|episode:d3399fd7d5634ad2a41529a6d0279114|authority_lease:aaf06c26d52049958fa079709c465f14|identity:7538f1dd5e0648798e9860fbc2cebca3,DEFINED
p1e1r4_2746198707b748999b539d1723fd84a2/obligation:3090e728e7ac401b9cf202e888387506,valid_delegation,§8 exact permission/governance/decision + current authority validation; UNKNOWN holder and OMIT delegation on unknown authority,required_next_step:19453432d95e4006b1df090edffaf19c|authority_domain:c0babbab5e3e4d0e9d51ea8504284c64|iris:6e79ea6909d047f3939df00e652ec920|worker:5c00199edcbe412a800fea0081f12dc8|episode:d3399fd7d5634ad2a41529a6d0279114|authority_lease:aaf06c26d52049958fa079709c465f14|identity:7538f1dd5e0648798e9860fbc2cebca3,DEFINED
p1e1r4_2746198707b748999b539d1723fd84a2/obligation:3090e728e7ac401b9cf202e888387506,escalation_required,§7.0 exact attached material root AND same-root governance Aaron escalation; else false,governance:ecb090db41844c8c811280dccfadeaeb,DEFINED
p1e1r4_2746198707b748999b539d1723fd84a2/obligation:3090e728e7ac401b9cf202e888387506,unresolved_effect,§7.3 true only unresolved intent; otherwise false,,DEFINED
p1e1r4_2746198707b748999b539d1723fd84a2/obligation:3090e728e7ac401b9cf202e888387506,material_conflict,§9 true only exact attached/conflict-only root; otherwise false,,DEFINED
p1e1r4_2746198707b748999b539d1723fd84a2/obligation:3090e728e7ac401b9cf202e888387506,informational_only,"§7.0 obligation exact boolean, otherwise false",obligation:3090e728e7ac401b9cf202e888387506,DEFINED
p1e1r4_2746198707b748999b539d1723fd84a2/obligation:3090e728e7ac401b9cf202e888387506,applicability,§4/§7 exact subject refs; intent no scoped evidence -> UNKNOWN; conflict §9.2,assertion:8c194bebdbb64bee8a3d907478a5aa25|governance:ecb090db41844c8c811280dccfadeaeb,DEFINED
p1e1r4_2746198707b748999b539d1723fd84a2/obligation:3090e728e7ac401b9cf202e888387506,freshness,§7.0 exact evidence closure; preserve known item dimensions through authority UNKNOWN; single case evidence source,evidence:2c089574d7244a019f26cadb67d7d3f0,DEFINED
p1e1r4_2746198707b748999b539d1723fd84a2/obligation:3090e728e7ac401b9cf202e888387506,source_identity,§7.0 exact evidence closure; preserve known item dimensions through authority UNKNOWN; single case evidence source,evidence:2c089574d7244a019f26cadb67d7d3f0,DEFINED
p1e1r4_2746198707b748999b539d1723fd84a2/obligation:3090e728e7ac401b9cf202e888387506,provenance_refs,§7.0 exact evidence closure; preserve known item dimensions through authority UNKNOWN; single case evidence source,evidence:2c089574d7244a019f26cadb67d7d3f0,DEFINED
p1e1r4_2746198707b748999b539d1723fd84a2/obligation:3090e728e7ac401b9cf202e888387506,possible_duplicate_refs,§9 exact distinct unresolved identity link other-ref array; otherwise [],,DEFINED
p1e1r4_2746198707b748999b539d1723fd84a2/decision_requirement:f2239db242724bada10fd6c5d1a29dff,id,§7.2 e1:<case>:decision:<exact payload>,decision_requirement:f2239db242724bada10fd6c5d1a29dff,DEFINED
p1e1r4_2746198707b748999b539d1723fd84a2/decision_requirement:f2239db242724bada10fd6c5d1a29dff,principal_id,§5 exact AARON from case principal,p1e1r4_2746198707b748999b539d1723fd84a2,DEFINED
p1e1r4_2746198707b748999b539d1723fd84a2/decision_requirement:f2239db242724bada10fd6c5d1a29dff,objective_id,§6 exact objective namespace payload; §9.2 conflict subject objective,objective:6f560bd25151494897ae08c7616f10ea,DEFINED
p1e1r4_2746198707b748999b539d1723fd84a2/decision_requirement:f2239db242724bada10fd6c5d1a29dff,obligation_id,§7 OMIT: not this root kind,,DEFINED
p1e1r4_2746198707b748999b539d1723fd84a2/decision_requirement:f2239db242724bada10fd6c5d1a29dff,decision_requirement_id,§6/§7 exact typed-root payload,decision_requirement:f2239db242724bada10fd6c5d1a29dff,DEFINED
p1e1r4_2746198707b748999b539d1723fd84a2/decision_requirement:f2239db242724bada10fd6c5d1a29dff,intent_id,§7 OMIT: not this root kind,,DEFINED
p1e1r4_2746198707b748999b539d1723fd84a2/decision_requirement:f2239db242724bada10fd6c5d1a29dff,conflict_id,§9 OMIT: no attached conflict,,DEFINED
p1e1r4_2746198707b748999b539d1723fd84a2/decision_requirement:f2239db242724bada10fd6c5d1a29dff,obligation_status,§7 OMIT,,DEFINED
p1e1r4_2746198707b748999b539d1723fd84a2/decision_requirement:f2239db242724bada10fd6c5d1a29dff,obligation_owner,§7 OMIT,,DEFINED
p1e1r4_2746198707b748999b539d1723fd84a2/decision_requirement:f2239db242724bada10fd6c5d1a29dff,concrete_action_remaining,§7 OMIT,,DEFINED
p1e1r4_2746198707b748999b539d1723fd84a2/decision_requirement:f2239db242724bada10fd6c5d1a29dff,decision_status,"§7.2 exact decision + scoped history, never obligation cascade",decision_requirement:f2239db242724bada10fd6c5d1a29dff|event:858b3ba032944bddadab5fe8c5c9f660,DEFINED
p1e1r4_2746198707b748999b539d1723fd84a2/decision_requirement:f2239db242724bada10fd6c5d1a29dff,decision_maker_identity_id,"§7.2 exact decision + scoped history, never obligation cascade",decision_requirement:f2239db242724bada10fd6c5d1a29dff|event:858b3ba032944bddadab5fe8c5c9f660,DEFINED
p1e1r4_2746198707b748999b539d1723fd84a2/decision_requirement:f2239db242724bada10fd6c5d1a29dff,reserved_authority_class,§8 exact permission/governance/decision + current authority validation; UNKNOWN holder and OMIT delegation on unknown authority,required_next_step:19453432d95e4006b1df090edffaf19c|authority_domain:c0babbab5e3e4d0e9d51ea8504284c64|iris:6e79ea6909d047f3939df00e652ec920|worker:5c00199edcbe412a800fea0081f12dc8|episode:d3399fd7d5634ad2a41529a6d0279114|authority_lease:aaf06c26d52049958fa079709c465f14|identity:7538f1dd5e0648798e9860fbc2cebca3,DEFINED
p1e1r4_2746198707b748999b539d1723fd84a2/decision_requirement:f2239db242724bada10fd6c5d1a29dff,authority_holder_identity_id,§8 exact permission/governance/decision + current authority validation; UNKNOWN holder and OMIT delegation on unknown authority,required_next_step:19453432d95e4006b1df090edffaf19c|authority_domain:c0babbab5e3e4d0e9d51ea8504284c64|iris:6e79ea6909d047f3939df00e652ec920|worker:5c00199edcbe412a800fea0081f12dc8|episode:d3399fd7d5634ad2a41529a6d0279114|authority_lease:aaf06c26d52049958fa079709c465f14|identity:7538f1dd5e0648798e9860fbc2cebca3,DEFINED
p1e1r4_2746198707b748999b539d1723fd84a2/decision_requirement:f2239db242724bada10fd6c5d1a29dff,valid_delegation,§8 exact permission/governance/decision + current authority validation; UNKNOWN holder and OMIT delegation on unknown authority,required_next_step:19453432d95e4006b1df090edffaf19c|authority_domain:c0babbab5e3e4d0e9d51ea8504284c64|iris:6e79ea6909d047f3939df00e652ec920|worker:5c00199edcbe412a800fea0081f12dc8|episode:d3399fd7d5634ad2a41529a6d0279114|authority_lease:aaf06c26d52049958fa079709c465f14|identity:7538f1dd5e0648798e9860fbc2cebca3,DEFINED
p1e1r4_2746198707b748999b539d1723fd84a2/decision_requirement:f2239db242724bada10fd6c5d1a29dff,escalation_required,§7.0 exact attached material root AND same-root governance Aaron escalation; else false,,DEFINED
p1e1r4_2746198707b748999b539d1723fd84a2/decision_requirement:f2239db242724bada10fd6c5d1a29dff,unresolved_effect,§7.3 true only unresolved intent; otherwise false,,DEFINED
p1e1r4_2746198707b748999b539d1723fd84a2/decision_requirement:f2239db242724bada10fd6c5d1a29dff,material_conflict,§9 true only exact attached/conflict-only root; otherwise false,,DEFINED
p1e1r4_2746198707b748999b539d1723fd84a2/decision_requirement:f2239db242724bada10fd6c5d1a29dff,informational_only,"§7.0 obligation exact boolean, otherwise false",,DEFINED
p1e1r4_2746198707b748999b539d1723fd84a2/decision_requirement:f2239db242724bada10fd6c5d1a29dff,applicability,§4/§7 exact subject refs; intent no scoped evidence -> UNKNOWN; conflict §9.2,assertion:8c194bebdbb64bee8a3d907478a5aa25,DEFINED
p1e1r4_2746198707b748999b539d1723fd84a2/decision_requirement:f2239db242724bada10fd6c5d1a29dff,freshness,§7.0 exact evidence closure; preserve known item dimensions through authority UNKNOWN; single case evidence source,evidence:2c089574d7244a019f26cadb67d7d3f0,DEFINED
p1e1r4_2746198707b748999b539d1723fd84a2/decision_requirement:f2239db242724bada10fd6c5d1a29dff,source_identity,§7.0 exact evidence closure; preserve known item dimensions through authority UNKNOWN; single case evidence source,evidence:2c089574d7244a019f26cadb67d7d3f0,DEFINED
p1e1r4_2746198707b748999b539d1723fd84a2/decision_requirement:f2239db242724bada10fd6c5d1a29dff,provenance_refs,§7.0 exact evidence closure; preserve known item dimensions through authority UNKNOWN; single case evidence source,evidence:2c089574d7244a019f26cadb67d7d3f0,DEFINED
p1e1r4_2746198707b748999b539d1723fd84a2/decision_requirement:f2239db242724bada10fd6c5d1a29dff,possible_duplicate_refs,§9 exact distinct unresolved identity link other-ref array; otherwise [],,DEFINED
p1e1r4_2b75131e44224cd98957c79b899fb168/obligation:3a2c46613df543cc921ca5a1630832ea,id,§7.1 e1:<case>:obligation:<exact payload>,obligation:3a2c46613df543cc921ca5a1630832ea,DEFINED
p1e1r4_2b75131e44224cd98957c79b899fb168/obligation:3a2c46613df543cc921ca5a1630832ea,principal_id,§5 exact AARON from case principal,p1e1r4_2b75131e44224cd98957c79b899fb168,DEFINED
p1e1r4_2b75131e44224cd98957c79b899fb168/obligation:3a2c46613df543cc921ca5a1630832ea,objective_id,§6 exact objective namespace payload; §9.2 conflict subject objective,objective:664f71ae2fd04d679507f4a28d5520bc,DEFINED
p1e1r4_2b75131e44224cd98957c79b899fb168/obligation:3a2c46613df543cc921ca5a1630832ea,obligation_id,§6/§7 exact typed-root payload,obligation:3a2c46613df543cc921ca5a1630832ea,DEFINED
p1e1r4_2b75131e44224cd98957c79b899fb168/obligation:3a2c46613df543cc921ca5a1630832ea,decision_requirement_id,§7 OMIT: not this root kind,,DEFINED
p1e1r4_2b75131e44224cd98957c79b899fb168/obligation:3a2c46613df543cc921ca5a1630832ea,intent_id,§7 OMIT: not this root kind,,DEFINED
p1e1r4_2b75131e44224cd98957c79b899fb168/obligation:3a2c46613df543cc921ca5a1630832ea,conflict_id,§9 OMIT: no attached conflict,,DEFINED
p1e1r4_2b75131e44224cd98957c79b899fb168/obligation:3a2c46613df543cc921ca5a1630832ea,obligation_status,§7.1 exact obligation/governance plus exact-scoped lifecycle; action boolean AND concrete text AND not informational,obligation:3a2c46613df543cc921ca5a1630832ea|governance:14c40219bb6d403c8b32f85be0c8ba73|event:86958c25a6764728b8ee719540e162d7,DEFINED
p1e1r4_2b75131e44224cd98957c79b899fb168/obligation:3a2c46613df543cc921ca5a1630832ea,obligation_owner,§7.1 exact obligation/governance plus exact-scoped lifecycle; action boolean AND concrete text AND not informational,obligation:3a2c46613df543cc921ca5a1630832ea|governance:14c40219bb6d403c8b32f85be0c8ba73|event:86958c25a6764728b8ee719540e162d7,DEFINED
p1e1r4_2b75131e44224cd98957c79b899fb168/obligation:3a2c46613df543cc921ca5a1630832ea,concrete_action_remaining,§7.1 exact obligation/governance plus exact-scoped lifecycle; action boolean AND concrete text AND not informational,obligation:3a2c46613df543cc921ca5a1630832ea|governance:14c40219bb6d403c8b32f85be0c8ba73|event:86958c25a6764728b8ee719540e162d7,DEFINED
p1e1r4_2b75131e44224cd98957c79b899fb168/obligation:3a2c46613df543cc921ca5a1630832ea,decision_status,§7 OMIT,,DEFINED
p1e1r4_2b75131e44224cd98957c79b899fb168/obligation:3a2c46613df543cc921ca5a1630832ea,decision_maker_identity_id,§7 OMIT,,DEFINED
p1e1r4_2b75131e44224cd98957c79b899fb168/obligation:3a2c46613df543cc921ca5a1630832ea,reserved_authority_class,§7/§8 OMIT: no reserved permission,,DEFINED
p1e1r4_2b75131e44224cd98957c79b899fb168/obligation:3a2c46613df543cc921ca5a1630832ea,authority_holder_identity_id,§7/§8 OMIT: no reserved permission,,DEFINED
p1e1r4_2b75131e44224cd98957c79b899fb168/obligation:3a2c46613df543cc921ca5a1630832ea,valid_delegation,§7/§8 OMIT: no reserved permission,,DEFINED
p1e1r4_2b75131e44224cd98957c79b899fb168/obligation:3a2c46613df543cc921ca5a1630832ea,escalation_required,§7.0 exact attached material root AND same-root governance Aaron escalation; else false,governance:14c40219bb6d403c8b32f85be0c8ba73,DEFINED
p1e1r4_2b75131e44224cd98957c79b899fb168/obligation:3a2c46613df543cc921ca5a1630832ea,unresolved_effect,§7.3 true only unresolved intent; otherwise false,,DEFINED
p1e1r4_2b75131e44224cd98957c79b899fb168/obligation:3a2c46613df543cc921ca5a1630832ea,material_conflict,§9 true only exact attached/conflict-only root; otherwise false,,DEFINED
p1e1r4_2b75131e44224cd98957c79b899fb168/obligation:3a2c46613df543cc921ca5a1630832ea,informational_only,"§7.0 obligation exact boolean, otherwise false",obligation:3a2c46613df543cc921ca5a1630832ea,DEFINED
p1e1r4_2b75131e44224cd98957c79b899fb168/obligation:3a2c46613df543cc921ca5a1630832ea,applicability,§4/§7 exact subject refs; intent no scoped evidence -> UNKNOWN; conflict §9.2,assertion:9b67b485da274930a337b7ae84949425|governance:14c40219bb6d403c8b32f85be0c8ba73,DEFINED
p1e1r4_2b75131e44224cd98957c79b899fb168/obligation:3a2c46613df543cc921ca5a1630832ea,freshness,§7.0 exact evidence closure; preserve known item dimensions through authority UNKNOWN; single case evidence source,evidence:1401906f244a4c46820ded1f2ce463c3,DEFINED
p1e1r4_2b75131e44224cd98957c79b899fb168/obligation:3a2c46613df543cc921ca5a1630832ea,source_identity,§7.0 exact evidence closure; preserve known item dimensions through authority UNKNOWN; single case evidence source,evidence:1401906f244a4c46820ded1f2ce463c3,DEFINED
p1e1r4_2b75131e44224cd98957c79b899fb168/obligation:3a2c46613df543cc921ca5a1630832ea,provenance_refs,§7.0 exact evidence closure; preserve known item dimensions through authority UNKNOWN; single case evidence source,evidence:1401906f244a4c46820ded1f2ce463c3,DEFINED
p1e1r4_2b75131e44224cd98957c79b899fb168/obligation:3a2c46613df543cc921ca5a1630832ea,possible_duplicate_refs,§9 exact distinct unresolved identity link other-ref array; otherwise [],,DEFINED
p1e1r4_2b75131e44224cd98957c79b899fb168/decision_requirement:d88d6b9696ff447f8592e64eec3bb725,id,§7.2 e1:<case>:decision:<exact payload>,decision_requirement:d88d6b9696ff447f8592e64eec3bb725,DEFINED
p1e1r4_2b75131e44224cd98957c79b899fb168/decision_requirement:d88d6b9696ff447f8592e64eec3bb725,principal_id,§5 exact AARON from case principal,p1e1r4_2b75131e44224cd98957c79b899fb168,DEFINED
p1e1r4_2b75131e44224cd98957c79b899fb168/decision_requirement:d88d6b9696ff447f8592e64eec3bb725,objective_id,§6 exact objective namespace payload; §9.2 conflict subject objective,objective:664f71ae2fd04d679507f4a28d5520bc,DEFINED
p1e1r4_2b75131e44224cd98957c79b899fb168/decision_requirement:d88d6b9696ff447f8592e64eec3bb725,obligation_id,§7 OMIT: not this root kind,,DEFINED
p1e1r4_2b75131e44224cd98957c79b899fb168/decision_requirement:d88d6b9696ff447f8592e64eec3bb725,decision_requirement_id,§6/§7 exact typed-root payload,decision_requirement:d88d6b9696ff447f8592e64eec3bb725,DEFINED
p1e1r4_2b75131e44224cd98957c79b899fb168/decision_requirement:d88d6b9696ff447f8592e64eec3bb725,intent_id,§7 OMIT: not this root kind,,DEFINED
p1e1r4_2b75131e44224cd98957c79b899fb168/decision_requirement:d88d6b9696ff447f8592e64eec3bb725,conflict_id,§9 OMIT: no attached conflict,,DEFINED
p1e1r4_2b75131e44224cd98957c79b899fb168/decision_requirement:d88d6b9696ff447f8592e64eec3bb725,obligation_status,§7 OMIT,,DEFINED
p1e1r4_2b75131e44224cd98957c79b899fb168/decision_requirement:d88d6b9696ff447f8592e64eec3bb725,obligation_owner,§7 OMIT,,DEFINED
p1e1r4_2b75131e44224cd98957c79b899fb168/decision_requirement:d88d6b9696ff447f8592e64eec3bb725,concrete_action_remaining,§7 OMIT,,DEFINED
p1e1r4_2b75131e44224cd98957c79b899fb168/decision_requirement:d88d6b9696ff447f8592e64eec3bb725,decision_status,"§7.2 exact decision + scoped history, never obligation cascade",decision_requirement:d88d6b9696ff447f8592e64eec3bb725|event:86958c25a6764728b8ee719540e162d7,DEFINED
p1e1r4_2b75131e44224cd98957c79b899fb168/decision_requirement:d88d6b9696ff447f8592e64eec3bb725,decision_maker_identity_id,"§7.2 exact decision + scoped history, never obligation cascade",decision_requirement:d88d6b9696ff447f8592e64eec3bb725|event:86958c25a6764728b8ee719540e162d7,DEFINED
p1e1r4_2b75131e44224cd98957c79b899fb168/decision_requirement:d88d6b9696ff447f8592e64eec3bb725,reserved_authority_class,§7/§8 OMIT: no reserved permission,,DEFINED
p1e1r4_2b75131e44224cd98957c79b899fb168/decision_requirement:d88d6b9696ff447f8592e64eec3bb725,authority_holder_identity_id,§7/§8 OMIT: no reserved permission,,DEFINED
p1e1r4_2b75131e44224cd98957c79b899fb168/decision_requirement:d88d6b9696ff447f8592e64eec3bb725,valid_delegation,§7/§8 OMIT: no reserved permission,,DEFINED
p1e1r4_2b75131e44224cd98957c79b899fb168/decision_requirement:d88d6b9696ff447f8592e64eec3bb725,escalation_required,§7.0 exact attached material root AND same-root governance Aaron escalation; else false,,DEFINED
p1e1r4_2b75131e44224cd98957c79b899fb168/decision_requirement:d88d6b9696ff447f8592e64eec3bb725,unresolved_effect,§7.3 true only unresolved intent; otherwise false,,DEFINED
p1e1r4_2b75131e44224cd98957c79b899fb168/decision_requirement:d88d6b9696ff447f8592e64eec3bb725,material_conflict,§9 true only exact attached/conflict-only root; otherwise false,,DEFINED
p1e1r4_2b75131e44224cd98957c79b899fb168/decision_requirement:d88d6b9696ff447f8592e64eec3bb725,informational_only,"§7.0 obligation exact boolean, otherwise false",,DEFINED
p1e1r4_2b75131e44224cd98957c79b899fb168/decision_requirement:d88d6b9696ff447f8592e64eec3bb725,applicability,§4/§7 exact subject refs; intent no scoped evidence -> UNKNOWN; conflict §9.2,assertion:9b67b485da274930a337b7ae84949425,DEFINED
p1e1r4_2b75131e44224cd98957c79b899fb168/decision_requirement:d88d6b9696ff447f8592e64eec3bb725,freshness,§7.0 exact evidence closure; preserve known item dimensions through authority UNKNOWN; single case evidence source,evidence:1401906f244a4c46820ded1f2ce463c3,DEFINED
p1e1r4_2b75131e44224cd98957c79b899fb168/decision_requirement:d88d6b9696ff447f8592e64eec3bb725,source_identity,§7.0 exact evidence closure; preserve known item dimensions through authority UNKNOWN; single case evidence source,evidence:1401906f244a4c46820ded1f2ce463c3,DEFINED
p1e1r4_2b75131e44224cd98957c79b899fb168/decision_requirement:d88d6b9696ff447f8592e64eec3bb725,provenance_refs,§7.0 exact evidence closure; preserve known item dimensions through authority UNKNOWN; single case evidence source,evidence:1401906f244a4c46820ded1f2ce463c3,DEFINED
p1e1r4_2b75131e44224cd98957c79b899fb168/decision_requirement:d88d6b9696ff447f8592e64eec3bb725,possible_duplicate_refs,§9 exact distinct unresolved identity link other-ref array; otherwise [],,DEFINED
p1e1r4_2e5f0efaa1c54ab3b9121139cc69c1f3/obligation:402db57937ad4c5a8f57337975045fe6,id,§7.1 e1:<case>:obligation:<exact payload>,obligation:402db57937ad4c5a8f57337975045fe6,DEFINED
p1e1r4_2e5f0efaa1c54ab3b9121139cc69c1f3/obligation:402db57937ad4c5a8f57337975045fe6,principal_id,§5 exact AARON from case principal,p1e1r4_2e5f0efaa1c54ab3b9121139cc69c1f3,DEFINED
p1e1r4_2e5f0efaa1c54ab3b9121139cc69c1f3/obligation:402db57937ad4c5a8f57337975045fe6,objective_id,§6 exact objective namespace payload; §9.2 conflict subject objective,objective:136b17d827424164875a0c909ca679d6,DEFINED
p1e1r4_2e5f0efaa1c54ab3b9121139cc69c1f3/obligation:402db57937ad4c5a8f57337975045fe6,obligation_id,§6/§7 exact typed-root payload,obligation:402db57937ad4c5a8f57337975045fe6,DEFINED
p1e1r4_2e5f0efaa1c54ab3b9121139cc69c1f3/obligation:402db57937ad4c5a8f57337975045fe6,decision_requirement_id,§7 OMIT: not this root kind,,DEFINED
p1e1r4_2e5f0efaa1c54ab3b9121139cc69c1f3/obligation:402db57937ad4c5a8f57337975045fe6,intent_id,§7 OMIT: not this root kind,,DEFINED
p1e1r4_2e5f0efaa1c54ab3b9121139cc69c1f3/obligation:402db57937ad4c5a8f57337975045fe6,conflict_id,§9 OMIT: no attached conflict,,DEFINED
p1e1r4_2e5f0efaa1c54ab3b9121139cc69c1f3/obligation:402db57937ad4c5a8f57337975045fe6,obligation_status,§7.1 exact obligation/governance plus exact-scoped lifecycle; action boolean AND concrete text AND not informational,obligation:402db57937ad4c5a8f57337975045fe6|governance:96b193a72be948bf884186e80438f14d|event:726fa17d2dd64a30a300a48e2bf9fd9f|lifecycle_event:30b52c38422c42f1a07d2ff55f5091d5,DEFINED
p1e1r4_2e5f0efaa1c54ab3b9121139cc69c1f3/obligation:402db57937ad4c5a8f57337975045fe6,obligation_owner,§7.1 exact obligation/governance plus exact-scoped lifecycle; action boolean AND concrete text AND not informational,obligation:402db57937ad4c5a8f57337975045fe6|governance:96b193a72be948bf884186e80438f14d|event:726fa17d2dd64a30a300a48e2bf9fd9f|lifecycle_event:30b52c38422c42f1a07d2ff55f5091d5,DEFINED
p1e1r4_2e5f0efaa1c54ab3b9121139cc69c1f3/obligation:402db57937ad4c5a8f57337975045fe6,concrete_action_remaining,§7.1 exact obligation/governance plus exact-scoped lifecycle; action boolean AND concrete text AND not informational,obligation:402db57937ad4c5a8f57337975045fe6|governance:96b193a72be948bf884186e80438f14d|event:726fa17d2dd64a30a300a48e2bf9fd9f|lifecycle_event:30b52c38422c42f1a07d2ff55f5091d5,DEFINED
p1e1r4_2e5f0efaa1c54ab3b9121139cc69c1f3/obligation:402db57937ad4c5a8f57337975045fe6,decision_status,§7 OMIT,,DEFINED
p1e1r4_2e5f0efaa1c54ab3b9121139cc69c1f3/obligation:402db57937ad4c5a8f57337975045fe6,decision_maker_identity_id,§7 OMIT,,DEFINED
p1e1r4_2e5f0efaa1c54ab3b9121139cc69c1f3/obligation:402db57937ad4c5a8f57337975045fe6,reserved_authority_class,§7/§8 OMIT: no reserved permission,,DEFINED
p1e1r4_2e5f0efaa1c54ab3b9121139cc69c1f3/obligation:402db57937ad4c5a8f57337975045fe6,authority_holder_identity_id,§7/§8 OMIT: no reserved permission,,DEFINED
p1e1r4_2e5f0efaa1c54ab3b9121139cc69c1f3/obligation:402db57937ad4c5a8f57337975045fe6,valid_delegation,§7/§8 OMIT: no reserved permission,,DEFINED
p1e1r4_2e5f0efaa1c54ab3b9121139cc69c1f3/obligation:402db57937ad4c5a8f57337975045fe6,escalation_required,§7.0 exact attached material root AND same-root governance Aaron escalation; else false,governance:96b193a72be948bf884186e80438f14d,DEFINED
p1e1r4_2e5f0efaa1c54ab3b9121139cc69c1f3/obligation:402db57937ad4c5a8f57337975045fe6,unresolved_effect,§7.3 true only unresolved intent; otherwise false,,DEFINED
p1e1r4_2e5f0efaa1c54ab3b9121139cc69c1f3/obligation:402db57937ad4c5a8f57337975045fe6,material_conflict,§9 true only exact attached/conflict-only root; otherwise false,,DEFINED
p1e1r4_2e5f0efaa1c54ab3b9121139cc69c1f3/obligation:402db57937ad4c5a8f57337975045fe6,informational_only,"§7.0 obligation exact boolean, otherwise false",obligation:402db57937ad4c5a8f57337975045fe6,DEFINED
p1e1r4_2e5f0efaa1c54ab3b9121139cc69c1f3/obligation:402db57937ad4c5a8f57337975045fe6,applicability,§4/§7 exact subject refs; intent no scoped evidence -> UNKNOWN; conflict §9.2,assertion:a1fa205e57084c4b9bd575a0edede485|governance:96b193a72be948bf884186e80438f14d,DEFINED
p1e1r4_2e5f0efaa1c54ab3b9121139cc69c1f3/obligation:402db57937ad4c5a8f57337975045fe6,freshness,§7.0 exact evidence closure; preserve known item dimensions through authority UNKNOWN; single case evidence source,evidence:2733993ef31d492091b845c01a01982d,DEFINED
p1e1r4_2e5f0efaa1c54ab3b9121139cc69c1f3/obligation:402db57937ad4c5a8f57337975045fe6,source_identity,§7.0 exact evidence closure; preserve known item dimensions through authority UNKNOWN; single case evidence source,evidence:2733993ef31d492091b845c01a01982d,DEFINED
p1e1r4_2e5f0efaa1c54ab3b9121139cc69c1f3/obligation:402db57937ad4c5a8f57337975045fe6,provenance_refs,§7.0 exact evidence closure; preserve known item dimensions through authority UNKNOWN; single case evidence source,evidence:2733993ef31d492091b845c01a01982d,DEFINED
p1e1r4_2e5f0efaa1c54ab3b9121139cc69c1f3/obligation:402db57937ad4c5a8f57337975045fe6,possible_duplicate_refs,§9 exact distinct unresolved identity link other-ref array; otherwise [],,DEFINED
p1e1r4_2e5f0efaa1c54ab3b9121139cc69c1f3/decision_requirement:cada6a79a0744c30b6330dc58310a8fb,id,§7.2 e1:<case>:decision:<exact payload>,decision_requirement:cada6a79a0744c30b6330dc58310a8fb,DEFINED
p1e1r4_2e5f0efaa1c54ab3b9121139cc69c1f3/decision_requirement:cada6a79a0744c30b6330dc58310a8fb,principal_id,§5 exact AARON from case principal,p1e1r4_2e5f0efaa1c54ab3b9121139cc69c1f3,DEFINED
p1e1r4_2e5f0efaa1c54ab3b9121139cc69c1f3/decision_requirement:cada6a79a0744c30b6330dc58310a8fb,objective_id,§6 exact objective namespace payload; §9.2 conflict subject objective,objective:136b17d827424164875a0c909ca679d6,DEFINED
p1e1r4_2e5f0efaa1c54ab3b9121139cc69c1f3/decision_requirement:cada6a79a0744c30b6330dc58310a8fb,obligation_id,§7 OMIT: not this root kind,,DEFINED
p1e1r4_2e5f0efaa1c54ab3b9121139cc69c1f3/decision_requirement:cada6a79a0744c30b6330dc58310a8fb,decision_requirement_id,§6/§7 exact typed-root payload,decision_requirement:cada6a79a0744c30b6330dc58310a8fb,DEFINED
p1e1r4_2e5f0efaa1c54ab3b9121139cc69c1f3/decision_requirement:cada6a79a0744c30b6330dc58310a8fb,intent_id,§7 OMIT: not this root kind,,DEFINED
p1e1r4_2e5f0efaa1c54ab3b9121139cc69c1f3/decision_requirement:cada6a79a0744c30b6330dc58310a8fb,conflict_id,§9 OMIT: no attached conflict,,DEFINED
p1e1r4_2e5f0efaa1c54ab3b9121139cc69c1f3/decision_requirement:cada6a79a0744c30b6330dc58310a8fb,obligation_status,§7 OMIT,,DEFINED
p1e1r4_2e5f0efaa1c54ab3b9121139cc69c1f3/decision_requirement:cada6a79a0744c30b6330dc58310a8fb,obligation_owner,§7 OMIT,,DEFINED
p1e1r4_2e5f0efaa1c54ab3b9121139cc69c1f3/decision_requirement:cada6a79a0744c30b6330dc58310a8fb,concrete_action_remaining,§7 OMIT,,DEFINED
p1e1r4_2e5f0efaa1c54ab3b9121139cc69c1f3/decision_requirement:cada6a79a0744c30b6330dc58310a8fb,decision_status,"§7.2 exact decision + scoped history, never obligation cascade",decision_requirement:cada6a79a0744c30b6330dc58310a8fb|event:726fa17d2dd64a30a300a48e2bf9fd9f,DEFINED
p1e1r4_2e5f0efaa1c54ab3b9121139cc69c1f3/decision_requirement:cada6a79a0744c30b6330dc58310a8fb,decision_maker_identity_id,"§7.2 exact decision + scoped history, never obligation cascade",decision_requirement:cada6a79a0744c30b6330dc58310a8fb|event:726fa17d2dd64a30a300a48e2bf9fd9f,DEFINED
p1e1r4_2e5f0efaa1c54ab3b9121139cc69c1f3/decision_requirement:cada6a79a0744c30b6330dc58310a8fb,reserved_authority_class,§7/§8 OMIT: no reserved permission,,DEFINED
p1e1r4_2e5f0efaa1c54ab3b9121139cc69c1f3/decision_requirement:cada6a79a0744c30b6330dc58310a8fb,authority_holder_identity_id,§7/§8 OMIT: no reserved permission,,DEFINED
p1e1r4_2e5f0efaa1c54ab3b9121139cc69c1f3/decision_requirement:cada6a79a0744c30b6330dc58310a8fb,valid_delegation,§7/§8 OMIT: no reserved permission,,DEFINED
p1e1r4_2e5f0efaa1c54ab3b9121139cc69c1f3/decision_requirement:cada6a79a0744c30b6330dc58310a8fb,escalation_required,§7.0 exact attached material root AND same-root governance Aaron escalation; else false,,DEFINED
p1e1r4_2e5f0efaa1c54ab3b9121139cc69c1f3/decision_requirement:cada6a79a0744c30b6330dc58310a8fb,unresolved_effect,§7.3 true only unresolved intent; otherwise false,,DEFINED
p1e1r4_2e5f0efaa1c54ab3b9121139cc69c1f3/decision_requirement:cada6a79a0744c30b6330dc58310a8fb,material_conflict,§9 true only exact attached/conflict-only root; otherwise false,,DEFINED
p1e1r4_2e5f0efaa1c54ab3b9121139cc69c1f3/decision_requirement:cada6a79a0744c30b6330dc58310a8fb,informational_only,"§7.0 obligation exact boolean, otherwise false",,DEFINED
p1e1r4_2e5f0efaa1c54ab3b9121139cc69c1f3/decision_requirement:cada6a79a0744c30b6330dc58310a8fb,applicability,§4/§7 exact subject refs; intent no scoped evidence -> UNKNOWN; conflict §9.2,assertion:a1fa205e57084c4b9bd575a0edede485|applicability_assertion:124dae88423347d9b3e843d7555ca17f,DEFINED
p1e1r4_2e5f0efaa1c54ab3b9121139cc69c1f3/decision_requirement:cada6a79a0744c30b6330dc58310a8fb,freshness,§7.0 exact evidence closure; preserve known item dimensions through authority UNKNOWN; single case evidence source,evidence:2733993ef31d492091b845c01a01982d,DEFINED
p1e1r4_2e5f0efaa1c54ab3b9121139cc69c1f3/decision_requirement:cada6a79a0744c30b6330dc58310a8fb,source_identity,§7.0 exact evidence closure; preserve known item dimensions through authority UNKNOWN; single case evidence source,evidence:2733993ef31d492091b845c01a01982d,DEFINED
p1e1r4_2e5f0efaa1c54ab3b9121139cc69c1f3/decision_requirement:cada6a79a0744c30b6330dc58310a8fb,provenance_refs,§7.0 exact evidence closure; preserve known item dimensions through authority UNKNOWN; single case evidence source,evidence:2733993ef31d492091b845c01a01982d,DEFINED
p1e1r4_2e5f0efaa1c54ab3b9121139cc69c1f3/decision_requirement:cada6a79a0744c30b6330dc58310a8fb,possible_duplicate_refs,§9 exact distinct unresolved identity link other-ref array; otherwise [],,DEFINED
p1e1r4_2ffd4e9ef2b1481c880a9acd16256f39/obligation:f0006f0892854e89b9b30091c8c65487,id,§7.1 e1:<case>:obligation:<exact payload>,obligation:f0006f0892854e89b9b30091c8c65487,DEFINED
p1e1r4_2ffd4e9ef2b1481c880a9acd16256f39/obligation:f0006f0892854e89b9b30091c8c65487,principal_id,§5 exact AARON from case principal,p1e1r4_2ffd4e9ef2b1481c880a9acd16256f39,DEFINED
p1e1r4_2ffd4e9ef2b1481c880a9acd16256f39/obligation:f0006f0892854e89b9b30091c8c65487,objective_id,§6 exact objective namespace payload; §9.2 conflict subject objective,objective:66a062f104a24466a0c2e4d8510cf87f,DEFINED
p1e1r4_2ffd4e9ef2b1481c880a9acd16256f39/obligation:f0006f0892854e89b9b30091c8c65487,obligation_id,§6/§7 exact typed-root payload,obligation:f0006f0892854e89b9b30091c8c65487,DEFINED
p1e1r4_2ffd4e9ef2b1481c880a9acd16256f39/obligation:f0006f0892854e89b9b30091c8c65487,decision_requirement_id,§7 OMIT: not this root kind,,DEFINED
p1e1r4_2ffd4e9ef2b1481c880a9acd16256f39/obligation:f0006f0892854e89b9b30091c8c65487,intent_id,§7 OMIT: not this root kind,,DEFINED
p1e1r4_2ffd4e9ef2b1481c880a9acd16256f39/obligation:f0006f0892854e89b9b30091c8c65487,conflict_id,§9 OMIT: no attached conflict,,DEFINED
p1e1r4_2ffd4e9ef2b1481c880a9acd16256f39/obligation:f0006f0892854e89b9b30091c8c65487,obligation_status,§7.1 exact obligation/governance plus exact-scoped lifecycle; action boolean AND concrete text AND not informational,obligation:f0006f0892854e89b9b30091c8c65487|governance:b6f1d952e60349ee94c68009367519aa|event:27990d6125cd4756a74e6d22db871f19,DEFINED
p1e1r4_2ffd4e9ef2b1481c880a9acd16256f39/obligation:f0006f0892854e89b9b30091c8c65487,obligation_owner,§7.1 exact obligation/governance plus exact-scoped lifecycle; action boolean AND concrete text AND not informational,obligation:f0006f0892854e89b9b30091c8c65487|governance:b6f1d952e60349ee94c68009367519aa|event:27990d6125cd4756a74e6d22db871f19,DEFINED
p1e1r4_2ffd4e9ef2b1481c880a9acd16256f39/obligation:f0006f0892854e89b9b30091c8c65487,concrete_action_remaining,§7.1 exact obligation/governance plus exact-scoped lifecycle; action boolean AND concrete text AND not informational,obligation:f0006f0892854e89b9b30091c8c65487|governance:b6f1d952e60349ee94c68009367519aa|event:27990d6125cd4756a74e6d22db871f19,DEFINED
p1e1r4_2ffd4e9ef2b1481c880a9acd16256f39/obligation:f0006f0892854e89b9b30091c8c65487,decision_status,§7 OMIT,,DEFINED
p1e1r4_2ffd4e9ef2b1481c880a9acd16256f39/obligation:f0006f0892854e89b9b30091c8c65487,decision_maker_identity_id,§7 OMIT,,DEFINED
p1e1r4_2ffd4e9ef2b1481c880a9acd16256f39/obligation:f0006f0892854e89b9b30091c8c65487,reserved_authority_class,§8 exact permission/governance/decision + current authority validation; UNKNOWN holder and OMIT delegation on unknown authority,required_next_step:b38adc5c340a4a5baec5c9a8395c30b1|authority_domain:3751e4b2e5294b45b93c786efc61f80e|iris:e2628d762b0f436a85b9e16edcc5947f|worker:3716e0e35b614855b0e5d1b0c736168c|episode:368d203af87641e2be56108ac3f8060c|authority_lease:420aebaa30a54ccb85d4d9a4cb999ce0,DEFINED
p1e1r4_2ffd4e9ef2b1481c880a9acd16256f39/obligation:f0006f0892854e89b9b30091c8c65487,authority_holder_identity_id,§8 exact permission/governance/decision + current authority validation; UNKNOWN holder and OMIT delegation on unknown authority,required_next_step:b38adc5c340a4a5baec5c9a8395c30b1|authority_domain:3751e4b2e5294b45b93c786efc61f80e|iris:e2628d762b0f436a85b9e16edcc5947f|worker:3716e0e35b614855b0e5d1b0c736168c|episode:368d203af87641e2be56108ac3f8060c|authority_lease:420aebaa30a54ccb85d4d9a4cb999ce0,DEFINED
p1e1r4_2ffd4e9ef2b1481c880a9acd16256f39/obligation:f0006f0892854e89b9b30091c8c65487,valid_delegation,§8 exact permission/governance/decision + current authority validation; UNKNOWN holder and OMIT delegation on unknown authority,required_next_step:b38adc5c340a4a5baec5c9a8395c30b1|authority_domain:3751e4b2e5294b45b93c786efc61f80e|iris:e2628d762b0f436a85b9e16edcc5947f|worker:3716e0e35b614855b0e5d1b0c736168c|episode:368d203af87641e2be56108ac3f8060c|authority_lease:420aebaa30a54ccb85d4d9a4cb999ce0,DEFINED
p1e1r4_2ffd4e9ef2b1481c880a9acd16256f39/obligation:f0006f0892854e89b9b30091c8c65487,escalation_required,§7.0 exact attached material root AND same-root governance Aaron escalation; else false,governance:b6f1d952e60349ee94c68009367519aa,DEFINED
p1e1r4_2ffd4e9ef2b1481c880a9acd16256f39/obligation:f0006f0892854e89b9b30091c8c65487,unresolved_effect,§7.3 true only unresolved intent; otherwise false,,DEFINED
p1e1r4_2ffd4e9ef2b1481c880a9acd16256f39/obligation:f0006f0892854e89b9b30091c8c65487,material_conflict,§9 true only exact attached/conflict-only root; otherwise false,,DEFINED
p1e1r4_2ffd4e9ef2b1481c880a9acd16256f39/obligation:f0006f0892854e89b9b30091c8c65487,informational_only,"§7.0 obligation exact boolean, otherwise false",obligation:f0006f0892854e89b9b30091c8c65487,DEFINED
p1e1r4_2ffd4e9ef2b1481c880a9acd16256f39/obligation:f0006f0892854e89b9b30091c8c65487,applicability,§4/§7 exact subject refs; intent no scoped evidence -> UNKNOWN; conflict §9.2,assertion:edb5610b9a9740aca47faea2c2dda0ac|governance:b6f1d952e60349ee94c68009367519aa,DEFINED
p1e1r4_2ffd4e9ef2b1481c880a9acd16256f39/obligation:f0006f0892854e89b9b30091c8c65487,freshness,§7.0 exact evidence closure; preserve known item dimensions through authority UNKNOWN; single case evidence source,evidence:e16907017aa94c8782ced752e7a476c7,DEFINED
p1e1r4_2ffd4e9ef2b1481c880a9acd16256f39/obligation:f0006f0892854e89b9b30091c8c65487,source_identity,§7.0 exact evidence closure; preserve known item dimensions through authority UNKNOWN; single case evidence source,evidence:e16907017aa94c8782ced752e7a476c7,DEFINED
p1e1r4_2ffd4e9ef2b1481c880a9acd16256f39/obligation:f0006f0892854e89b9b30091c8c65487,provenance_refs,§7.0 exact evidence closure; preserve known item dimensions through authority UNKNOWN; single case evidence source,evidence:e16907017aa94c8782ced752e7a476c7,DEFINED
p1e1r4_2ffd4e9ef2b1481c880a9acd16256f39/obligation:f0006f0892854e89b9b30091c8c65487,possible_duplicate_refs,§9 exact distinct unresolved identity link other-ref array; otherwise [],,DEFINED
p1e1r4_2ffd4e9ef2b1481c880a9acd16256f39/decision_requirement:02f70911008b402b96ecd184e5786ac1,id,§7.2 e1:<case>:decision:<exact payload>,decision_requirement:02f70911008b402b96ecd184e5786ac1,DEFINED
p1e1r4_2ffd4e9ef2b1481c880a9acd16256f39/decision_requirement:02f70911008b402b96ecd184e5786ac1,principal_id,§5 exact AARON from case principal,p1e1r4_2ffd4e9ef2b1481c880a9acd16256f39,DEFINED
p1e1r4_2ffd4e9ef2b1481c880a9acd16256f39/decision_requirement:02f70911008b402b96ecd184e5786ac1,objective_id,§6 exact objective namespace payload; §9.2 conflict subject objective,objective:66a062f104a24466a0c2e4d8510cf87f,DEFINED
p1e1r4_2ffd4e9ef2b1481c880a9acd16256f39/decision_requirement:02f70911008b402b96ecd184e5786ac1,obligation_id,§7 OMIT: not this root kind,,DEFINED
p1e1r4_2ffd4e9ef2b1481c880a9acd16256f39/decision_requirement:02f70911008b402b96ecd184e5786ac1,decision_requirement_id,§6/§7 exact typed-root payload,decision_requirement:02f70911008b402b96ecd184e5786ac1,DEFINED
p1e1r4_2ffd4e9ef2b1481c880a9acd16256f39/decision_requirement:02f70911008b402b96ecd184e5786ac1,intent_id,§7 OMIT: not this root kind,,DEFINED
p1e1r4_2ffd4e9ef2b1481c880a9acd16256f39/decision_requirement:02f70911008b402b96ecd184e5786ac1,conflict_id,§9 OMIT: no attached conflict,,DEFINED
p1e1r4_2ffd4e9ef2b1481c880a9acd16256f39/decision_requirement:02f70911008b402b96ecd184e5786ac1,obligation_status,§7 OMIT,,DEFINED
p1e1r4_2ffd4e9ef2b1481c880a9acd16256f39/decision_requirement:02f70911008b402b96ecd184e5786ac1,obligation_owner,§7 OMIT,,DEFINED
p1e1r4_2ffd4e9ef2b1481c880a9acd16256f39/decision_requirement:02f70911008b402b96ecd184e5786ac1,concrete_action_remaining,§7 OMIT,,DEFINED
p1e1r4_2ffd4e9ef2b1481c880a9acd16256f39/decision_requirement:02f70911008b402b96ecd184e5786ac1,decision_status,"§7.2 exact decision + scoped history, never obligation cascade",decision_requirement:02f70911008b402b96ecd184e5786ac1|event:27990d6125cd4756a74e6d22db871f19,DEFINED
p1e1r4_2ffd4e9ef2b1481c880a9acd16256f39/decision_requirement:02f70911008b402b96ecd184e5786ac1,decision_maker_identity_id,"§7.2 exact decision + scoped history, never obligation cascade",decision_requirement:02f70911008b402b96ecd184e5786ac1|event:27990d6125cd4756a74e6d22db871f19,DEFINED
p1e1r4_2ffd4e9ef2b1481c880a9acd16256f39/decision_requirement:02f70911008b402b96ecd184e5786ac1,reserved_authority_class,§8 exact permission/governance/decision + current authority validation; UNKNOWN holder and OMIT delegation on unknown authority,required_next_step:b38adc5c340a4a5baec5c9a8395c30b1|authority_domain:3751e4b2e5294b45b93c786efc61f80e|iris:e2628d762b0f436a85b9e16edcc5947f|worker:3716e0e35b614855b0e5d1b0c736168c|episode:368d203af87641e2be56108ac3f8060c|authority_lease:420aebaa30a54ccb85d4d9a4cb999ce0,DEFINED
p1e1r4_2ffd4e9ef2b1481c880a9acd16256f39/decision_requirement:02f70911008b402b96ecd184e5786ac1,authority_holder_identity_id,§8 exact permission/governance/decision + current authority validation; UNKNOWN holder and OMIT delegation on unknown authority,required_next_step:b38adc5c340a4a5baec5c9a8395c30b1|authority_domain:3751e4b2e5294b45b93c786efc61f80e|iris:e2628d762b0f436a85b9e16edcc5947f|worker:3716e0e35b614855b0e5d1b0c736168c|episode:368d203af87641e2be56108ac3f8060c|authority_lease:420aebaa30a54ccb85d4d9a4cb999ce0,DEFINED
p1e1r4_2ffd4e9ef2b1481c880a9acd16256f39/decision_requirement:02f70911008b402b96ecd184e5786ac1,valid_delegation,§8 exact permission/governance/decision + current authority validation; UNKNOWN holder and OMIT delegation on unknown authority,required_next_step:b38adc5c340a4a5baec5c9a8395c30b1|authority_domain:3751e4b2e5294b45b93c786efc61f80e|iris:e2628d762b0f436a85b9e16edcc5947f|worker:3716e0e35b614855b0e5d1b0c736168c|episode:368d203af87641e2be56108ac3f8060c|authority_lease:420aebaa30a54ccb85d4d9a4cb999ce0,DEFINED
p1e1r4_2ffd4e9ef2b1481c880a9acd16256f39/decision_requirement:02f70911008b402b96ecd184e5786ac1,escalation_required,§7.0 exact attached material root AND same-root governance Aaron escalation; else false,,DEFINED
p1e1r4_2ffd4e9ef2b1481c880a9acd16256f39/decision_requirement:02f70911008b402b96ecd184e5786ac1,unresolved_effect,§7.3 true only unresolved intent; otherwise false,,DEFINED
p1e1r4_2ffd4e9ef2b1481c880a9acd16256f39/decision_requirement:02f70911008b402b96ecd184e5786ac1,material_conflict,§9 true only exact attached/conflict-only root; otherwise false,,DEFINED
p1e1r4_2ffd4e9ef2b1481c880a9acd16256f39/decision_requirement:02f70911008b402b96ecd184e5786ac1,informational_only,"§7.0 obligation exact boolean, otherwise false",,DEFINED
p1e1r4_2ffd4e9ef2b1481c880a9acd16256f39/decision_requirement:02f70911008b402b96ecd184e5786ac1,applicability,§4/§7 exact subject refs; intent no scoped evidence -> UNKNOWN; conflict §9.2,assertion:edb5610b9a9740aca47faea2c2dda0ac,DEFINED
p1e1r4_2ffd4e9ef2b1481c880a9acd16256f39/decision_requirement:02f70911008b402b96ecd184e5786ac1,freshness,§7.0 exact evidence closure; preserve known item dimensions through authority UNKNOWN; single case evidence source,evidence:e16907017aa94c8782ced752e7a476c7,DEFINED
p1e1r4_2ffd4e9ef2b1481c880a9acd16256f39/decision_requirement:02f70911008b402b96ecd184e5786ac1,source_identity,§7.0 exact evidence closure; preserve known item dimensions through authority UNKNOWN; single case evidence source,evidence:e16907017aa94c8782ced752e7a476c7,DEFINED
p1e1r4_2ffd4e9ef2b1481c880a9acd16256f39/decision_requirement:02f70911008b402b96ecd184e5786ac1,provenance_refs,§7.0 exact evidence closure; preserve known item dimensions through authority UNKNOWN; single case evidence source,evidence:e16907017aa94c8782ced752e7a476c7,DEFINED
p1e1r4_2ffd4e9ef2b1481c880a9acd16256f39/decision_requirement:02f70911008b402b96ecd184e5786ac1,possible_duplicate_refs,§9 exact distinct unresolved identity link other-ref array; otherwise [],,DEFINED
p1e1r4_3592698cabc744789906162b61657890/obligation:b3c3c67639594094abc930cc450fd274,id,§7.1 e1:<case>:obligation:<exact payload>,obligation:b3c3c67639594094abc930cc450fd274,DEFINED
p1e1r4_3592698cabc744789906162b61657890/obligation:b3c3c67639594094abc930cc450fd274,principal_id,§5 exact AARON from case principal,p1e1r4_3592698cabc744789906162b61657890,DEFINED
p1e1r4_3592698cabc744789906162b61657890/obligation:b3c3c67639594094abc930cc450fd274,objective_id,§6 exact objective namespace payload; §9.2 conflict subject objective,objective:083dabaa11c34e499a492c2381aef180,DEFINED
p1e1r4_3592698cabc744789906162b61657890/obligation:b3c3c67639594094abc930cc450fd274,obligation_id,§6/§7 exact typed-root payload,obligation:b3c3c67639594094abc930cc450fd274,DEFINED
p1e1r4_3592698cabc744789906162b61657890/obligation:b3c3c67639594094abc930cc450fd274,decision_requirement_id,§7 OMIT: not this root kind,,DEFINED
p1e1r4_3592698cabc744789906162b61657890/obligation:b3c3c67639594094abc930cc450fd274,intent_id,§7 OMIT: not this root kind,,DEFINED
p1e1r4_3592698cabc744789906162b61657890/obligation:b3c3c67639594094abc930cc450fd274,conflict_id,§9 exact attached conflict ID,conf_1678bc3ce4fd286e0889d69a1bb6f3c4efdcc4ad7e0e801c422b98abf3b46f86,DEFINED
p1e1r4_3592698cabc744789906162b61657890/obligation:b3c3c67639594094abc930cc450fd274,obligation_status,§7.1 exact obligation/governance plus exact-scoped lifecycle; action boolean AND concrete text AND not informational,obligation:b3c3c67639594094abc930cc450fd274|governance:774ecaa22f494c7486925f809311bb43|event:72da64ea305a4127b69e1f7ce970aa0d,DEFINED
p1e1r4_3592698cabc744789906162b61657890/obligation:b3c3c67639594094abc930cc450fd274,obligation_owner,§7.1 exact obligation/governance plus exact-scoped lifecycle; action boolean AND concrete text AND not informational,obligation:b3c3c67639594094abc930cc450fd274|governance:774ecaa22f494c7486925f809311bb43|event:72da64ea305a4127b69e1f7ce970aa0d,DEFINED
p1e1r4_3592698cabc744789906162b61657890/obligation:b3c3c67639594094abc930cc450fd274,concrete_action_remaining,§7.1 exact obligation/governance plus exact-scoped lifecycle; action boolean AND concrete text AND not informational,obligation:b3c3c67639594094abc930cc450fd274|governance:774ecaa22f494c7486925f809311bb43|event:72da64ea305a4127b69e1f7ce970aa0d,DEFINED
p1e1r4_3592698cabc744789906162b61657890/obligation:b3c3c67639594094abc930cc450fd274,decision_status,§7 OMIT,,DEFINED
p1e1r4_3592698cabc744789906162b61657890/obligation:b3c3c67639594094abc930cc450fd274,decision_maker_identity_id,§7 OMIT,,DEFINED
p1e1r4_3592698cabc744789906162b61657890/obligation:b3c3c67639594094abc930cc450fd274,reserved_authority_class,§7/§8 OMIT: no reserved permission,,DEFINED
p1e1r4_3592698cabc744789906162b61657890/obligation:b3c3c67639594094abc930cc450fd274,authority_holder_identity_id,§7/§8 OMIT: no reserved permission,,DEFINED
p1e1r4_3592698cabc744789906162b61657890/obligation:b3c3c67639594094abc930cc450fd274,valid_delegation,§7/§8 OMIT: no reserved permission,,DEFINED
p1e1r4_3592698cabc744789906162b61657890/obligation:b3c3c67639594094abc930cc450fd274,escalation_required,§7.0 exact attached material root AND same-root governance Aaron escalation; else false,governance:774ecaa22f494c7486925f809311bb43,DEFINED
p1e1r4_3592698cabc744789906162b61657890/obligation:b3c3c67639594094abc930cc450fd274,unresolved_effect,§7.3 true only unresolved intent; otherwise false,,DEFINED
p1e1r4_3592698cabc744789906162b61657890/obligation:b3c3c67639594094abc930cc450fd274,material_conflict,§9 true only exact attached/conflict-only root; otherwise false,conf_1678bc3ce4fd286e0889d69a1bb6f3c4efdcc4ad7e0e801c422b98abf3b46f86,DEFINED
p1e1r4_3592698cabc744789906162b61657890/obligation:b3c3c67639594094abc930cc450fd274,informational_only,"§7.0 obligation exact boolean, otherwise false",obligation:b3c3c67639594094abc930cc450fd274,DEFINED
p1e1r4_3592698cabc744789906162b61657890/obligation:b3c3c67639594094abc930cc450fd274,applicability,§4/§7 exact subject refs; intent no scoped evidence -> UNKNOWN; conflict §9.2,assertion:006c997a7edb4974af52b083c833d6ed|governance:774ecaa22f494c7486925f809311bb43,DEFINED
p1e1r4_3592698cabc744789906162b61657890/obligation:b3c3c67639594094abc930cc450fd274,freshness,§7.0 exact evidence closure; preserve known item dimensions through authority UNKNOWN; single case evidence source,evidence:206ba7d8da4e41e08b91b4942565c2ae,DEFINED
p1e1r4_3592698cabc744789906162b61657890/obligation:b3c3c67639594094abc930cc450fd274,source_identity,§7.0 exact evidence closure; preserve known item dimensions through authority UNKNOWN; single case evidence source,evidence:206ba7d8da4e41e08b91b4942565c2ae,DEFINED
p1e1r4_3592698cabc744789906162b61657890/obligation:b3c3c67639594094abc930cc450fd274,provenance_refs,§7.0 exact evidence closure; preserve known item dimensions through authority UNKNOWN; single case evidence source,evidence:206ba7d8da4e41e08b91b4942565c2ae,DEFINED
p1e1r4_3592698cabc744789906162b61657890/obligation:b3c3c67639594094abc930cc450fd274,possible_duplicate_refs,§9 exact distinct unresolved identity link other-ref array; otherwise [],,DEFINED
p1e1r4_3592698cabc744789906162b61657890/decision_requirement:de5f53050f0c4d3ab3aff1ed4cbad582,id,§7.2 e1:<case>:decision:<exact payload>,decision_requirement:de5f53050f0c4d3ab3aff1ed4cbad582,DEFINED
p1e1r4_3592698cabc744789906162b61657890/decision_requirement:de5f53050f0c4d3ab3aff1ed4cbad582,principal_id,§5 exact AARON from case principal,p1e1r4_3592698cabc744789906162b61657890,DEFINED
p1e1r4_3592698cabc744789906162b61657890/decision_requirement:de5f53050f0c4d3ab3aff1ed4cbad582,objective_id,§6 exact objective namespace payload; §9.2 conflict subject objective,objective:083dabaa11c34e499a492c2381aef180,DEFINED
p1e1r4_3592698cabc744789906162b61657890/decision_requirement:de5f53050f0c4d3ab3aff1ed4cbad582,obligation_id,§7 OMIT: not this root kind,,DEFINED
p1e1r4_3592698cabc744789906162b61657890/decision_requirement:de5f53050f0c4d3ab3aff1ed4cbad582,decision_requirement_id,§6/§7 exact typed-root payload,decision_requirement:de5f53050f0c4d3ab3aff1ed4cbad582,DEFINED
p1e1r4_3592698cabc744789906162b61657890/decision_requirement:de5f53050f0c4d3ab3aff1ed4cbad582,intent_id,§7 OMIT: not this root kind,,DEFINED
p1e1r4_3592698cabc744789906162b61657890/decision_requirement:de5f53050f0c4d3ab3aff1ed4cbad582,conflict_id,§9 OMIT: no attached conflict,,DEFINED
p1e1r4_3592698cabc744789906162b61657890/decision_requirement:de5f53050f0c4d3ab3aff1ed4cbad582,obligation_status,§7 OMIT,,DEFINED
p1e1r4_3592698cabc744789906162b61657890/decision_requirement:de5f53050f0c4d3ab3aff1ed4cbad582,obligation_owner,§7 OMIT,,DEFINED
p1e1r4_3592698cabc744789906162b61657890/decision_requirement:de5f53050f0c4d3ab3aff1ed4cbad582,concrete_action_remaining,§7 OMIT,,DEFINED
p1e1r4_3592698cabc744789906162b61657890/decision_requirement:de5f53050f0c4d3ab3aff1ed4cbad582,decision_status,"§7.2 exact decision + scoped history, never obligation cascade",decision_requirement:de5f53050f0c4d3ab3aff1ed4cbad582|event:72da64ea305a4127b69e1f7ce970aa0d,DEFINED
p1e1r4_3592698cabc744789906162b61657890/decision_requirement:de5f53050f0c4d3ab3aff1ed4cbad582,decision_maker_identity_id,"§7.2 exact decision + scoped history, never obligation cascade",decision_requirement:de5f53050f0c4d3ab3aff1ed4cbad582|event:72da64ea305a4127b69e1f7ce970aa0d,DEFINED
p1e1r4_3592698cabc744789906162b61657890/decision_requirement:de5f53050f0c4d3ab3aff1ed4cbad582,reserved_authority_class,§7/§8 OMIT: no reserved permission,,DEFINED
p1e1r4_3592698cabc744789906162b61657890/decision_requirement:de5f53050f0c4d3ab3aff1ed4cbad582,authority_holder_identity_id,§7/§8 OMIT: no reserved permission,,DEFINED
p1e1r4_3592698cabc744789906162b61657890/decision_requirement:de5f53050f0c4d3ab3aff1ed4cbad582,valid_delegation,§7/§8 OMIT: no reserved permission,,DEFINED
p1e1r4_3592698cabc744789906162b61657890/decision_requirement:de5f53050f0c4d3ab3aff1ed4cbad582,escalation_required,§7.0 exact attached material root AND same-root governance Aaron escalation; else false,,DEFINED
p1e1r4_3592698cabc744789906162b61657890/decision_requirement:de5f53050f0c4d3ab3aff1ed4cbad582,unresolved_effect,§7.3 true only unresolved intent; otherwise false,,DEFINED
p1e1r4_3592698cabc744789906162b61657890/decision_requirement:de5f53050f0c4d3ab3aff1ed4cbad582,material_conflict,§9 true only exact attached/conflict-only root; otherwise false,,DEFINED
p1e1r4_3592698cabc744789906162b61657890/decision_requirement:de5f53050f0c4d3ab3aff1ed4cbad582,informational_only,"§7.0 obligation exact boolean, otherwise false",,DEFINED
p1e1r4_3592698cabc744789906162b61657890/decision_requirement:de5f53050f0c4d3ab3aff1ed4cbad582,applicability,§4/§7 exact subject refs; intent no scoped evidence -> UNKNOWN; conflict §9.2,assertion:006c997a7edb4974af52b083c833d6ed,DEFINED
p1e1r4_3592698cabc744789906162b61657890/decision_requirement:de5f53050f0c4d3ab3aff1ed4cbad582,freshness,§7.0 exact evidence closure; preserve known item dimensions through authority UNKNOWN; single case evidence source,evidence:206ba7d8da4e41e08b91b4942565c2ae,DEFINED
p1e1r4_3592698cabc744789906162b61657890/decision_requirement:de5f53050f0c4d3ab3aff1ed4cbad582,source_identity,§7.0 exact evidence closure; preserve known item dimensions through authority UNKNOWN; single case evidence source,evidence:206ba7d8da4e41e08b91b4942565c2ae,DEFINED
p1e1r4_3592698cabc744789906162b61657890/decision_requirement:de5f53050f0c4d3ab3aff1ed4cbad582,provenance_refs,§7.0 exact evidence closure; preserve known item dimensions through authority UNKNOWN; single case evidence source,evidence:206ba7d8da4e41e08b91b4942565c2ae,DEFINED
p1e1r4_3592698cabc744789906162b61657890/decision_requirement:de5f53050f0c4d3ab3aff1ed4cbad582,possible_duplicate_refs,§9 exact distinct unresolved identity link other-ref array; otherwise [],,DEFINED
p1e1r4_40cad8d6ee7440a5bd0fe22d674f9db7/obligation:70a1a2f10e7945399240b0e73aed9972,id,§7.1 e1:<case>:obligation:<exact payload>,obligation:70a1a2f10e7945399240b0e73aed9972,DEFINED
p1e1r4_40cad8d6ee7440a5bd0fe22d674f9db7/obligation:70a1a2f10e7945399240b0e73aed9972,principal_id,§5 exact AARON from case principal,p1e1r4_40cad8d6ee7440a5bd0fe22d674f9db7,DEFINED
p1e1r4_40cad8d6ee7440a5bd0fe22d674f9db7/obligation:70a1a2f10e7945399240b0e73aed9972,objective_id,§6 exact objective namespace payload; §9.2 conflict subject objective,objective:ef9b76076d9a4af9af8fcf6b6e95790b,DEFINED
p1e1r4_40cad8d6ee7440a5bd0fe22d674f9db7/obligation:70a1a2f10e7945399240b0e73aed9972,obligation_id,§6/§7 exact typed-root payload,obligation:70a1a2f10e7945399240b0e73aed9972,DEFINED
p1e1r4_40cad8d6ee7440a5bd0fe22d674f9db7/obligation:70a1a2f10e7945399240b0e73aed9972,decision_requirement_id,§7 OMIT: not this root kind,,DEFINED
p1e1r4_40cad8d6ee7440a5bd0fe22d674f9db7/obligation:70a1a2f10e7945399240b0e73aed9972,intent_id,§7 OMIT: not this root kind,,DEFINED
p1e1r4_40cad8d6ee7440a5bd0fe22d674f9db7/obligation:70a1a2f10e7945399240b0e73aed9972,conflict_id,§9 OMIT: no attached conflict,,DEFINED
p1e1r4_40cad8d6ee7440a5bd0fe22d674f9db7/obligation:70a1a2f10e7945399240b0e73aed9972,obligation_status,§7.1 exact obligation/governance plus exact-scoped lifecycle; action boolean AND concrete text AND not informational,obligation:70a1a2f10e7945399240b0e73aed9972|governance:f0c6503f96fd4a38a758b7cdf43e3ef9|event:f1d356a16de94b1fa9b2084a2931bb95,DEFINED
p1e1r4_40cad8d6ee7440a5bd0fe22d674f9db7/obligation:70a1a2f10e7945399240b0e73aed9972,obligation_owner,§7.1 exact obligation/governance plus exact-scoped lifecycle; action boolean AND concrete text AND not informational,obligation:70a1a2f10e7945399240b0e73aed9972|governance:f0c6503f96fd4a38a758b7cdf43e3ef9|event:f1d356a16de94b1fa9b2084a2931bb95,DEFINED
p1e1r4_40cad8d6ee7440a5bd0fe22d674f9db7/obligation:70a1a2f10e7945399240b0e73aed9972,concrete_action_remaining,§7.1 exact obligation/governance plus exact-scoped lifecycle; action boolean AND concrete text AND not informational,obligation:70a1a2f10e7945399240b0e73aed9972|governance:f0c6503f96fd4a38a758b7cdf43e3ef9|event:f1d356a16de94b1fa9b2084a2931bb95,DEFINED
p1e1r4_40cad8d6ee7440a5bd0fe22d674f9db7/obligation:70a1a2f10e7945399240b0e73aed9972,decision_status,§7 OMIT,,DEFINED
p1e1r4_40cad8d6ee7440a5bd0fe22d674f9db7/obligation:70a1a2f10e7945399240b0e73aed9972,decision_maker_identity_id,§7 OMIT,,DEFINED
p1e1r4_40cad8d6ee7440a5bd0fe22d674f9db7/obligation:70a1a2f10e7945399240b0e73aed9972,reserved_authority_class,§7/§8 OMIT: no reserved permission,,DEFINED
p1e1r4_40cad8d6ee7440a5bd0fe22d674f9db7/obligation:70a1a2f10e7945399240b0e73aed9972,authority_holder_identity_id,§7/§8 OMIT: no reserved permission,,DEFINED
p1e1r4_40cad8d6ee7440a5bd0fe22d674f9db7/obligation:70a1a2f10e7945399240b0e73aed9972,valid_delegation,§7/§8 OMIT: no reserved permission,,DEFINED
p1e1r4_40cad8d6ee7440a5bd0fe22d674f9db7/obligation:70a1a2f10e7945399240b0e73aed9972,escalation_required,§7.0 exact attached material root AND same-root governance Aaron escalation; else false,governance:f0c6503f96fd4a38a758b7cdf43e3ef9,DEFINED
p1e1r4_40cad8d6ee7440a5bd0fe22d674f9db7/obligation:70a1a2f10e7945399240b0e73aed9972,unresolved_effect,§7.3 true only unresolved intent; otherwise false,,DEFINED
p1e1r4_40cad8d6ee7440a5bd0fe22d674f9db7/obligation:70a1a2f10e7945399240b0e73aed9972,material_conflict,§9 true only exact attached/conflict-only root; otherwise false,,DEFINED
p1e1r4_40cad8d6ee7440a5bd0fe22d674f9db7/obligation:70a1a2f10e7945399240b0e73aed9972,informational_only,"§7.0 obligation exact boolean, otherwise false",obligation:70a1a2f10e7945399240b0e73aed9972,DEFINED
p1e1r4_40cad8d6ee7440a5bd0fe22d674f9db7/obligation:70a1a2f10e7945399240b0e73aed9972,applicability,§4/§7 exact subject refs; intent no scoped evidence -> UNKNOWN; conflict §9.2,assertion:81f9c6efc4524eb693fc06b78a0b5f6f|governance:f0c6503f96fd4a38a758b7cdf43e3ef9,DEFINED
p1e1r4_40cad8d6ee7440a5bd0fe22d674f9db7/obligation:70a1a2f10e7945399240b0e73aed9972,freshness,§7.0 exact evidence closure; preserve known item dimensions through authority UNKNOWN; single case evidence source,evidence:61a3a5e820c244e99cc24d004c5f51f8,DEFINED
p1e1r4_40cad8d6ee7440a5bd0fe22d674f9db7/obligation:70a1a2f10e7945399240b0e73aed9972,source_identity,§7.0 exact evidence closure; preserve known item dimensions through authority UNKNOWN; single case evidence source,evidence:61a3a5e820c244e99cc24d004c5f51f8,DEFINED
p1e1r4_40cad8d6ee7440a5bd0fe22d674f9db7/obligation:70a1a2f10e7945399240b0e73aed9972,provenance_refs,§7.0 exact evidence closure; preserve known item dimensions through authority UNKNOWN; single case evidence source,evidence:61a3a5e820c244e99cc24d004c5f51f8,DEFINED
p1e1r4_40cad8d6ee7440a5bd0fe22d674f9db7/obligation:70a1a2f10e7945399240b0e73aed9972,possible_duplicate_refs,§9 exact distinct unresolved identity link other-ref array; otherwise [],,DEFINED
p1e1r4_40cad8d6ee7440a5bd0fe22d674f9db7/decision_requirement:857eacf570d843b4ad8b6554393e7047,id,§7.2 e1:<case>:decision:<exact payload>,decision_requirement:857eacf570d843b4ad8b6554393e7047,DEFINED
p1e1r4_40cad8d6ee7440a5bd0fe22d674f9db7/decision_requirement:857eacf570d843b4ad8b6554393e7047,principal_id,§5 exact AARON from case principal,p1e1r4_40cad8d6ee7440a5bd0fe22d674f9db7,DEFINED
p1e1r4_40cad8d6ee7440a5bd0fe22d674f9db7/decision_requirement:857eacf570d843b4ad8b6554393e7047,objective_id,§6 exact objective namespace payload; §9.2 conflict subject objective,objective:ef9b76076d9a4af9af8fcf6b6e95790b,DEFINED
p1e1r4_40cad8d6ee7440a5bd0fe22d674f9db7/decision_requirement:857eacf570d843b4ad8b6554393e7047,obligation_id,§7 OMIT: not this root kind,,DEFINED
p1e1r4_40cad8d6ee7440a5bd0fe22d674f9db7/decision_requirement:857eacf570d843b4ad8b6554393e7047,decision_requirement_id,§6/§7 exact typed-root payload,decision_requirement:857eacf570d843b4ad8b6554393e7047,DEFINED
p1e1r4_40cad8d6ee7440a5bd0fe22d674f9db7/decision_requirement:857eacf570d843b4ad8b6554393e7047,intent_id,§7 OMIT: not this root kind,,DEFINED
p1e1r4_40cad8d6ee7440a5bd0fe22d674f9db7/decision_requirement:857eacf570d843b4ad8b6554393e7047,conflict_id,§9 OMIT: no attached conflict,,DEFINED
p1e1r4_40cad8d6ee7440a5bd0fe22d674f9db7/decision_requirement:857eacf570d843b4ad8b6554393e7047,obligation_status,§7 OMIT,,DEFINED
p1e1r4_40cad8d6ee7440a5bd0fe22d674f9db7/decision_requirement:857eacf570d843b4ad8b6554393e7047,obligation_owner,§7 OMIT,,DEFINED
p1e1r4_40cad8d6ee7440a5bd0fe22d674f9db7/decision_requirement:857eacf570d843b4ad8b6554393e7047,concrete_action_remaining,§7 OMIT,,DEFINED
p1e1r4_40cad8d6ee7440a5bd0fe22d674f9db7/decision_requirement:857eacf570d843b4ad8b6554393e7047,decision_status,"§7.2 exact decision + scoped history, never obligation cascade",decision_requirement:857eacf570d843b4ad8b6554393e7047|event:f1d356a16de94b1fa9b2084a2931bb95,DEFINED
p1e1r4_40cad8d6ee7440a5bd0fe22d674f9db7/decision_requirement:857eacf570d843b4ad8b6554393e7047,decision_maker_identity_id,"§7.2 exact decision + scoped history, never obligation cascade",decision_requirement:857eacf570d843b4ad8b6554393e7047|event:f1d356a16de94b1fa9b2084a2931bb95,DEFINED
p1e1r4_40cad8d6ee7440a5bd0fe22d674f9db7/decision_requirement:857eacf570d843b4ad8b6554393e7047,reserved_authority_class,§7/§8 OMIT: no reserved permission,,DEFINED
p1e1r4_40cad8d6ee7440a5bd0fe22d674f9db7/decision_requirement:857eacf570d843b4ad8b6554393e7047,authority_holder_identity_id,§7/§8 OMIT: no reserved permission,,DEFINED
p1e1r4_40cad8d6ee7440a5bd0fe22d674f9db7/decision_requirement:857eacf570d843b4ad8b6554393e7047,valid_delegation,§7/§8 OMIT: no reserved permission,,DEFINED
p1e1r4_40cad8d6ee7440a5bd0fe22d674f9db7/decision_requirement:857eacf570d843b4ad8b6554393e7047,escalation_required,§7.0 exact attached material root AND same-root governance Aaron escalation; else false,,DEFINED
p1e1r4_40cad8d6ee7440a5bd0fe22d674f9db7/decision_requirement:857eacf570d843b4ad8b6554393e7047,unresolved_effect,§7.3 true only unresolved intent; otherwise false,,DEFINED
p1e1r4_40cad8d6ee7440a5bd0fe22d674f9db7/decision_requirement:857eacf570d843b4ad8b6554393e7047,material_conflict,§9 true only exact attached/conflict-only root; otherwise false,,DEFINED
p1e1r4_40cad8d6ee7440a5bd0fe22d674f9db7/decision_requirement:857eacf570d843b4ad8b6554393e7047,informational_only,"§7.0 obligation exact boolean, otherwise false",,DEFINED
p1e1r4_40cad8d6ee7440a5bd0fe22d674f9db7/decision_requirement:857eacf570d843b4ad8b6554393e7047,applicability,§4/§7 exact subject refs; intent no scoped evidence -> UNKNOWN; conflict §9.2,assertion:81f9c6efc4524eb693fc06b78a0b5f6f,DEFINED
p1e1r4_40cad8d6ee7440a5bd0fe22d674f9db7/decision_requirement:857eacf570d843b4ad8b6554393e7047,freshness,§7.0 exact evidence closure; preserve known item dimensions through authority UNKNOWN; single case evidence source,evidence:61a3a5e820c244e99cc24d004c5f51f8,DEFINED
p1e1r4_40cad8d6ee7440a5bd0fe22d674f9db7/decision_requirement:857eacf570d843b4ad8b6554393e7047,source_identity,§7.0 exact evidence closure; preserve known item dimensions through authority UNKNOWN; single case evidence source,evidence:61a3a5e820c244e99cc24d004c5f51f8,DEFINED
p1e1r4_40cad8d6ee7440a5bd0fe22d674f9db7/decision_requirement:857eacf570d843b4ad8b6554393e7047,provenance_refs,§7.0 exact evidence closure; preserve known item dimensions through authority UNKNOWN; single case evidence source,evidence:61a3a5e820c244e99cc24d004c5f51f8,DEFINED
p1e1r4_40cad8d6ee7440a5bd0fe22d674f9db7/decision_requirement:857eacf570d843b4ad8b6554393e7047,possible_duplicate_refs,§9 exact distinct unresolved identity link other-ref array; otherwise [],,DEFINED
p1e1r4_42df16ee5c5f4b68825c2fa2437c73eb/obligation:ca009ae6666449fc9b67c112443a51f2,id,§7.1 e1:<case>:obligation:<exact payload>,obligation:ca009ae6666449fc9b67c112443a51f2,DEFINED
p1e1r4_42df16ee5c5f4b68825c2fa2437c73eb/obligation:ca009ae6666449fc9b67c112443a51f2,principal_id,§5 exact AARON from case principal,p1e1r4_42df16ee5c5f4b68825c2fa2437c73eb,DEFINED
p1e1r4_42df16ee5c5f4b68825c2fa2437c73eb/obligation:ca009ae6666449fc9b67c112443a51f2,objective_id,§6 exact objective namespace payload; §9.2 conflict subject objective,objective:5a8a56028bac4f52959b421e59e39b95,DEFINED
p1e1r4_42df16ee5c5f4b68825c2fa2437c73eb/obligation:ca009ae6666449fc9b67c112443a51f2,obligation_id,§6/§7 exact typed-root payload,obligation:ca009ae6666449fc9b67c112443a51f2,DEFINED
p1e1r4_42df16ee5c5f4b68825c2fa2437c73eb/obligation:ca009ae6666449fc9b67c112443a51f2,decision_requirement_id,§7 OMIT: not this root kind,,DEFINED
p1e1r4_42df16ee5c5f4b68825c2fa2437c73eb/obligation:ca009ae6666449fc9b67c112443a51f2,intent_id,§7 OMIT: not this root kind,,DEFINED
p1e1r4_42df16ee5c5f4b68825c2fa2437c73eb/obligation:ca009ae6666449fc9b67c112443a51f2,conflict_id,§9 OMIT: no attached conflict,,DEFINED
p1e1r4_42df16ee5c5f4b68825c2fa2437c73eb/obligation:ca009ae6666449fc9b67c112443a51f2,obligation_status,§7.1 exact obligation/governance plus exact-scoped lifecycle; action boolean AND concrete text AND not informational,obligation:ca009ae6666449fc9b67c112443a51f2|governance:871ea53fcede4f6fb1665501c4b75068|event:4d635da12f524d3d8b2c925316603ee1,DEFINED
p1e1r4_42df16ee5c5f4b68825c2fa2437c73eb/obligation:ca009ae6666449fc9b67c112443a51f2,obligation_owner,§7.1 exact obligation/governance plus exact-scoped lifecycle; action boolean AND concrete text AND not informational,obligation:ca009ae6666449fc9b67c112443a51f2|governance:871ea53fcede4f6fb1665501c4b75068|event:4d635da12f524d3d8b2c925316603ee1,DEFINED
p1e1r4_42df16ee5c5f4b68825c2fa2437c73eb/obligation:ca009ae6666449fc9b67c112443a51f2,concrete_action_remaining,§7.1 exact obligation/governance plus exact-scoped lifecycle; action boolean AND concrete text AND not informational,obligation:ca009ae6666449fc9b67c112443a51f2|governance:871ea53fcede4f6fb1665501c4b75068|event:4d635da12f524d3d8b2c925316603ee1,DEFINED
p1e1r4_42df16ee5c5f4b68825c2fa2437c73eb/obligation:ca009ae6666449fc9b67c112443a51f2,decision_status,§7 OMIT,,DEFINED
p1e1r4_42df16ee5c5f4b68825c2fa2437c73eb/obligation:ca009ae6666449fc9b67c112443a51f2,decision_maker_identity_id,§7 OMIT,,DEFINED
p1e1r4_42df16ee5c5f4b68825c2fa2437c73eb/obligation:ca009ae6666449fc9b67c112443a51f2,reserved_authority_class,§7/§8 OMIT: no reserved permission,,DEFINED
p1e1r4_42df16ee5c5f4b68825c2fa2437c73eb/obligation:ca009ae6666449fc9b67c112443a51f2,authority_holder_identity_id,§7/§8 OMIT: no reserved permission,,DEFINED
p1e1r4_42df16ee5c5f4b68825c2fa2437c73eb/obligation:ca009ae6666449fc9b67c112443a51f2,valid_delegation,§7/§8 OMIT: no reserved permission,,DEFINED
p1e1r4_42df16ee5c5f4b68825c2fa2437c73eb/obligation:ca009ae6666449fc9b67c112443a51f2,escalation_required,§7.0 exact attached material root AND same-root governance Aaron escalation; else false,governance:871ea53fcede4f6fb1665501c4b75068,DEFINED
p1e1r4_42df16ee5c5f4b68825c2fa2437c73eb/obligation:ca009ae6666449fc9b67c112443a51f2,unresolved_effect,§7.3 true only unresolved intent; otherwise false,,DEFINED
p1e1r4_42df16ee5c5f4b68825c2fa2437c73eb/obligation:ca009ae6666449fc9b67c112443a51f2,material_conflict,§9 true only exact attached/conflict-only root; otherwise false,,DEFINED
p1e1r4_42df16ee5c5f4b68825c2fa2437c73eb/obligation:ca009ae6666449fc9b67c112443a51f2,informational_only,"§7.0 obligation exact boolean, otherwise false",obligation:ca009ae6666449fc9b67c112443a51f2,DEFINED
p1e1r4_42df16ee5c5f4b68825c2fa2437c73eb/obligation:ca009ae6666449fc9b67c112443a51f2,applicability,§4/§7 exact subject refs; intent no scoped evidence -> UNKNOWN; conflict §9.2,assertion:191b2543bcc74472b47d0c668ffcfada|governance:871ea53fcede4f6fb1665501c4b75068,DEFINED
p1e1r4_42df16ee5c5f4b68825c2fa2437c73eb/obligation:ca009ae6666449fc9b67c112443a51f2,freshness,§7.0 exact evidence closure; preserve known item dimensions through authority UNKNOWN; single case evidence source,evidence:7a56fc6a9de34c1c961f7b0ed73f659e,DEFINED
p1e1r4_42df16ee5c5f4b68825c2fa2437c73eb/obligation:ca009ae6666449fc9b67c112443a51f2,source_identity,§7.0 exact evidence closure; preserve known item dimensions through authority UNKNOWN; single case evidence source,evidence:7a56fc6a9de34c1c961f7b0ed73f659e,DEFINED
p1e1r4_42df16ee5c5f4b68825c2fa2437c73eb/obligation:ca009ae6666449fc9b67c112443a51f2,provenance_refs,§7.0 exact evidence closure; preserve known item dimensions through authority UNKNOWN; single case evidence source,evidence:7a56fc6a9de34c1c961f7b0ed73f659e,DEFINED
p1e1r4_42df16ee5c5f4b68825c2fa2437c73eb/obligation:ca009ae6666449fc9b67c112443a51f2,possible_duplicate_refs,§9 exact distinct unresolved identity link other-ref array; otherwise [],,DEFINED
p1e1r4_42df16ee5c5f4b68825c2fa2437c73eb/decision_requirement:78297d83ca7b48838c02f2bd05656321,id,§7.2 e1:<case>:decision:<exact payload>,decision_requirement:78297d83ca7b48838c02f2bd05656321,DEFINED
p1e1r4_42df16ee5c5f4b68825c2fa2437c73eb/decision_requirement:78297d83ca7b48838c02f2bd05656321,principal_id,§5 exact AARON from case principal,p1e1r4_42df16ee5c5f4b68825c2fa2437c73eb,DEFINED
p1e1r4_42df16ee5c5f4b68825c2fa2437c73eb/decision_requirement:78297d83ca7b48838c02f2bd05656321,objective_id,§6 exact objective namespace payload; §9.2 conflict subject objective,objective:5a8a56028bac4f52959b421e59e39b95,DEFINED
p1e1r4_42df16ee5c5f4b68825c2fa2437c73eb/decision_requirement:78297d83ca7b48838c02f2bd05656321,obligation_id,§7 OMIT: not this root kind,,DEFINED
p1e1r4_42df16ee5c5f4b68825c2fa2437c73eb/decision_requirement:78297d83ca7b48838c02f2bd05656321,decision_requirement_id,§6/§7 exact typed-root payload,decision_requirement:78297d83ca7b48838c02f2bd05656321,DEFINED
p1e1r4_42df16ee5c5f4b68825c2fa2437c73eb/decision_requirement:78297d83ca7b48838c02f2bd05656321,intent_id,§7 OMIT: not this root kind,,DEFINED
p1e1r4_42df16ee5c5f4b68825c2fa2437c73eb/decision_requirement:78297d83ca7b48838c02f2bd05656321,conflict_id,§9 OMIT: no attached conflict,,DEFINED
p1e1r4_42df16ee5c5f4b68825c2fa2437c73eb/decision_requirement:78297d83ca7b48838c02f2bd05656321,obligation_status,§7 OMIT,,DEFINED
p1e1r4_42df16ee5c5f4b68825c2fa2437c73eb/decision_requirement:78297d83ca7b48838c02f2bd05656321,obligation_owner,§7 OMIT,,DEFINED
p1e1r4_42df16ee5c5f4b68825c2fa2437c73eb/decision_requirement:78297d83ca7b48838c02f2bd05656321,concrete_action_remaining,§7 OMIT,,DEFINED
p1e1r4_42df16ee5c5f4b68825c2fa2437c73eb/decision_requirement:78297d83ca7b48838c02f2bd05656321,decision_status,"§7.2 exact decision + scoped history, never obligation cascade",decision_requirement:78297d83ca7b48838c02f2bd05656321|event:4d635da12f524d3d8b2c925316603ee1,DEFINED
p1e1r4_42df16ee5c5f4b68825c2fa2437c73eb/decision_requirement:78297d83ca7b48838c02f2bd05656321,decision_maker_identity_id,"§7.2 exact decision + scoped history, never obligation cascade",decision_requirement:78297d83ca7b48838c02f2bd05656321|event:4d635da12f524d3d8b2c925316603ee1,DEFINED
p1e1r4_42df16ee5c5f4b68825c2fa2437c73eb/decision_requirement:78297d83ca7b48838c02f2bd05656321,reserved_authority_class,§7/§8 OMIT: no reserved permission,,DEFINED
p1e1r4_42df16ee5c5f4b68825c2fa2437c73eb/decision_requirement:78297d83ca7b48838c02f2bd05656321,authority_holder_identity_id,§7/§8 OMIT: no reserved permission,,DEFINED
p1e1r4_42df16ee5c5f4b68825c2fa2437c73eb/decision_requirement:78297d83ca7b48838c02f2bd05656321,valid_delegation,§7/§8 OMIT: no reserved permission,,DEFINED
p1e1r4_42df16ee5c5f4b68825c2fa2437c73eb/decision_requirement:78297d83ca7b48838c02f2bd05656321,escalation_required,§7.0 exact attached material root AND same-root governance Aaron escalation; else false,,DEFINED
p1e1r4_42df16ee5c5f4b68825c2fa2437c73eb/decision_requirement:78297d83ca7b48838c02f2bd05656321,unresolved_effect,§7.3 true only unresolved intent; otherwise false,,DEFINED
p1e1r4_42df16ee5c5f4b68825c2fa2437c73eb/decision_requirement:78297d83ca7b48838c02f2bd05656321,material_conflict,§9 true only exact attached/conflict-only root; otherwise false,,DEFINED
p1e1r4_42df16ee5c5f4b68825c2fa2437c73eb/decision_requirement:78297d83ca7b48838c02f2bd05656321,informational_only,"§7.0 obligation exact boolean, otherwise false",,DEFINED
p1e1r4_42df16ee5c5f4b68825c2fa2437c73eb/decision_requirement:78297d83ca7b48838c02f2bd05656321,applicability,§4/§7 exact subject refs; intent no scoped evidence -> UNKNOWN; conflict §9.2,assertion:191b2543bcc74472b47d0c668ffcfada,DEFINED
p1e1r4_42df16ee5c5f4b68825c2fa2437c73eb/decision_requirement:78297d83ca7b48838c02f2bd05656321,freshness,§7.0 exact evidence closure; preserve known item dimensions through authority UNKNOWN; single case evidence source,evidence:7a56fc6a9de34c1c961f7b0ed73f659e,DEFINED
p1e1r4_42df16ee5c5f4b68825c2fa2437c73eb/decision_requirement:78297d83ca7b48838c02f2bd05656321,source_identity,§7.0 exact evidence closure; preserve known item dimensions through authority UNKNOWN; single case evidence source,evidence:7a56fc6a9de34c1c961f7b0ed73f659e,DEFINED
p1e1r4_42df16ee5c5f4b68825c2fa2437c73eb/decision_requirement:78297d83ca7b48838c02f2bd05656321,provenance_refs,§7.0 exact evidence closure; preserve known item dimensions through authority UNKNOWN; single case evidence source,evidence:7a56fc6a9de34c1c961f7b0ed73f659e,DEFINED
p1e1r4_42df16ee5c5f4b68825c2fa2437c73eb/decision_requirement:78297d83ca7b48838c02f2bd05656321,possible_duplicate_refs,§9 exact distinct unresolved identity link other-ref array; otherwise [],,DEFINED
p1e1r4_4723163be86740adaeb6f0d98bb562f8/obligation:b004ea3417d4412abb7842a96d38e381,id,§7.1 e1:<case>:obligation:<exact payload>,obligation:b004ea3417d4412abb7842a96d38e381,DEFINED
p1e1r4_4723163be86740adaeb6f0d98bb562f8/obligation:b004ea3417d4412abb7842a96d38e381,principal_id,§5 exact AARON from case principal,p1e1r4_4723163be86740adaeb6f0d98bb562f8,DEFINED
p1e1r4_4723163be86740adaeb6f0d98bb562f8/obligation:b004ea3417d4412abb7842a96d38e381,objective_id,§6 exact objective namespace payload; §9.2 conflict subject objective,objective:019b5555d5e04d5a91a3bcdcc0fb36cf,DEFINED
p1e1r4_4723163be86740adaeb6f0d98bb562f8/obligation:b004ea3417d4412abb7842a96d38e381,obligation_id,§6/§7 exact typed-root payload,obligation:b004ea3417d4412abb7842a96d38e381,DEFINED
p1e1r4_4723163be86740adaeb6f0d98bb562f8/obligation:b004ea3417d4412abb7842a96d38e381,decision_requirement_id,§7 OMIT: not this root kind,,DEFINED
p1e1r4_4723163be86740adaeb6f0d98bb562f8/obligation:b004ea3417d4412abb7842a96d38e381,intent_id,§7 OMIT: not this root kind,,DEFINED
p1e1r4_4723163be86740adaeb6f0d98bb562f8/obligation:b004ea3417d4412abb7842a96d38e381,conflict_id,§9 OMIT: no attached conflict,,DEFINED
p1e1r4_4723163be86740adaeb6f0d98bb562f8/obligation:b004ea3417d4412abb7842a96d38e381,obligation_status,§7.1 exact obligation/governance plus exact-scoped lifecycle; action boolean AND concrete text AND not informational,obligation:b004ea3417d4412abb7842a96d38e381|governance:5c0c8e1fe8894b55b78956b5ae327514|event:30c4af3aa3d14dba84b807917cb6ff3b,DEFINED
p1e1r4_4723163be86740adaeb6f0d98bb562f8/obligation:b004ea3417d4412abb7842a96d38e381,obligation_owner,§7.1 exact obligation/governance plus exact-scoped lifecycle; action boolean AND concrete text AND not informational,obligation:b004ea3417d4412abb7842a96d38e381|governance:5c0c8e1fe8894b55b78956b5ae327514|event:30c4af3aa3d14dba84b807917cb6ff3b,DEFINED
p1e1r4_4723163be86740adaeb6f0d98bb562f8/obligation:b004ea3417d4412abb7842a96d38e381,concrete_action_remaining,§7.1 exact obligation/governance plus exact-scoped lifecycle; action boolean AND concrete text AND not informational,obligation:b004ea3417d4412abb7842a96d38e381|governance:5c0c8e1fe8894b55b78956b5ae327514|event:30c4af3aa3d14dba84b807917cb6ff3b,DEFINED
p1e1r4_4723163be86740adaeb6f0d98bb562f8/obligation:b004ea3417d4412abb7842a96d38e381,decision_status,§7 OMIT,,DEFINED
p1e1r4_4723163be86740adaeb6f0d98bb562f8/obligation:b004ea3417d4412abb7842a96d38e381,decision_maker_identity_id,§7 OMIT,,DEFINED
p1e1r4_4723163be86740adaeb6f0d98bb562f8/obligation:b004ea3417d4412abb7842a96d38e381,reserved_authority_class,§7/§8 OMIT: no reserved permission,,DEFINED
p1e1r4_4723163be86740adaeb6f0d98bb562f8/obligation:b004ea3417d4412abb7842a96d38e381,authority_holder_identity_id,§7/§8 OMIT: no reserved permission,,DEFINED
p1e1r4_4723163be86740adaeb6f0d98bb562f8/obligation:b004ea3417d4412abb7842a96d38e381,valid_delegation,§7/§8 OMIT: no reserved permission,,DEFINED
p1e1r4_4723163be86740adaeb6f0d98bb562f8/obligation:b004ea3417d4412abb7842a96d38e381,escalation_required,§7.0 exact attached material root AND same-root governance Aaron escalation; else false,governance:5c0c8e1fe8894b55b78956b5ae327514,DEFINED
p1e1r4_4723163be86740adaeb6f0d98bb562f8/obligation:b004ea3417d4412abb7842a96d38e381,unresolved_effect,§7.3 true only unresolved intent; otherwise false,,DEFINED
p1e1r4_4723163be86740adaeb6f0d98bb562f8/obligation:b004ea3417d4412abb7842a96d38e381,material_conflict,§9 true only exact attached/conflict-only root; otherwise false,,DEFINED
p1e1r4_4723163be86740adaeb6f0d98bb562f8/obligation:b004ea3417d4412abb7842a96d38e381,informational_only,"§7.0 obligation exact boolean, otherwise false",obligation:b004ea3417d4412abb7842a96d38e381,DEFINED
p1e1r4_4723163be86740adaeb6f0d98bb562f8/obligation:b004ea3417d4412abb7842a96d38e381,applicability,§4/§7 exact subject refs; intent no scoped evidence -> UNKNOWN; conflict §9.2,assertion:a8108eed5f134ff4ae0a07bff2664d82|governance:5c0c8e1fe8894b55b78956b5ae327514,DEFINED
p1e1r4_4723163be86740adaeb6f0d98bb562f8/obligation:b004ea3417d4412abb7842a96d38e381,freshness,§7.0 exact evidence closure; preserve known item dimensions through authority UNKNOWN; single case evidence source,evidence:abff4e96a16a4e79a0c06f2499eaac33,DEFINED
p1e1r4_4723163be86740adaeb6f0d98bb562f8/obligation:b004ea3417d4412abb7842a96d38e381,source_identity,§7.0 exact evidence closure; preserve known item dimensions through authority UNKNOWN; single case evidence source,evidence:abff4e96a16a4e79a0c06f2499eaac33,DEFINED
p1e1r4_4723163be86740adaeb6f0d98bb562f8/obligation:b004ea3417d4412abb7842a96d38e381,provenance_refs,§7.0 exact evidence closure; preserve known item dimensions through authority UNKNOWN; single case evidence source,evidence:abff4e96a16a4e79a0c06f2499eaac33,DEFINED
p1e1r4_4723163be86740adaeb6f0d98bb562f8/obligation:b004ea3417d4412abb7842a96d38e381,possible_duplicate_refs,§9 exact distinct unresolved identity link other-ref array; otherwise [],,DEFINED
p1e1r4_4723163be86740adaeb6f0d98bb562f8/decision_requirement:f0f63cd26fa94b33a09a7c4ac5f9a397,id,§7.2 e1:<case>:decision:<exact payload>,decision_requirement:f0f63cd26fa94b33a09a7c4ac5f9a397,DEFINED
p1e1r4_4723163be86740adaeb6f0d98bb562f8/decision_requirement:f0f63cd26fa94b33a09a7c4ac5f9a397,principal_id,§5 exact AARON from case principal,p1e1r4_4723163be86740adaeb6f0d98bb562f8,DEFINED
p1e1r4_4723163be86740adaeb6f0d98bb562f8/decision_requirement:f0f63cd26fa94b33a09a7c4ac5f9a397,objective_id,§6 exact objective namespace payload; §9.2 conflict subject objective,objective:019b5555d5e04d5a91a3bcdcc0fb36cf,DEFINED
p1e1r4_4723163be86740adaeb6f0d98bb562f8/decision_requirement:f0f63cd26fa94b33a09a7c4ac5f9a397,obligation_id,§7 OMIT: not this root kind,,DEFINED
p1e1r4_4723163be86740adaeb6f0d98bb562f8/decision_requirement:f0f63cd26fa94b33a09a7c4ac5f9a397,decision_requirement_id,§6/§7 exact typed-root payload,decision_requirement:f0f63cd26fa94b33a09a7c4ac5f9a397,DEFINED
p1e1r4_4723163be86740adaeb6f0d98bb562f8/decision_requirement:f0f63cd26fa94b33a09a7c4ac5f9a397,intent_id,§7 OMIT: not this root kind,,DEFINED
p1e1r4_4723163be86740adaeb6f0d98bb562f8/decision_requirement:f0f63cd26fa94b33a09a7c4ac5f9a397,conflict_id,§9 OMIT: no attached conflict,,DEFINED
p1e1r4_4723163be86740adaeb6f0d98bb562f8/decision_requirement:f0f63cd26fa94b33a09a7c4ac5f9a397,obligation_status,§7 OMIT,,DEFINED
p1e1r4_4723163be86740adaeb6f0d98bb562f8/decision_requirement:f0f63cd26fa94b33a09a7c4ac5f9a397,obligation_owner,§7 OMIT,,DEFINED
p1e1r4_4723163be86740adaeb6f0d98bb562f8/decision_requirement:f0f63cd26fa94b33a09a7c4ac5f9a397,concrete_action_remaining,§7 OMIT,,DEFINED
p1e1r4_4723163be86740adaeb6f0d98bb562f8/decision_requirement:f0f63cd26fa94b33a09a7c4ac5f9a397,decision_status,"§7.2 exact decision + scoped history, never obligation cascade",decision_requirement:f0f63cd26fa94b33a09a7c4ac5f9a397|event:30c4af3aa3d14dba84b807917cb6ff3b,DEFINED
p1e1r4_4723163be86740adaeb6f0d98bb562f8/decision_requirement:f0f63cd26fa94b33a09a7c4ac5f9a397,decision_maker_identity_id,"§7.2 exact decision + scoped history, never obligation cascade",decision_requirement:f0f63cd26fa94b33a09a7c4ac5f9a397|event:30c4af3aa3d14dba84b807917cb6ff3b,DEFINED
p1e1r4_4723163be86740adaeb6f0d98bb562f8/decision_requirement:f0f63cd26fa94b33a09a7c4ac5f9a397,reserved_authority_class,§7/§8 OMIT: no reserved permission,,DEFINED
p1e1r4_4723163be86740adaeb6f0d98bb562f8/decision_requirement:f0f63cd26fa94b33a09a7c4ac5f9a397,authority_holder_identity_id,§7/§8 OMIT: no reserved permission,,DEFINED
p1e1r4_4723163be86740adaeb6f0d98bb562f8/decision_requirement:f0f63cd26fa94b33a09a7c4ac5f9a397,valid_delegation,§7/§8 OMIT: no reserved permission,,DEFINED
p1e1r4_4723163be86740adaeb6f0d98bb562f8/decision_requirement:f0f63cd26fa94b33a09a7c4ac5f9a397,escalation_required,§7.0 exact attached material root AND same-root governance Aaron escalation; else false,,DEFINED
p1e1r4_4723163be86740adaeb6f0d98bb562f8/decision_requirement:f0f63cd26fa94b33a09a7c4ac5f9a397,unresolved_effect,§7.3 true only unresolved intent; otherwise false,,DEFINED
p1e1r4_4723163be86740adaeb6f0d98bb562f8/decision_requirement:f0f63cd26fa94b33a09a7c4ac5f9a397,material_conflict,§9 true only exact attached/conflict-only root; otherwise false,,DEFINED
p1e1r4_4723163be86740adaeb6f0d98bb562f8/decision_requirement:f0f63cd26fa94b33a09a7c4ac5f9a397,informational_only,"§7.0 obligation exact boolean, otherwise false",,DEFINED
p1e1r4_4723163be86740adaeb6f0d98bb562f8/decision_requirement:f0f63cd26fa94b33a09a7c4ac5f9a397,applicability,§4/§7 exact subject refs; intent no scoped evidence -> UNKNOWN; conflict §9.2,assertion:a8108eed5f134ff4ae0a07bff2664d82,DEFINED
p1e1r4_4723163be86740adaeb6f0d98bb562f8/decision_requirement:f0f63cd26fa94b33a09a7c4ac5f9a397,freshness,§7.0 exact evidence closure; preserve known item dimensions through authority UNKNOWN; single case evidence source,evidence:abff4e96a16a4e79a0c06f2499eaac33,DEFINED
p1e1r4_4723163be86740adaeb6f0d98bb562f8/decision_requirement:f0f63cd26fa94b33a09a7c4ac5f9a397,source_identity,§7.0 exact evidence closure; preserve known item dimensions through authority UNKNOWN; single case evidence source,evidence:abff4e96a16a4e79a0c06f2499eaac33,DEFINED
p1e1r4_4723163be86740adaeb6f0d98bb562f8/decision_requirement:f0f63cd26fa94b33a09a7c4ac5f9a397,provenance_refs,§7.0 exact evidence closure; preserve known item dimensions through authority UNKNOWN; single case evidence source,evidence:abff4e96a16a4e79a0c06f2499eaac33,DEFINED
p1e1r4_4723163be86740adaeb6f0d98bb562f8/decision_requirement:f0f63cd26fa94b33a09a7c4ac5f9a397,possible_duplicate_refs,§9 exact distinct unresolved identity link other-ref array; otherwise [],,DEFINED
p1e1r4_4723163be86740adaeb6f0d98bb562f8/obligation:7a2612320b994843937ce6e16a487b08,id,§7.1 e1:<case>:obligation:<exact payload>,obligation:7a2612320b994843937ce6e16a487b08,DEFINED
p1e1r4_4723163be86740adaeb6f0d98bb562f8/obligation:7a2612320b994843937ce6e16a487b08,principal_id,§5 exact AARON from case principal,p1e1r4_4723163be86740adaeb6f0d98bb562f8,DEFINED
p1e1r4_4723163be86740adaeb6f0d98bb562f8/obligation:7a2612320b994843937ce6e16a487b08,objective_id,§6 exact objective namespace payload; §9.2 conflict subject objective,objective:019b5555d5e04d5a91a3bcdcc0fb36cf,DEFINED
p1e1r4_4723163be86740adaeb6f0d98bb562f8/obligation:7a2612320b994843937ce6e16a487b08,obligation_id,§6/§7 exact typed-root payload,obligation:7a2612320b994843937ce6e16a487b08,DEFINED
p1e1r4_4723163be86740adaeb6f0d98bb562f8/obligation:7a2612320b994843937ce6e16a487b08,decision_requirement_id,§7 OMIT: not this root kind,,DEFINED
p1e1r4_4723163be86740adaeb6f0d98bb562f8/obligation:7a2612320b994843937ce6e16a487b08,intent_id,§7 OMIT: not this root kind,,DEFINED
p1e1r4_4723163be86740adaeb6f0d98bb562f8/obligation:7a2612320b994843937ce6e16a487b08,conflict_id,§9 OMIT: no attached conflict,,DEFINED
p1e1r4_4723163be86740adaeb6f0d98bb562f8/obligation:7a2612320b994843937ce6e16a487b08,obligation_status,§7.1 exact obligation/governance plus exact-scoped lifecycle; action boolean AND concrete text AND not informational,obligation:7a2612320b994843937ce6e16a487b08|governance:c1e48a17e308472bb2deae040f75d563,DEFINED
p1e1r4_4723163be86740adaeb6f0d98bb562f8/obligation:7a2612320b994843937ce6e16a487b08,obligation_owner,§7.1 exact obligation/governance plus exact-scoped lifecycle; action boolean AND concrete text AND not informational,obligation:7a2612320b994843937ce6e16a487b08|governance:c1e48a17e308472bb2deae040f75d563,DEFINED
p1e1r4_4723163be86740adaeb6f0d98bb562f8/obligation:7a2612320b994843937ce6e16a487b08,concrete_action_remaining,§7.1 exact obligation/governance plus exact-scoped lifecycle; action boolean AND concrete text AND not informational,obligation:7a2612320b994843937ce6e16a487b08|governance:c1e48a17e308472bb2deae040f75d563,DEFINED
p1e1r4_4723163be86740adaeb6f0d98bb562f8/obligation:7a2612320b994843937ce6e16a487b08,decision_status,§7 OMIT,,DEFINED
p1e1r4_4723163be86740adaeb6f0d98bb562f8/obligation:7a2612320b994843937ce6e16a487b08,decision_maker_identity_id,§7 OMIT,,DEFINED
p1e1r4_4723163be86740adaeb6f0d98bb562f8/obligation:7a2612320b994843937ce6e16a487b08,reserved_authority_class,§7/§8 OMIT: no reserved permission,,DEFINED
p1e1r4_4723163be86740adaeb6f0d98bb562f8/obligation:7a2612320b994843937ce6e16a487b08,authority_holder_identity_id,§7/§8 OMIT: no reserved permission,,DEFINED
p1e1r4_4723163be86740adaeb6f0d98bb562f8/obligation:7a2612320b994843937ce6e16a487b08,valid_delegation,§7/§8 OMIT: no reserved permission,,DEFINED
p1e1r4_4723163be86740adaeb6f0d98bb562f8/obligation:7a2612320b994843937ce6e16a487b08,escalation_required,§7.0 exact attached material root AND same-root governance Aaron escalation; else false,governance:c1e48a17e308472bb2deae040f75d563,DEFINED
p1e1r4_4723163be86740adaeb6f0d98bb562f8/obligation:7a2612320b994843937ce6e16a487b08,unresolved_effect,§7.3 true only unresolved intent; otherwise false,,DEFINED
p1e1r4_4723163be86740adaeb6f0d98bb562f8/obligation:7a2612320b994843937ce6e16a487b08,material_conflict,§9 true only exact attached/conflict-only root; otherwise false,,DEFINED
p1e1r4_4723163be86740adaeb6f0d98bb562f8/obligation:7a2612320b994843937ce6e16a487b08,informational_only,"§7.0 obligation exact boolean, otherwise false",obligation:7a2612320b994843937ce6e16a487b08,DEFINED
p1e1r4_4723163be86740adaeb6f0d98bb562f8/obligation:7a2612320b994843937ce6e16a487b08,applicability,§4/§7 exact subject refs; intent no scoped evidence -> UNKNOWN; conflict §9.2,applicability_assertion:1d95879ece0942e9a166934154279a7b|governance:c1e48a17e308472bb2deae040f75d563,DEFINED
p1e1r4_4723163be86740adaeb6f0d98bb562f8/obligation:7a2612320b994843937ce6e16a487b08,freshness,§7.0 exact evidence closure; preserve known item dimensions through authority UNKNOWN; single case evidence source,evidence:abff4e96a16a4e79a0c06f2499eaac33,DEFINED
p1e1r4_4723163be86740adaeb6f0d98bb562f8/obligation:7a2612320b994843937ce6e16a487b08,source_identity,§7.0 exact evidence closure; preserve known item dimensions through authority UNKNOWN; single case evidence source,evidence:abff4e96a16a4e79a0c06f2499eaac33,DEFINED
p1e1r4_4723163be86740adaeb6f0d98bb562f8/obligation:7a2612320b994843937ce6e16a487b08,provenance_refs,§7.0 exact evidence closure; preserve known item dimensions through authority UNKNOWN; single case evidence source,evidence:abff4e96a16a4e79a0c06f2499eaac33,DEFINED
p1e1r4_4723163be86740adaeb6f0d98bb562f8/obligation:7a2612320b994843937ce6e16a487b08,possible_duplicate_refs,§9 exact distinct unresolved identity link other-ref array; otherwise [],,DEFINED
p1e1r4_593111b7f3bb4e32bd0a6456bba2942a/obligation:7b8e7776e67b4abbaa70f3608719e6fc,id,§7.1 e1:<case>:obligation:<exact payload>,obligation:7b8e7776e67b4abbaa70f3608719e6fc,DEFINED
p1e1r4_593111b7f3bb4e32bd0a6456bba2942a/obligation:7b8e7776e67b4abbaa70f3608719e6fc,principal_id,§5 exact AARON from case principal,p1e1r4_593111b7f3bb4e32bd0a6456bba2942a,DEFINED
p1e1r4_593111b7f3bb4e32bd0a6456bba2942a/obligation:7b8e7776e67b4abbaa70f3608719e6fc,objective_id,§6 exact objective namespace payload; §9.2 conflict subject objective,objective:15a0a24aaa964258853f82f44c1c09ba,DEFINED
p1e1r4_593111b7f3bb4e32bd0a6456bba2942a/obligation:7b8e7776e67b4abbaa70f3608719e6fc,obligation_id,§6/§7 exact typed-root payload,obligation:7b8e7776e67b4abbaa70f3608719e6fc,DEFINED
p1e1r4_593111b7f3bb4e32bd0a6456bba2942a/obligation:7b8e7776e67b4abbaa70f3608719e6fc,decision_requirement_id,§7 OMIT: not this root kind,,DEFINED
p1e1r4_593111b7f3bb4e32bd0a6456bba2942a/obligation:7b8e7776e67b4abbaa70f3608719e6fc,intent_id,§7 OMIT: not this root kind,,DEFINED
p1e1r4_593111b7f3bb4e32bd0a6456bba2942a/obligation:7b8e7776e67b4abbaa70f3608719e6fc,conflict_id,§9 OMIT: no attached conflict,,DEFINED
p1e1r4_593111b7f3bb4e32bd0a6456bba2942a/obligation:7b8e7776e67b4abbaa70f3608719e6fc,obligation_status,§7.1 exact obligation/governance plus exact-scoped lifecycle; action boolean AND concrete text AND not informational,obligation:7b8e7776e67b4abbaa70f3608719e6fc|governance:315c5d077a934d858a174c8d592e9985|event:e27650c3275b4770bb54c4cf4726c1d9,DEFINED
p1e1r4_593111b7f3bb4e32bd0a6456bba2942a/obligation:7b8e7776e67b4abbaa70f3608719e6fc,obligation_owner,§7.1 exact obligation/governance plus exact-scoped lifecycle; action boolean AND concrete text AND not informational,obligation:7b8e7776e67b4abbaa70f3608719e6fc|governance:315c5d077a934d858a174c8d592e9985|event:e27650c3275b4770bb54c4cf4726c1d9,DEFINED
p1e1r4_593111b7f3bb4e32bd0a6456bba2942a/obligation:7b8e7776e67b4abbaa70f3608719e6fc,concrete_action_remaining,§7.1 exact obligation/governance plus exact-scoped lifecycle; action boolean AND concrete text AND not informational,obligation:7b8e7776e67b4abbaa70f3608719e6fc|governance:315c5d077a934d858a174c8d592e9985|event:e27650c3275b4770bb54c4cf4726c1d9,DEFINED
p1e1r4_593111b7f3bb4e32bd0a6456bba2942a/obligation:7b8e7776e67b4abbaa70f3608719e6fc,decision_status,§7 OMIT,,DEFINED
p1e1r4_593111b7f3bb4e32bd0a6456bba2942a/obligation:7b8e7776e67b4abbaa70f3608719e6fc,decision_maker_identity_id,§7 OMIT,,DEFINED
p1e1r4_593111b7f3bb4e32bd0a6456bba2942a/obligation:7b8e7776e67b4abbaa70f3608719e6fc,reserved_authority_class,§8 exact permission/governance/decision + current authority validation; UNKNOWN holder and OMIT delegation on unknown authority,required_next_step:8cc0fbb926504c90800dedec2327fe39|authority_domain:495c9227a73c44a69be345dabd2300f8|iris:5124d72da416429caee96d0dc7d35886|worker:003077ecb7754bc08791ea9bb99e5034|episode:91fc46c619ad4beeb0a9065b9b77b1fc|authority_lease:0015764e018b40718a3073fe7be4b8a2,DEFINED
p1e1r4_593111b7f3bb4e32bd0a6456bba2942a/obligation:7b8e7776e67b4abbaa70f3608719e6fc,authority_holder_identity_id,§8 exact permission/governance/decision + current authority validation; UNKNOWN holder and OMIT delegation on unknown authority,required_next_step:8cc0fbb926504c90800dedec2327fe39|authority_domain:495c9227a73c44a69be345dabd2300f8|iris:5124d72da416429caee96d0dc7d35886|worker:003077ecb7754bc08791ea9bb99e5034|episode:91fc46c619ad4beeb0a9065b9b77b1fc|authority_lease:0015764e018b40718a3073fe7be4b8a2,DEFINED
p1e1r4_593111b7f3bb4e32bd0a6456bba2942a/obligation:7b8e7776e67b4abbaa70f3608719e6fc,valid_delegation,§8 exact permission/governance/decision + current authority validation; UNKNOWN holder and OMIT delegation on unknown authority,required_next_step:8cc0fbb926504c90800dedec2327fe39|authority_domain:495c9227a73c44a69be345dabd2300f8|iris:5124d72da416429caee96d0dc7d35886|worker:003077ecb7754bc08791ea9bb99e5034|episode:91fc46c619ad4beeb0a9065b9b77b1fc|authority_lease:0015764e018b40718a3073fe7be4b8a2,DEFINED
p1e1r4_593111b7f3bb4e32bd0a6456bba2942a/obligation:7b8e7776e67b4abbaa70f3608719e6fc,escalation_required,§7.0 exact attached material root AND same-root governance Aaron escalation; else false,governance:315c5d077a934d858a174c8d592e9985,DEFINED
p1e1r4_593111b7f3bb4e32bd0a6456bba2942a/obligation:7b8e7776e67b4abbaa70f3608719e6fc,unresolved_effect,§7.3 true only unresolved intent; otherwise false,,DEFINED
p1e1r4_593111b7f3bb4e32bd0a6456bba2942a/obligation:7b8e7776e67b4abbaa70f3608719e6fc,material_conflict,§9 true only exact attached/conflict-only root; otherwise false,,DEFINED
p1e1r4_593111b7f3bb4e32bd0a6456bba2942a/obligation:7b8e7776e67b4abbaa70f3608719e6fc,informational_only,"§7.0 obligation exact boolean, otherwise false",obligation:7b8e7776e67b4abbaa70f3608719e6fc,DEFINED
p1e1r4_593111b7f3bb4e32bd0a6456bba2942a/obligation:7b8e7776e67b4abbaa70f3608719e6fc,applicability,§4/§7 exact subject refs; intent no scoped evidence -> UNKNOWN; conflict §9.2,assertion:2017ac43cb744828b88aad5c8bc162bb|governance:315c5d077a934d858a174c8d592e9985,DEFINED
p1e1r4_593111b7f3bb4e32bd0a6456bba2942a/obligation:7b8e7776e67b4abbaa70f3608719e6fc,freshness,§7.0 exact evidence closure; preserve known item dimensions through authority UNKNOWN; single case evidence source,evidence:1f38739093bc4c99994d876e0dcfd2cf,DEFINED
p1e1r4_593111b7f3bb4e32bd0a6456bba2942a/obligation:7b8e7776e67b4abbaa70f3608719e6fc,source_identity,§7.0 exact evidence closure; preserve known item dimensions through authority UNKNOWN; single case evidence source,evidence:1f38739093bc4c99994d876e0dcfd2cf,DEFINED
p1e1r4_593111b7f3bb4e32bd0a6456bba2942a/obligation:7b8e7776e67b4abbaa70f3608719e6fc,provenance_refs,§7.0 exact evidence closure; preserve known item dimensions through authority UNKNOWN; single case evidence source,evidence:1f38739093bc4c99994d876e0dcfd2cf,DEFINED
p1e1r4_593111b7f3bb4e32bd0a6456bba2942a/obligation:7b8e7776e67b4abbaa70f3608719e6fc,possible_duplicate_refs,§9 exact distinct unresolved identity link other-ref array; otherwise [],,DEFINED
p1e1r4_593111b7f3bb4e32bd0a6456bba2942a/decision_requirement:6cdc3edd5e8e487584bca6d058d96070,id,§7.2 e1:<case>:decision:<exact payload>,decision_requirement:6cdc3edd5e8e487584bca6d058d96070,DEFINED
p1e1r4_593111b7f3bb4e32bd0a6456bba2942a/decision_requirement:6cdc3edd5e8e487584bca6d058d96070,principal_id,§5 exact AARON from case principal,p1e1r4_593111b7f3bb4e32bd0a6456bba2942a,DEFINED
p1e1r4_593111b7f3bb4e32bd0a6456bba2942a/decision_requirement:6cdc3edd5e8e487584bca6d058d96070,objective_id,§6 exact objective namespace payload; §9.2 conflict subject objective,objective:15a0a24aaa964258853f82f44c1c09ba,DEFINED
p1e1r4_593111b7f3bb4e32bd0a6456bba2942a/decision_requirement:6cdc3edd5e8e487584bca6d058d96070,obligation_id,§7 OMIT: not this root kind,,DEFINED
p1e1r4_593111b7f3bb4e32bd0a6456bba2942a/decision_requirement:6cdc3edd5e8e487584bca6d058d96070,decision_requirement_id,§6/§7 exact typed-root payload,decision_requirement:6cdc3edd5e8e487584bca6d058d96070,DEFINED
p1e1r4_593111b7f3bb4e32bd0a6456bba2942a/decision_requirement:6cdc3edd5e8e487584bca6d058d96070,intent_id,§7 OMIT: not this root kind,,DEFINED
p1e1r4_593111b7f3bb4e32bd0a6456bba2942a/decision_requirement:6cdc3edd5e8e487584bca6d058d96070,conflict_id,§9 OMIT: no attached conflict,,DEFINED
p1e1r4_593111b7f3bb4e32bd0a6456bba2942a/decision_requirement:6cdc3edd5e8e487584bca6d058d96070,obligation_status,§7 OMIT,,DEFINED
p1e1r4_593111b7f3bb4e32bd0a6456bba2942a/decision_requirement:6cdc3edd5e8e487584bca6d058d96070,obligation_owner,§7 OMIT,,DEFINED
p1e1r4_593111b7f3bb4e32bd0a6456bba2942a/decision_requirement:6cdc3edd5e8e487584bca6d058d96070,concrete_action_remaining,§7 OMIT,,DEFINED
p1e1r4_593111b7f3bb4e32bd0a6456bba2942a/decision_requirement:6cdc3edd5e8e487584bca6d058d96070,decision_status,"§7.2 exact decision + scoped history, never obligation cascade",decision_requirement:6cdc3edd5e8e487584bca6d058d96070|event:e27650c3275b4770bb54c4cf4726c1d9,DEFINED
p1e1r4_593111b7f3bb4e32bd0a6456bba2942a/decision_requirement:6cdc3edd5e8e487584bca6d058d96070,decision_maker_identity_id,"§7.2 exact decision + scoped history, never obligation cascade",decision_requirement:6cdc3edd5e8e487584bca6d058d96070|event:e27650c3275b4770bb54c4cf4726c1d9,DEFINED
p1e1r4_593111b7f3bb4e32bd0a6456bba2942a/decision_requirement:6cdc3edd5e8e487584bca6d058d96070,reserved_authority_class,§8 exact permission/governance/decision + current authority validation; UNKNOWN holder and OMIT delegation on unknown authority,required_next_step:8cc0fbb926504c90800dedec2327fe39|authority_domain:495c9227a73c44a69be345dabd2300f8|iris:5124d72da416429caee96d0dc7d35886|worker:003077ecb7754bc08791ea9bb99e5034|episode:91fc46c619ad4beeb0a9065b9b77b1fc|authority_lease:0015764e018b40718a3073fe7be4b8a2,DEFINED
p1e1r4_593111b7f3bb4e32bd0a6456bba2942a/decision_requirement:6cdc3edd5e8e487584bca6d058d96070,authority_holder_identity_id,§8 exact permission/governance/decision + current authority validation; UNKNOWN holder and OMIT delegation on unknown authority,required_next_step:8cc0fbb926504c90800dedec2327fe39|authority_domain:495c9227a73c44a69be345dabd2300f8|iris:5124d72da416429caee96d0dc7d35886|worker:003077ecb7754bc08791ea9bb99e5034|episode:91fc46c619ad4beeb0a9065b9b77b1fc|authority_lease:0015764e018b40718a3073fe7be4b8a2,DEFINED
p1e1r4_593111b7f3bb4e32bd0a6456bba2942a/decision_requirement:6cdc3edd5e8e487584bca6d058d96070,valid_delegation,§8 exact permission/governance/decision + current authority validation; UNKNOWN holder and OMIT delegation on unknown authority,required_next_step:8cc0fbb926504c90800dedec2327fe39|authority_domain:495c9227a73c44a69be345dabd2300f8|iris:5124d72da416429caee96d0dc7d35886|worker:003077ecb7754bc08791ea9bb99e5034|episode:91fc46c619ad4beeb0a9065b9b77b1fc|authority_lease:0015764e018b40718a3073fe7be4b8a2,DEFINED
p1e1r4_593111b7f3bb4e32bd0a6456bba2942a/decision_requirement:6cdc3edd5e8e487584bca6d058d96070,escalation_required,§7.0 exact attached material root AND same-root governance Aaron escalation; else false,,DEFINED
p1e1r4_593111b7f3bb4e32bd0a6456bba2942a/decision_requirement:6cdc3edd5e8e487584bca6d058d96070,unresolved_effect,§7.3 true only unresolved intent; otherwise false,,DEFINED
p1e1r4_593111b7f3bb4e32bd0a6456bba2942a/decision_requirement:6cdc3edd5e8e487584bca6d058d96070,material_conflict,§9 true only exact attached/conflict-only root; otherwise false,,DEFINED
p1e1r4_593111b7f3bb4e32bd0a6456bba2942a/decision_requirement:6cdc3edd5e8e487584bca6d058d96070,informational_only,"§7.0 obligation exact boolean, otherwise false",,DEFINED
p1e1r4_593111b7f3bb4e32bd0a6456bba2942a/decision_requirement:6cdc3edd5e8e487584bca6d058d96070,applicability,§4/§7 exact subject refs; intent no scoped evidence -> UNKNOWN; conflict §9.2,assertion:2017ac43cb744828b88aad5c8bc162bb,DEFINED
p1e1r4_593111b7f3bb4e32bd0a6456bba2942a/decision_requirement:6cdc3edd5e8e487584bca6d058d96070,freshness,§7.0 exact evidence closure; preserve known item dimensions through authority UNKNOWN; single case evidence source,evidence:1f38739093bc4c99994d876e0dcfd2cf,DEFINED
p1e1r4_593111b7f3bb4e32bd0a6456bba2942a/decision_requirement:6cdc3edd5e8e487584bca6d058d96070,source_identity,§7.0 exact evidence closure; preserve known item dimensions through authority UNKNOWN; single case evidence source,evidence:1f38739093bc4c99994d876e0dcfd2cf,DEFINED
p1e1r4_593111b7f3bb4e32bd0a6456bba2942a/decision_requirement:6cdc3edd5e8e487584bca6d058d96070,provenance_refs,§7.0 exact evidence closure; preserve known item dimensions through authority UNKNOWN; single case evidence source,evidence:1f38739093bc4c99994d876e0dcfd2cf,DEFINED
p1e1r4_593111b7f3bb4e32bd0a6456bba2942a/decision_requirement:6cdc3edd5e8e487584bca6d058d96070,possible_duplicate_refs,§9 exact distinct unresolved identity link other-ref array; otherwise [],,DEFINED
p1e1r4_6f43027d04774acda0ac9dd58bc2f4af/obligation:a600a4ce5ccf443bae4e9c3434cf0968,id,§7.1 e1:<case>:obligation:<exact payload>,obligation:a600a4ce5ccf443bae4e9c3434cf0968,DEFINED
p1e1r4_6f43027d04774acda0ac9dd58bc2f4af/obligation:a600a4ce5ccf443bae4e9c3434cf0968,principal_id,§5 exact AARON from case principal,p1e1r4_6f43027d04774acda0ac9dd58bc2f4af,DEFINED
p1e1r4_6f43027d04774acda0ac9dd58bc2f4af/obligation:a600a4ce5ccf443bae4e9c3434cf0968,objective_id,§6 exact objective namespace payload; §9.2 conflict subject objective,objective:9c36f9322de04539953253112779e975,DEFINED
p1e1r4_6f43027d04774acda0ac9dd58bc2f4af/obligation:a600a4ce5ccf443bae4e9c3434cf0968,obligation_id,§6/§7 exact typed-root payload,obligation:a600a4ce5ccf443bae4e9c3434cf0968,DEFINED
p1e1r4_6f43027d04774acda0ac9dd58bc2f4af/obligation:a600a4ce5ccf443bae4e9c3434cf0968,decision_requirement_id,§7 OMIT: not this root kind,,DEFINED
p1e1r4_6f43027d04774acda0ac9dd58bc2f4af/obligation:a600a4ce5ccf443bae4e9c3434cf0968,intent_id,§7 OMIT: not this root kind,,DEFINED
p1e1r4_6f43027d04774acda0ac9dd58bc2f4af/obligation:a600a4ce5ccf443bae4e9c3434cf0968,conflict_id,§9 OMIT: no attached conflict,,DEFINED
p1e1r4_6f43027d04774acda0ac9dd58bc2f4af/obligation:a600a4ce5ccf443bae4e9c3434cf0968,obligation_status,§7.1 exact obligation/governance plus exact-scoped lifecycle; action boolean AND concrete text AND not informational,obligation:a600a4ce5ccf443bae4e9c3434cf0968|governance:fbf9fe6db06641e0a31b75439d10ec0e|event:e65ace981ae34cb09cf897b239439472,DEFINED
p1e1r4_6f43027d04774acda0ac9dd58bc2f4af/obligation:a600a4ce5ccf443bae4e9c3434cf0968,obligation_owner,§7.1 exact obligation/governance plus exact-scoped lifecycle; action boolean AND concrete text AND not informational,obligation:a600a4ce5ccf443bae4e9c3434cf0968|governance:fbf9fe6db06641e0a31b75439d10ec0e|event:e65ace981ae34cb09cf897b239439472,DEFINED
p1e1r4_6f43027d04774acda0ac9dd58bc2f4af/obligation:a600a4ce5ccf443bae4e9c3434cf0968,concrete_action_remaining,§7.1 exact obligation/governance plus exact-scoped lifecycle; action boolean AND concrete text AND not informational,obligation:a600a4ce5ccf443bae4e9c3434cf0968|governance:fbf9fe6db06641e0a31b75439d10ec0e|event:e65ace981ae34cb09cf897b239439472,DEFINED
p1e1r4_6f43027d04774acda0ac9dd58bc2f4af/obligation:a600a4ce5ccf443bae4e9c3434cf0968,decision_status,§7 OMIT,,DEFINED
p1e1r4_6f43027d04774acda0ac9dd58bc2f4af/obligation:a600a4ce5ccf443bae4e9c3434cf0968,decision_maker_identity_id,§7 OMIT,,DEFINED
p1e1r4_6f43027d04774acda0ac9dd58bc2f4af/obligation:a600a4ce5ccf443bae4e9c3434cf0968,reserved_authority_class,§7/§8 OMIT: no reserved permission,,DEFINED
p1e1r4_6f43027d04774acda0ac9dd58bc2f4af/obligation:a600a4ce5ccf443bae4e9c3434cf0968,authority_holder_identity_id,§7/§8 OMIT: no reserved permission,,DEFINED
p1e1r4_6f43027d04774acda0ac9dd58bc2f4af/obligation:a600a4ce5ccf443bae4e9c3434cf0968,valid_delegation,§7/§8 OMIT: no reserved permission,,DEFINED
p1e1r4_6f43027d04774acda0ac9dd58bc2f4af/obligation:a600a4ce5ccf443bae4e9c3434cf0968,escalation_required,§7.0 exact attached material root AND same-root governance Aaron escalation; else false,governance:fbf9fe6db06641e0a31b75439d10ec0e,DEFINED
p1e1r4_6f43027d04774acda0ac9dd58bc2f4af/obligation:a600a4ce5ccf443bae4e9c3434cf0968,unresolved_effect,§7.3 true only unresolved intent; otherwise false,,DEFINED
p1e1r4_6f43027d04774acda0ac9dd58bc2f4af/obligation:a600a4ce5ccf443bae4e9c3434cf0968,material_conflict,§9 true only exact attached/conflict-only root; otherwise false,,DEFINED
p1e1r4_6f43027d04774acda0ac9dd58bc2f4af/obligation:a600a4ce5ccf443bae4e9c3434cf0968,informational_only,"§7.0 obligation exact boolean, otherwise false",obligation:a600a4ce5ccf443bae4e9c3434cf0968,DEFINED
p1e1r4_6f43027d04774acda0ac9dd58bc2f4af/obligation:a600a4ce5ccf443bae4e9c3434cf0968,applicability,§4/§7 exact subject refs; intent no scoped evidence -> UNKNOWN; conflict §9.2,assertion:5d9fa0d2e9f449cbb91af41247a5edc5|governance:fbf9fe6db06641e0a31b75439d10ec0e,DEFINED
p1e1r4_6f43027d04774acda0ac9dd58bc2f4af/obligation:a600a4ce5ccf443bae4e9c3434cf0968,freshness,§7.0 exact evidence closure; preserve known item dimensions through authority UNKNOWN; single case evidence source,evidence:128291e6c8ef4b0382a4fc5f841ecc55,DEFINED
p1e1r4_6f43027d04774acda0ac9dd58bc2f4af/obligation:a600a4ce5ccf443bae4e9c3434cf0968,source_identity,§7.0 exact evidence closure; preserve known item dimensions through authority UNKNOWN; single case evidence source,evidence:128291e6c8ef4b0382a4fc5f841ecc55,DEFINED
p1e1r4_6f43027d04774acda0ac9dd58bc2f4af/obligation:a600a4ce5ccf443bae4e9c3434cf0968,provenance_refs,§7.0 exact evidence closure; preserve known item dimensions through authority UNKNOWN; single case evidence source,evidence:128291e6c8ef4b0382a4fc5f841ecc55,DEFINED
p1e1r4_6f43027d04774acda0ac9dd58bc2f4af/obligation:a600a4ce5ccf443bae4e9c3434cf0968,possible_duplicate_refs,§9 exact distinct unresolved identity link other-ref array; otherwise [],,DEFINED
p1e1r4_6f43027d04774acda0ac9dd58bc2f4af/decision_requirement:293ea3c456b0465fab1063a03c44d034,id,§7.2 e1:<case>:decision:<exact payload>,decision_requirement:293ea3c456b0465fab1063a03c44d034,DEFINED
p1e1r4_6f43027d04774acda0ac9dd58bc2f4af/decision_requirement:293ea3c456b0465fab1063a03c44d034,principal_id,§5 exact AARON from case principal,p1e1r4_6f43027d04774acda0ac9dd58bc2f4af,DEFINED
p1e1r4_6f43027d04774acda0ac9dd58bc2f4af/decision_requirement:293ea3c456b0465fab1063a03c44d034,objective_id,§6 exact objective namespace payload; §9.2 conflict subject objective,objective:9c36f9322de04539953253112779e975,DEFINED
p1e1r4_6f43027d04774acda0ac9dd58bc2f4af/decision_requirement:293ea3c456b0465fab1063a03c44d034,obligation_id,§7 OMIT: not this root kind,,DEFINED
p1e1r4_6f43027d04774acda0ac9dd58bc2f4af/decision_requirement:293ea3c456b0465fab1063a03c44d034,decision_requirement_id,§6/§7 exact typed-root payload,decision_requirement:293ea3c456b0465fab1063a03c44d034,DEFINED
p1e1r4_6f43027d04774acda0ac9dd58bc2f4af/decision_requirement:293ea3c456b0465fab1063a03c44d034,intent_id,§7 OMIT: not this root kind,,DEFINED
p1e1r4_6f43027d04774acda0ac9dd58bc2f4af/decision_requirement:293ea3c456b0465fab1063a03c44d034,conflict_id,§9 OMIT: no attached conflict,,DEFINED
p1e1r4_6f43027d04774acda0ac9dd58bc2f4af/decision_requirement:293ea3c456b0465fab1063a03c44d034,obligation_status,§7 OMIT,,DEFINED
p1e1r4_6f43027d04774acda0ac9dd58bc2f4af/decision_requirement:293ea3c456b0465fab1063a03c44d034,obligation_owner,§7 OMIT,,DEFINED
p1e1r4_6f43027d04774acda0ac9dd58bc2f4af/decision_requirement:293ea3c456b0465fab1063a03c44d034,concrete_action_remaining,§7 OMIT,,DEFINED
p1e1r4_6f43027d04774acda0ac9dd58bc2f4af/decision_requirement:293ea3c456b0465fab1063a03c44d034,decision_status,"§7.2 exact decision + scoped history, never obligation cascade",decision_requirement:293ea3c456b0465fab1063a03c44d034|event:e65ace981ae34cb09cf897b239439472,DEFINED
p1e1r4_6f43027d04774acda0ac9dd58bc2f4af/decision_requirement:293ea3c456b0465fab1063a03c44d034,decision_maker_identity_id,"§7.2 exact decision + scoped history, never obligation cascade",decision_requirement:293ea3c456b0465fab1063a03c44d034|event:e65ace981ae34cb09cf897b239439472,DEFINED
p1e1r4_6f43027d04774acda0ac9dd58bc2f4af/decision_requirement:293ea3c456b0465fab1063a03c44d034,reserved_authority_class,§7/§8 OMIT: no reserved permission,,DEFINED
p1e1r4_6f43027d04774acda0ac9dd58bc2f4af/decision_requirement:293ea3c456b0465fab1063a03c44d034,authority_holder_identity_id,§7/§8 OMIT: no reserved permission,,DEFINED
p1e1r4_6f43027d04774acda0ac9dd58bc2f4af/decision_requirement:293ea3c456b0465fab1063a03c44d034,valid_delegation,§7/§8 OMIT: no reserved permission,,DEFINED
p1e1r4_6f43027d04774acda0ac9dd58bc2f4af/decision_requirement:293ea3c456b0465fab1063a03c44d034,escalation_required,§7.0 exact attached material root AND same-root governance Aaron escalation; else false,,DEFINED
p1e1r4_6f43027d04774acda0ac9dd58bc2f4af/decision_requirement:293ea3c456b0465fab1063a03c44d034,unresolved_effect,§7.3 true only unresolved intent; otherwise false,,DEFINED
p1e1r4_6f43027d04774acda0ac9dd58bc2f4af/decision_requirement:293ea3c456b0465fab1063a03c44d034,material_conflict,§9 true only exact attached/conflict-only root; otherwise false,,DEFINED
p1e1r4_6f43027d04774acda0ac9dd58bc2f4af/decision_requirement:293ea3c456b0465fab1063a03c44d034,informational_only,"§7.0 obligation exact boolean, otherwise false",,DEFINED
p1e1r4_6f43027d04774acda0ac9dd58bc2f4af/decision_requirement:293ea3c456b0465fab1063a03c44d034,applicability,§4/§7 exact subject refs; intent no scoped evidence -> UNKNOWN; conflict §9.2,assertion:5d9fa0d2e9f449cbb91af41247a5edc5,DEFINED
p1e1r4_6f43027d04774acda0ac9dd58bc2f4af/decision_requirement:293ea3c456b0465fab1063a03c44d034,freshness,§7.0 exact evidence closure; preserve known item dimensions through authority UNKNOWN; single case evidence source,evidence:128291e6c8ef4b0382a4fc5f841ecc55,DEFINED
p1e1r4_6f43027d04774acda0ac9dd58bc2f4af/decision_requirement:293ea3c456b0465fab1063a03c44d034,source_identity,§7.0 exact evidence closure; preserve known item dimensions through authority UNKNOWN; single case evidence source,evidence:128291e6c8ef4b0382a4fc5f841ecc55,DEFINED
p1e1r4_6f43027d04774acda0ac9dd58bc2f4af/decision_requirement:293ea3c456b0465fab1063a03c44d034,provenance_refs,§7.0 exact evidence closure; preserve known item dimensions through authority UNKNOWN; single case evidence source,evidence:128291e6c8ef4b0382a4fc5f841ecc55,DEFINED
p1e1r4_6f43027d04774acda0ac9dd58bc2f4af/decision_requirement:293ea3c456b0465fab1063a03c44d034,possible_duplicate_refs,§9 exact distinct unresolved identity link other-ref array; otherwise [],,DEFINED
p1e1r4_6f43027d04774acda0ac9dd58bc2f4af/intent:d250c2cf94104b61abafbfffcbb842fe,id,§7.3 e1:<case>:intent:<exact payload>,intent:d250c2cf94104b61abafbfffcbb842fe,DEFINED
p1e1r4_6f43027d04774acda0ac9dd58bc2f4af/intent:d250c2cf94104b61abafbfffcbb842fe,principal_id,§5 exact AARON from case principal,p1e1r4_6f43027d04774acda0ac9dd58bc2f4af,DEFINED
p1e1r4_6f43027d04774acda0ac9dd58bc2f4af/intent:d250c2cf94104b61abafbfffcbb842fe,objective_id,§6 exact objective namespace payload; §9.2 conflict subject objective,objective:9c36f9322de04539953253112779e975,DEFINED
p1e1r4_6f43027d04774acda0ac9dd58bc2f4af/intent:d250c2cf94104b61abafbfffcbb842fe,obligation_id,§7 OMIT: not this root kind,,DEFINED
p1e1r4_6f43027d04774acda0ac9dd58bc2f4af/intent:d250c2cf94104b61abafbfffcbb842fe,decision_requirement_id,§7 OMIT: not this root kind,,DEFINED
p1e1r4_6f43027d04774acda0ac9dd58bc2f4af/intent:d250c2cf94104b61abafbfffcbb842fe,intent_id,§6/§7 exact typed-root payload,intent:d250c2cf94104b61abafbfffcbb842fe,DEFINED
p1e1r4_6f43027d04774acda0ac9dd58bc2f4af/intent:d250c2cf94104b61abafbfffcbb842fe,conflict_id,§9 OMIT: no attached conflict,,DEFINED
p1e1r4_6f43027d04774acda0ac9dd58bc2f4af/intent:d250c2cf94104b61abafbfffcbb842fe,obligation_status,§7 OMIT,,DEFINED
p1e1r4_6f43027d04774acda0ac9dd58bc2f4af/intent:d250c2cf94104b61abafbfffcbb842fe,obligation_owner,§7 OMIT,,DEFINED
p1e1r4_6f43027d04774acda0ac9dd58bc2f4af/intent:d250c2cf94104b61abafbfffcbb842fe,concrete_action_remaining,§7 OMIT,,DEFINED
p1e1r4_6f43027d04774acda0ac9dd58bc2f4af/intent:d250c2cf94104b61abafbfffcbb842fe,decision_status,§7 OMIT,,DEFINED
p1e1r4_6f43027d04774acda0ac9dd58bc2f4af/intent:d250c2cf94104b61abafbfffcbb842fe,decision_maker_identity_id,§7 OMIT,,DEFINED
p1e1r4_6f43027d04774acda0ac9dd58bc2f4af/intent:d250c2cf94104b61abafbfffcbb842fe,reserved_authority_class,§7/§8 OMIT: no reserved permission,,DEFINED
p1e1r4_6f43027d04774acda0ac9dd58bc2f4af/intent:d250c2cf94104b61abafbfffcbb842fe,authority_holder_identity_id,§7/§8 OMIT: no reserved permission,,DEFINED
p1e1r4_6f43027d04774acda0ac9dd58bc2f4af/intent:d250c2cf94104b61abafbfffcbb842fe,valid_delegation,§7/§8 OMIT: no reserved permission,,DEFINED
p1e1r4_6f43027d04774acda0ac9dd58bc2f4af/intent:d250c2cf94104b61abafbfffcbb842fe,escalation_required,§7.0 exact attached material root AND same-root governance Aaron escalation; else false,,DEFINED
p1e1r4_6f43027d04774acda0ac9dd58bc2f4af/intent:d250c2cf94104b61abafbfffcbb842fe,unresolved_effect,§7.3 true only unresolved intent; otherwise false,effect_record:6a845889e9bd49199ee1ca3cd6223312,DEFINED
p1e1r4_6f43027d04774acda0ac9dd58bc2f4af/intent:d250c2cf94104b61abafbfffcbb842fe,material_conflict,§9 true only exact attached/conflict-only root; otherwise false,,DEFINED
p1e1r4_6f43027d04774acda0ac9dd58bc2f4af/intent:d250c2cf94104b61abafbfffcbb842fe,informational_only,"§7.0 obligation exact boolean, otherwise false",,DEFINED
p1e1r4_6f43027d04774acda0ac9dd58bc2f4af/intent:d250c2cf94104b61abafbfffcbb842fe,applicability,§4/§7 exact subject refs; intent no scoped evidence -> UNKNOWN; conflict §9.2,,DEFINED
p1e1r4_6f43027d04774acda0ac9dd58bc2f4af/intent:d250c2cf94104b61abafbfffcbb842fe,freshness,§7.0 exact evidence closure; preserve known item dimensions through authority UNKNOWN; single case evidence source,evidence:128291e6c8ef4b0382a4fc5f841ecc55,DEFINED
p1e1r4_6f43027d04774acda0ac9dd58bc2f4af/intent:d250c2cf94104b61abafbfffcbb842fe,source_identity,§7.0 exact evidence closure; preserve known item dimensions through authority UNKNOWN; single case evidence source,evidence:128291e6c8ef4b0382a4fc5f841ecc55,DEFINED
p1e1r4_6f43027d04774acda0ac9dd58bc2f4af/intent:d250c2cf94104b61abafbfffcbb842fe,provenance_refs,§7.0 exact evidence closure; preserve known item dimensions through authority UNKNOWN; single case evidence source,evidence:128291e6c8ef4b0382a4fc5f841ecc55,DEFINED
p1e1r4_6f43027d04774acda0ac9dd58bc2f4af/intent:d250c2cf94104b61abafbfffcbb842fe,possible_duplicate_refs,§9 exact distinct unresolved identity link other-ref array; otherwise [],,DEFINED
p1e1r4_74f2cf49960f40bfa3823273642a9ba7/obligation:015fc643a75841eda43f5afb57ca93bf,id,§7.1 e1:<case>:obligation:<exact payload>,obligation:015fc643a75841eda43f5afb57ca93bf,DEFINED
p1e1r4_74f2cf49960f40bfa3823273642a9ba7/obligation:015fc643a75841eda43f5afb57ca93bf,principal_id,§5 exact AARON from case principal,p1e1r4_74f2cf49960f40bfa3823273642a9ba7,DEFINED
p1e1r4_74f2cf49960f40bfa3823273642a9ba7/obligation:015fc643a75841eda43f5afb57ca93bf,objective_id,§6 exact objective namespace payload; §9.2 conflict subject objective,objective:35f09ac68a034a6fa10fc4e4821bd670,DEFINED
p1e1r4_74f2cf49960f40bfa3823273642a9ba7/obligation:015fc643a75841eda43f5afb57ca93bf,obligation_id,§6/§7 exact typed-root payload,obligation:015fc643a75841eda43f5afb57ca93bf,DEFINED
p1e1r4_74f2cf49960f40bfa3823273642a9ba7/obligation:015fc643a75841eda43f5afb57ca93bf,decision_requirement_id,§7 OMIT: not this root kind,,DEFINED
p1e1r4_74f2cf49960f40bfa3823273642a9ba7/obligation:015fc643a75841eda43f5afb57ca93bf,intent_id,§7 OMIT: not this root kind,,DEFINED
p1e1r4_74f2cf49960f40bfa3823273642a9ba7/obligation:015fc643a75841eda43f5afb57ca93bf,conflict_id,§9 OMIT: no attached conflict,,DEFINED
p1e1r4_74f2cf49960f40bfa3823273642a9ba7/obligation:015fc643a75841eda43f5afb57ca93bf,obligation_status,§7.1 exact obligation/governance plus exact-scoped lifecycle; action boolean AND concrete text AND not informational,obligation:015fc643a75841eda43f5afb57ca93bf|governance:fa6135de42884624a1ac989bfc70d27e|event:f4fbac3053bb40d0bcdc21e42c088440,DEFINED
p1e1r4_74f2cf49960f40bfa3823273642a9ba7/obligation:015fc643a75841eda43f5afb57ca93bf,obligation_owner,§7.1 exact obligation/governance plus exact-scoped lifecycle; action boolean AND concrete text AND not informational,obligation:015fc643a75841eda43f5afb57ca93bf|governance:fa6135de42884624a1ac989bfc70d27e|event:f4fbac3053bb40d0bcdc21e42c088440,DEFINED
p1e1r4_74f2cf49960f40bfa3823273642a9ba7/obligation:015fc643a75841eda43f5afb57ca93bf,concrete_action_remaining,§7.1 exact obligation/governance plus exact-scoped lifecycle; action boolean AND concrete text AND not informational,obligation:015fc643a75841eda43f5afb57ca93bf|governance:fa6135de42884624a1ac989bfc70d27e|event:f4fbac3053bb40d0bcdc21e42c088440,DEFINED
p1e1r4_74f2cf49960f40bfa3823273642a9ba7/obligation:015fc643a75841eda43f5afb57ca93bf,decision_status,§7 OMIT,,DEFINED
p1e1r4_74f2cf49960f40bfa3823273642a9ba7/obligation:015fc643a75841eda43f5afb57ca93bf,decision_maker_identity_id,§7 OMIT,,DEFINED
p1e1r4_74f2cf49960f40bfa3823273642a9ba7/obligation:015fc643a75841eda43f5afb57ca93bf,reserved_authority_class,§7/§8 OMIT: no reserved permission,,DEFINED
p1e1r4_74f2cf49960f40bfa3823273642a9ba7/obligation:015fc643a75841eda43f5afb57ca93bf,authority_holder_identity_id,§7/§8 OMIT: no reserved permission,,DEFINED
p1e1r4_74f2cf49960f40bfa3823273642a9ba7/obligation:015fc643a75841eda43f5afb57ca93bf,valid_delegation,§7/§8 OMIT: no reserved permission,,DEFINED
p1e1r4_74f2cf49960f40bfa3823273642a9ba7/obligation:015fc643a75841eda43f5afb57ca93bf,escalation_required,§7.0 exact attached material root AND same-root governance Aaron escalation; else false,governance:fa6135de42884624a1ac989bfc70d27e,DEFINED
p1e1r4_74f2cf49960f40bfa3823273642a9ba7/obligation:015fc643a75841eda43f5afb57ca93bf,unresolved_effect,§7.3 true only unresolved intent; otherwise false,,DEFINED
p1e1r4_74f2cf49960f40bfa3823273642a9ba7/obligation:015fc643a75841eda43f5afb57ca93bf,material_conflict,§9 true only exact attached/conflict-only root; otherwise false,,DEFINED
p1e1r4_74f2cf49960f40bfa3823273642a9ba7/obligation:015fc643a75841eda43f5afb57ca93bf,informational_only,"§7.0 obligation exact boolean, otherwise false",obligation:015fc643a75841eda43f5afb57ca93bf,DEFINED
p1e1r4_74f2cf49960f40bfa3823273642a9ba7/obligation:015fc643a75841eda43f5afb57ca93bf,applicability,§4/§7 exact subject refs; intent no scoped evidence -> UNKNOWN; conflict §9.2,assertion:516bf895b33b42609820c39ea63a30dc|governance:fa6135de42884624a1ac989bfc70d27e,DEFINED
p1e1r4_74f2cf49960f40bfa3823273642a9ba7/obligation:015fc643a75841eda43f5afb57ca93bf,freshness,§7.0 exact evidence closure; preserve known item dimensions through authority UNKNOWN; single case evidence source,evidence:9c790db3d1004a38a8087b59bea41d0a,DEFINED
p1e1r4_74f2cf49960f40bfa3823273642a9ba7/obligation:015fc643a75841eda43f5afb57ca93bf,source_identity,§7.0 exact evidence closure; preserve known item dimensions through authority UNKNOWN; single case evidence source,evidence:9c790db3d1004a38a8087b59bea41d0a,DEFINED
p1e1r4_74f2cf49960f40bfa3823273642a9ba7/obligation:015fc643a75841eda43f5afb57ca93bf,provenance_refs,§7.0 exact evidence closure; preserve known item dimensions through authority UNKNOWN; single case evidence source,evidence:9c790db3d1004a38a8087b59bea41d0a,DEFINED
p1e1r4_74f2cf49960f40bfa3823273642a9ba7/obligation:015fc643a75841eda43f5afb57ca93bf,possible_duplicate_refs,§9 exact distinct unresolved identity link other-ref array; otherwise [],,DEFINED
p1e1r4_74f2cf49960f40bfa3823273642a9ba7/decision_requirement:8b2582ae02c94705a0f3ab3290239097,id,§7.2 e1:<case>:decision:<exact payload>,decision_requirement:8b2582ae02c94705a0f3ab3290239097,DEFINED
p1e1r4_74f2cf49960f40bfa3823273642a9ba7/decision_requirement:8b2582ae02c94705a0f3ab3290239097,principal_id,§5 exact AARON from case principal,p1e1r4_74f2cf49960f40bfa3823273642a9ba7,DEFINED
p1e1r4_74f2cf49960f40bfa3823273642a9ba7/decision_requirement:8b2582ae02c94705a0f3ab3290239097,objective_id,§6 exact objective namespace payload; §9.2 conflict subject objective,objective:35f09ac68a034a6fa10fc4e4821bd670,DEFINED
p1e1r4_74f2cf49960f40bfa3823273642a9ba7/decision_requirement:8b2582ae02c94705a0f3ab3290239097,obligation_id,§7 OMIT: not this root kind,,DEFINED
p1e1r4_74f2cf49960f40bfa3823273642a9ba7/decision_requirement:8b2582ae02c94705a0f3ab3290239097,decision_requirement_id,§6/§7 exact typed-root payload,decision_requirement:8b2582ae02c94705a0f3ab3290239097,DEFINED
p1e1r4_74f2cf49960f40bfa3823273642a9ba7/decision_requirement:8b2582ae02c94705a0f3ab3290239097,intent_id,§7 OMIT: not this root kind,,DEFINED
p1e1r4_74f2cf49960f40bfa3823273642a9ba7/decision_requirement:8b2582ae02c94705a0f3ab3290239097,conflict_id,§9 OMIT: no attached conflict,,DEFINED
p1e1r4_74f2cf49960f40bfa3823273642a9ba7/decision_requirement:8b2582ae02c94705a0f3ab3290239097,obligation_status,§7 OMIT,,DEFINED
p1e1r4_74f2cf49960f40bfa3823273642a9ba7/decision_requirement:8b2582ae02c94705a0f3ab3290239097,obligation_owner,§7 OMIT,,DEFINED
p1e1r4_74f2cf49960f40bfa3823273642a9ba7/decision_requirement:8b2582ae02c94705a0f3ab3290239097,concrete_action_remaining,§7 OMIT,,DEFINED
p1e1r4_74f2cf49960f40bfa3823273642a9ba7/decision_requirement:8b2582ae02c94705a0f3ab3290239097,decision_status,"§7.2 exact decision + scoped history, never obligation cascade",decision_requirement:8b2582ae02c94705a0f3ab3290239097|event:f4fbac3053bb40d0bcdc21e42c088440,DEFINED
p1e1r4_74f2cf49960f40bfa3823273642a9ba7/decision_requirement:8b2582ae02c94705a0f3ab3290239097,decision_maker_identity_id,"§7.2 exact decision + scoped history, never obligation cascade",decision_requirement:8b2582ae02c94705a0f3ab3290239097|event:f4fbac3053bb40d0bcdc21e42c088440,DEFINED
p1e1r4_74f2cf49960f40bfa3823273642a9ba7/decision_requirement:8b2582ae02c94705a0f3ab3290239097,reserved_authority_class,§7/§8 OMIT: no reserved permission,,DEFINED
p1e1r4_74f2cf49960f40bfa3823273642a9ba7/decision_requirement:8b2582ae02c94705a0f3ab3290239097,authority_holder_identity_id,§7/§8 OMIT: no reserved permission,,DEFINED
p1e1r4_74f2cf49960f40bfa3823273642a9ba7/decision_requirement:8b2582ae02c94705a0f3ab3290239097,valid_delegation,§7/§8 OMIT: no reserved permission,,DEFINED
p1e1r4_74f2cf49960f40bfa3823273642a9ba7/decision_requirement:8b2582ae02c94705a0f3ab3290239097,escalation_required,§7.0 exact attached material root AND same-root governance Aaron escalation; else false,,DEFINED
p1e1r4_74f2cf49960f40bfa3823273642a9ba7/decision_requirement:8b2582ae02c94705a0f3ab3290239097,unresolved_effect,§7.3 true only unresolved intent; otherwise false,,DEFINED
p1e1r4_74f2cf49960f40bfa3823273642a9ba7/decision_requirement:8b2582ae02c94705a0f3ab3290239097,material_conflict,§9 true only exact attached/conflict-only root; otherwise false,,DEFINED
p1e1r4_74f2cf49960f40bfa3823273642a9ba7/decision_requirement:8b2582ae02c94705a0f3ab3290239097,informational_only,"§7.0 obligation exact boolean, otherwise false",,DEFINED
p1e1r4_74f2cf49960f40bfa3823273642a9ba7/decision_requirement:8b2582ae02c94705a0f3ab3290239097,applicability,§4/§7 exact subject refs; intent no scoped evidence -> UNKNOWN; conflict §9.2,assertion:516bf895b33b42609820c39ea63a30dc,DEFINED
p1e1r4_74f2cf49960f40bfa3823273642a9ba7/decision_requirement:8b2582ae02c94705a0f3ab3290239097,freshness,§7.0 exact evidence closure; preserve known item dimensions through authority UNKNOWN; single case evidence source,evidence:9c790db3d1004a38a8087b59bea41d0a,DEFINED
p1e1r4_74f2cf49960f40bfa3823273642a9ba7/decision_requirement:8b2582ae02c94705a0f3ab3290239097,source_identity,§7.0 exact evidence closure; preserve known item dimensions through authority UNKNOWN; single case evidence source,evidence:9c790db3d1004a38a8087b59bea41d0a,DEFINED
p1e1r4_74f2cf49960f40bfa3823273642a9ba7/decision_requirement:8b2582ae02c94705a0f3ab3290239097,provenance_refs,§7.0 exact evidence closure; preserve known item dimensions through authority UNKNOWN; single case evidence source,evidence:9c790db3d1004a38a8087b59bea41d0a,DEFINED
p1e1r4_74f2cf49960f40bfa3823273642a9ba7/decision_requirement:8b2582ae02c94705a0f3ab3290239097,possible_duplicate_refs,§9 exact distinct unresolved identity link other-ref array; otherwise [],,DEFINED
p1e1r4_7dcf3c720886405b8a462f3585e9a6b9/obligation:26a2a9fb563d48a1b7fa0dd079b24e82,id,§7.1 e1:<case>:obligation:<exact payload>,obligation:26a2a9fb563d48a1b7fa0dd079b24e82,DEFINED
p1e1r4_7dcf3c720886405b8a462f3585e9a6b9/obligation:26a2a9fb563d48a1b7fa0dd079b24e82,principal_id,§5 exact AARON from case principal,p1e1r4_7dcf3c720886405b8a462f3585e9a6b9,DEFINED
p1e1r4_7dcf3c720886405b8a462f3585e9a6b9/obligation:26a2a9fb563d48a1b7fa0dd079b24e82,objective_id,§6 exact objective namespace payload; §9.2 conflict subject objective,objective:e42cdb1dbb794b578051a4c8de8dfd8c,DEFINED
p1e1r4_7dcf3c720886405b8a462f3585e9a6b9/obligation:26a2a9fb563d48a1b7fa0dd079b24e82,obligation_id,§6/§7 exact typed-root payload,obligation:26a2a9fb563d48a1b7fa0dd079b24e82,DEFINED
p1e1r4_7dcf3c720886405b8a462f3585e9a6b9/obligation:26a2a9fb563d48a1b7fa0dd079b24e82,decision_requirement_id,§7 OMIT: not this root kind,,DEFINED
p1e1r4_7dcf3c720886405b8a462f3585e9a6b9/obligation:26a2a9fb563d48a1b7fa0dd079b24e82,intent_id,§7 OMIT: not this root kind,,DEFINED
p1e1r4_7dcf3c720886405b8a462f3585e9a6b9/obligation:26a2a9fb563d48a1b7fa0dd079b24e82,conflict_id,§9 OMIT: no attached conflict,,DEFINED
p1e1r4_7dcf3c720886405b8a462f3585e9a6b9/obligation:26a2a9fb563d48a1b7fa0dd079b24e82,obligation_status,§7.1 exact obligation/governance plus exact-scoped lifecycle; action boolean AND concrete text AND not informational,obligation:26a2a9fb563d48a1b7fa0dd079b24e82|governance:ed5b7b6770fe42be8baf91be9d48bf8a|event:d4d87beff80f4877a1ade67557132d71,DEFINED
p1e1r4_7dcf3c720886405b8a462f3585e9a6b9/obligation:26a2a9fb563d48a1b7fa0dd079b24e82,obligation_owner,§7.1 exact obligation/governance plus exact-scoped lifecycle; action boolean AND concrete text AND not informational,obligation:26a2a9fb563d48a1b7fa0dd079b24e82|governance:ed5b7b6770fe42be8baf91be9d48bf8a|event:d4d87beff80f4877a1ade67557132d71,DEFINED
p1e1r4_7dcf3c720886405b8a462f3585e9a6b9/obligation:26a2a9fb563d48a1b7fa0dd079b24e82,concrete_action_remaining,§7.1 exact obligation/governance plus exact-scoped lifecycle; action boolean AND concrete text AND not informational,obligation:26a2a9fb563d48a1b7fa0dd079b24e82|governance:ed5b7b6770fe42be8baf91be9d48bf8a|event:d4d87beff80f4877a1ade67557132d71,DEFINED
p1e1r4_7dcf3c720886405b8a462f3585e9a6b9/obligation:26a2a9fb563d48a1b7fa0dd079b24e82,decision_status,§7 OMIT,,DEFINED
p1e1r4_7dcf3c720886405b8a462f3585e9a6b9/obligation:26a2a9fb563d48a1b7fa0dd079b24e82,decision_maker_identity_id,§7 OMIT,,DEFINED
p1e1r4_7dcf3c720886405b8a462f3585e9a6b9/obligation:26a2a9fb563d48a1b7fa0dd079b24e82,reserved_authority_class,§7/§8 OMIT: no reserved permission,,DEFINED
p1e1r4_7dcf3c720886405b8a462f3585e9a6b9/obligation:26a2a9fb563d48a1b7fa0dd079b24e82,authority_holder_identity_id,§7/§8 OMIT: no reserved permission,,DEFINED
p1e1r4_7dcf3c720886405b8a462f3585e9a6b9/obligation:26a2a9fb563d48a1b7fa0dd079b24e82,valid_delegation,§7/§8 OMIT: no reserved permission,,DEFINED
p1e1r4_7dcf3c720886405b8a462f3585e9a6b9/obligation:26a2a9fb563d48a1b7fa0dd079b24e82,escalation_required,§7.0 exact attached material root AND same-root governance Aaron escalation; else false,governance:ed5b7b6770fe42be8baf91be9d48bf8a,DEFINED
p1e1r4_7dcf3c720886405b8a462f3585e9a6b9/obligation:26a2a9fb563d48a1b7fa0dd079b24e82,unresolved_effect,§7.3 true only unresolved intent; otherwise false,,DEFINED
p1e1r4_7dcf3c720886405b8a462f3585e9a6b9/obligation:26a2a9fb563d48a1b7fa0dd079b24e82,material_conflict,§9 true only exact attached/conflict-only root; otherwise false,,DEFINED
p1e1r4_7dcf3c720886405b8a462f3585e9a6b9/obligation:26a2a9fb563d48a1b7fa0dd079b24e82,informational_only,"§7.0 obligation exact boolean, otherwise false",obligation:26a2a9fb563d48a1b7fa0dd079b24e82,DEFINED
p1e1r4_7dcf3c720886405b8a462f3585e9a6b9/obligation:26a2a9fb563d48a1b7fa0dd079b24e82,applicability,§4/§7 exact subject refs; intent no scoped evidence -> UNKNOWN; conflict §9.2,assertion:cbcd337199ed4b00b005298e8c402009|governance:ed5b7b6770fe42be8baf91be9d48bf8a,DEFINED
p1e1r4_7dcf3c720886405b8a462f3585e9a6b9/obligation:26a2a9fb563d48a1b7fa0dd079b24e82,freshness,§7.0 exact evidence closure; preserve known item dimensions through authority UNKNOWN; single case evidence source,evidence:49973cfa00f04c609275329e4e5cafcb,DEFINED
p1e1r4_7dcf3c720886405b8a462f3585e9a6b9/obligation:26a2a9fb563d48a1b7fa0dd079b24e82,source_identity,§7.0 exact evidence closure; preserve known item dimensions through authority UNKNOWN; single case evidence source,evidence:49973cfa00f04c609275329e4e5cafcb,DEFINED
p1e1r4_7dcf3c720886405b8a462f3585e9a6b9/obligation:26a2a9fb563d48a1b7fa0dd079b24e82,provenance_refs,§7.0 exact evidence closure; preserve known item dimensions through authority UNKNOWN; single case evidence source,evidence:49973cfa00f04c609275329e4e5cafcb,DEFINED
p1e1r4_7dcf3c720886405b8a462f3585e9a6b9/obligation:26a2a9fb563d48a1b7fa0dd079b24e82,possible_duplicate_refs,§9 exact distinct unresolved identity link other-ref array; otherwise [],,DEFINED
p1e1r4_7dcf3c720886405b8a462f3585e9a6b9/decision_requirement:954838a57f4648d4a03eaff65a1ecad9,id,§7.2 e1:<case>:decision:<exact payload>,decision_requirement:954838a57f4648d4a03eaff65a1ecad9,DEFINED
p1e1r4_7dcf3c720886405b8a462f3585e9a6b9/decision_requirement:954838a57f4648d4a03eaff65a1ecad9,principal_id,§5 exact AARON from case principal,p1e1r4_7dcf3c720886405b8a462f3585e9a6b9,DEFINED
p1e1r4_7dcf3c720886405b8a462f3585e9a6b9/decision_requirement:954838a57f4648d4a03eaff65a1ecad9,objective_id,§6 exact objective namespace payload; §9.2 conflict subject objective,objective:e42cdb1dbb794b578051a4c8de8dfd8c,DEFINED
p1e1r4_7dcf3c720886405b8a462f3585e9a6b9/decision_requirement:954838a57f4648d4a03eaff65a1ecad9,obligation_id,§7 OMIT: not this root kind,,DEFINED
p1e1r4_7dcf3c720886405b8a462f3585e9a6b9/decision_requirement:954838a57f4648d4a03eaff65a1ecad9,decision_requirement_id,§6/§7 exact typed-root payload,decision_requirement:954838a57f4648d4a03eaff65a1ecad9,DEFINED
p1e1r4_7dcf3c720886405b8a462f3585e9a6b9/decision_requirement:954838a57f4648d4a03eaff65a1ecad9,intent_id,§7 OMIT: not this root kind,,DEFINED
p1e1r4_7dcf3c720886405b8a462f3585e9a6b9/decision_requirement:954838a57f4648d4a03eaff65a1ecad9,conflict_id,§9 OMIT: no attached conflict,,DEFINED
p1e1r4_7dcf3c720886405b8a462f3585e9a6b9/decision_requirement:954838a57f4648d4a03eaff65a1ecad9,obligation_status,§7 OMIT,,DEFINED
p1e1r4_7dcf3c720886405b8a462f3585e9a6b9/decision_requirement:954838a57f4648d4a03eaff65a1ecad9,obligation_owner,§7 OMIT,,DEFINED
p1e1r4_7dcf3c720886405b8a462f3585e9a6b9/decision_requirement:954838a57f4648d4a03eaff65a1ecad9,concrete_action_remaining,§7 OMIT,,DEFINED
p1e1r4_7dcf3c720886405b8a462f3585e9a6b9/decision_requirement:954838a57f4648d4a03eaff65a1ecad9,decision_status,"§7.2 exact decision + scoped history, never obligation cascade",decision_requirement:954838a57f4648d4a03eaff65a1ecad9|event:d4d87beff80f4877a1ade67557132d71|action_decision:2bf98c1601504edfaa06b0cfd7b384be,DEFINED
p1e1r4_7dcf3c720886405b8a462f3585e9a6b9/decision_requirement:954838a57f4648d4a03eaff65a1ecad9,decision_maker_identity_id,"§7.2 exact decision + scoped history, never obligation cascade",decision_requirement:954838a57f4648d4a03eaff65a1ecad9|event:d4d87beff80f4877a1ade67557132d71|action_decision:2bf98c1601504edfaa06b0cfd7b384be,DEFINED
p1e1r4_7dcf3c720886405b8a462f3585e9a6b9/decision_requirement:954838a57f4648d4a03eaff65a1ecad9,reserved_authority_class,§7/§8 OMIT: no reserved permission,,DEFINED
p1e1r4_7dcf3c720886405b8a462f3585e9a6b9/decision_requirement:954838a57f4648d4a03eaff65a1ecad9,authority_holder_identity_id,§7/§8 OMIT: no reserved permission,,DEFINED
p1e1r4_7dcf3c720886405b8a462f3585e9a6b9/decision_requirement:954838a57f4648d4a03eaff65a1ecad9,valid_delegation,§7/§8 OMIT: no reserved permission,,DEFINED
p1e1r4_7dcf3c720886405b8a462f3585e9a6b9/decision_requirement:954838a57f4648d4a03eaff65a1ecad9,escalation_required,§7.0 exact attached material root AND same-root governance Aaron escalation; else false,,DEFINED
p1e1r4_7dcf3c720886405b8a462f3585e9a6b9/decision_requirement:954838a57f4648d4a03eaff65a1ecad9,unresolved_effect,§7.3 true only unresolved intent; otherwise false,,DEFINED
p1e1r4_7dcf3c720886405b8a462f3585e9a6b9/decision_requirement:954838a57f4648d4a03eaff65a1ecad9,material_conflict,§9 true only exact attached/conflict-only root; otherwise false,,DEFINED
p1e1r4_7dcf3c720886405b8a462f3585e9a6b9/decision_requirement:954838a57f4648d4a03eaff65a1ecad9,informational_only,"§7.0 obligation exact boolean, otherwise false",,DEFINED
p1e1r4_7dcf3c720886405b8a462f3585e9a6b9/decision_requirement:954838a57f4648d4a03eaff65a1ecad9,applicability,§4/§7 exact subject refs; intent no scoped evidence -> UNKNOWN; conflict §9.2,assertion:cbcd337199ed4b00b005298e8c402009,DEFINED
p1e1r4_7dcf3c720886405b8a462f3585e9a6b9/decision_requirement:954838a57f4648d4a03eaff65a1ecad9,freshness,§7.0 exact evidence closure; preserve known item dimensions through authority UNKNOWN; single case evidence source,evidence:49973cfa00f04c609275329e4e5cafcb,DEFINED
p1e1r4_7dcf3c720886405b8a462f3585e9a6b9/decision_requirement:954838a57f4648d4a03eaff65a1ecad9,source_identity,§7.0 exact evidence closure; preserve known item dimensions through authority UNKNOWN; single case evidence source,evidence:49973cfa00f04c609275329e4e5cafcb,DEFINED
p1e1r4_7dcf3c720886405b8a462f3585e9a6b9/decision_requirement:954838a57f4648d4a03eaff65a1ecad9,provenance_refs,§7.0 exact evidence closure; preserve known item dimensions through authority UNKNOWN; single case evidence source,evidence:49973cfa00f04c609275329e4e5cafcb,DEFINED
p1e1r4_7dcf3c720886405b8a462f3585e9a6b9/decision_requirement:954838a57f4648d4a03eaff65a1ecad9,possible_duplicate_refs,§9 exact distinct unresolved identity link other-ref array; otherwise [],,DEFINED
p1e1r4_80ccea1138af42d8843eabe2a10fec66/obligation:9902f0b12e9c4b20873e6e809e27d179,id,§7.1 e1:<case>:obligation:<exact payload>,obligation:9902f0b12e9c4b20873e6e809e27d179,DEFINED
p1e1r4_80ccea1138af42d8843eabe2a10fec66/obligation:9902f0b12e9c4b20873e6e809e27d179,principal_id,§5 exact AARON from case principal,p1e1r4_80ccea1138af42d8843eabe2a10fec66,DEFINED
p1e1r4_80ccea1138af42d8843eabe2a10fec66/obligation:9902f0b12e9c4b20873e6e809e27d179,objective_id,§6 exact objective namespace payload; §9.2 conflict subject objective,objective:0a9cb6c1b78a4910aa3d5e21fa960f51,DEFINED
p1e1r4_80ccea1138af42d8843eabe2a10fec66/obligation:9902f0b12e9c4b20873e6e809e27d179,obligation_id,§6/§7 exact typed-root payload,obligation:9902f0b12e9c4b20873e6e809e27d179,DEFINED
p1e1r4_80ccea1138af42d8843eabe2a10fec66/obligation:9902f0b12e9c4b20873e6e809e27d179,decision_requirement_id,§7 OMIT: not this root kind,,DEFINED
p1e1r4_80ccea1138af42d8843eabe2a10fec66/obligation:9902f0b12e9c4b20873e6e809e27d179,intent_id,§7 OMIT: not this root kind,,DEFINED
p1e1r4_80ccea1138af42d8843eabe2a10fec66/obligation:9902f0b12e9c4b20873e6e809e27d179,conflict_id,§9 OMIT: no attached conflict,,DEFINED
p1e1r4_80ccea1138af42d8843eabe2a10fec66/obligation:9902f0b12e9c4b20873e6e809e27d179,obligation_status,§7.1 exact obligation/governance plus exact-scoped lifecycle; action boolean AND concrete text AND not informational,obligation:9902f0b12e9c4b20873e6e809e27d179|governance:a15fcee13cdf4e5f95ca4fa3156410b0|event:07de293fddf5495ea6c4888f7420d279,DEFINED
p1e1r4_80ccea1138af42d8843eabe2a10fec66/obligation:9902f0b12e9c4b20873e6e809e27d179,obligation_owner,§7.1 exact obligation/governance plus exact-scoped lifecycle; action boolean AND concrete text AND not informational,obligation:9902f0b12e9c4b20873e6e809e27d179|governance:a15fcee13cdf4e5f95ca4fa3156410b0|event:07de293fddf5495ea6c4888f7420d279,DEFINED
p1e1r4_80ccea1138af42d8843eabe2a10fec66/obligation:9902f0b12e9c4b20873e6e809e27d179,concrete_action_remaining,§7.1 exact obligation/governance plus exact-scoped lifecycle; action boolean AND concrete text AND not informational,obligation:9902f0b12e9c4b20873e6e809e27d179|governance:a15fcee13cdf4e5f95ca4fa3156410b0|event:07de293fddf5495ea6c4888f7420d279,DEFINED
p1e1r4_80ccea1138af42d8843eabe2a10fec66/obligation:9902f0b12e9c4b20873e6e809e27d179,decision_status,§7 OMIT,,DEFINED
p1e1r4_80ccea1138af42d8843eabe2a10fec66/obligation:9902f0b12e9c4b20873e6e809e27d179,decision_maker_identity_id,§7 OMIT,,DEFINED
p1e1r4_80ccea1138af42d8843eabe2a10fec66/obligation:9902f0b12e9c4b20873e6e809e27d179,reserved_authority_class,§7/§8 OMIT: no reserved permission,,DEFINED
p1e1r4_80ccea1138af42d8843eabe2a10fec66/obligation:9902f0b12e9c4b20873e6e809e27d179,authority_holder_identity_id,§7/§8 OMIT: no reserved permission,,DEFINED
p1e1r4_80ccea1138af42d8843eabe2a10fec66/obligation:9902f0b12e9c4b20873e6e809e27d179,valid_delegation,§7/§8 OMIT: no reserved permission,,DEFINED
p1e1r4_80ccea1138af42d8843eabe2a10fec66/obligation:9902f0b12e9c4b20873e6e809e27d179,escalation_required,§7.0 exact attached material root AND same-root governance Aaron escalation; else false,governance:a15fcee13cdf4e5f95ca4fa3156410b0,DEFINED
p1e1r4_80ccea1138af42d8843eabe2a10fec66/obligation:9902f0b12e9c4b20873e6e809e27d179,unresolved_effect,§7.3 true only unresolved intent; otherwise false,,DEFINED
p1e1r4_80ccea1138af42d8843eabe2a10fec66/obligation:9902f0b12e9c4b20873e6e809e27d179,material_conflict,§9 true only exact attached/conflict-only root; otherwise false,,DEFINED
p1e1r4_80ccea1138af42d8843eabe2a10fec66/obligation:9902f0b12e9c4b20873e6e809e27d179,informational_only,"§7.0 obligation exact boolean, otherwise false",obligation:9902f0b12e9c4b20873e6e809e27d179,DEFINED
p1e1r4_80ccea1138af42d8843eabe2a10fec66/obligation:9902f0b12e9c4b20873e6e809e27d179,applicability,§4/§7 exact subject refs; intent no scoped evidence -> UNKNOWN; conflict §9.2,assertion:126788a7a68a4f26afa0fda7ccc8189e|governance:a15fcee13cdf4e5f95ca4fa3156410b0,DEFINED
p1e1r4_80ccea1138af42d8843eabe2a10fec66/obligation:9902f0b12e9c4b20873e6e809e27d179,freshness,§7.0 exact evidence closure; preserve known item dimensions through authority UNKNOWN; single case evidence source,evidence:e6430d9e07374cfdbfa0fdc9dd740216,DEFINED
p1e1r4_80ccea1138af42d8843eabe2a10fec66/obligation:9902f0b12e9c4b20873e6e809e27d179,source_identity,§7.0 exact evidence closure; preserve known item dimensions through authority UNKNOWN; single case evidence source,evidence:e6430d9e07374cfdbfa0fdc9dd740216,DEFINED
p1e1r4_80ccea1138af42d8843eabe2a10fec66/obligation:9902f0b12e9c4b20873e6e809e27d179,provenance_refs,§7.0 exact evidence closure; preserve known item dimensions through authority UNKNOWN; single case evidence source,evidence:e6430d9e07374cfdbfa0fdc9dd740216,DEFINED
p1e1r4_80ccea1138af42d8843eabe2a10fec66/obligation:9902f0b12e9c4b20873e6e809e27d179,possible_duplicate_refs,§9 exact distinct unresolved identity link other-ref array; otherwise [],,DEFINED
p1e1r4_80ccea1138af42d8843eabe2a10fec66/decision_requirement:1bbcc81fc8804cdc9dff2125e1a5424f,id,§7.2 e1:<case>:decision:<exact payload>,decision_requirement:1bbcc81fc8804cdc9dff2125e1a5424f,DEFINED
p1e1r4_80ccea1138af42d8843eabe2a10fec66/decision_requirement:1bbcc81fc8804cdc9dff2125e1a5424f,principal_id,§5 exact AARON from case principal,p1e1r4_80ccea1138af42d8843eabe2a10fec66,DEFINED
p1e1r4_80ccea1138af42d8843eabe2a10fec66/decision_requirement:1bbcc81fc8804cdc9dff2125e1a5424f,objective_id,§6 exact objective namespace payload; §9.2 conflict subject objective,objective:0a9cb6c1b78a4910aa3d5e21fa960f51,DEFINED
p1e1r4_80ccea1138af42d8843eabe2a10fec66/decision_requirement:1bbcc81fc8804cdc9dff2125e1a5424f,obligation_id,§7 OMIT: not this root kind,,DEFINED
p1e1r4_80ccea1138af42d8843eabe2a10fec66/decision_requirement:1bbcc81fc8804cdc9dff2125e1a5424f,decision_requirement_id,§6/§7 exact typed-root payload,decision_requirement:1bbcc81fc8804cdc9dff2125e1a5424f,DEFINED
p1e1r4_80ccea1138af42d8843eabe2a10fec66/decision_requirement:1bbcc81fc8804cdc9dff2125e1a5424f,intent_id,§7 OMIT: not this root kind,,DEFINED
p1e1r4_80ccea1138af42d8843eabe2a10fec66/decision_requirement:1bbcc81fc8804cdc9dff2125e1a5424f,conflict_id,§9 OMIT: no attached conflict,,DEFINED
p1e1r4_80ccea1138af42d8843eabe2a10fec66/decision_requirement:1bbcc81fc8804cdc9dff2125e1a5424f,obligation_status,§7 OMIT,,DEFINED
p1e1r4_80ccea1138af42d8843eabe2a10fec66/decision_requirement:1bbcc81fc8804cdc9dff2125e1a5424f,obligation_owner,§7 OMIT,,DEFINED
p1e1r4_80ccea1138af42d8843eabe2a10fec66/decision_requirement:1bbcc81fc8804cdc9dff2125e1a5424f,concrete_action_remaining,§7 OMIT,,DEFINED
p1e1r4_80ccea1138af42d8843eabe2a10fec66/decision_requirement:1bbcc81fc8804cdc9dff2125e1a5424f,decision_status,"§7.2 exact decision + scoped history, never obligation cascade",decision_requirement:1bbcc81fc8804cdc9dff2125e1a5424f|event:07de293fddf5495ea6c4888f7420d279,DEFINED
p1e1r4_80ccea1138af42d8843eabe2a10fec66/decision_requirement:1bbcc81fc8804cdc9dff2125e1a5424f,decision_maker_identity_id,"§7.2 exact decision + scoped history, never obligation cascade",decision_requirement:1bbcc81fc8804cdc9dff2125e1a5424f|event:07de293fddf5495ea6c4888f7420d279,DEFINED
p1e1r4_80ccea1138af42d8843eabe2a10fec66/decision_requirement:1bbcc81fc8804cdc9dff2125e1a5424f,reserved_authority_class,§7/§8 OMIT: no reserved permission,,DEFINED
p1e1r4_80ccea1138af42d8843eabe2a10fec66/decision_requirement:1bbcc81fc8804cdc9dff2125e1a5424f,authority_holder_identity_id,§7/§8 OMIT: no reserved permission,,DEFINED
p1e1r4_80ccea1138af42d8843eabe2a10fec66/decision_requirement:1bbcc81fc8804cdc9dff2125e1a5424f,valid_delegation,§7/§8 OMIT: no reserved permission,,DEFINED
p1e1r4_80ccea1138af42d8843eabe2a10fec66/decision_requirement:1bbcc81fc8804cdc9dff2125e1a5424f,escalation_required,§7.0 exact attached material root AND same-root governance Aaron escalation; else false,,DEFINED
p1e1r4_80ccea1138af42d8843eabe2a10fec66/decision_requirement:1bbcc81fc8804cdc9dff2125e1a5424f,unresolved_effect,§7.3 true only unresolved intent; otherwise false,,DEFINED
p1e1r4_80ccea1138af42d8843eabe2a10fec66/decision_requirement:1bbcc81fc8804cdc9dff2125e1a5424f,material_conflict,§9 true only exact attached/conflict-only root; otherwise false,,DEFINED
p1e1r4_80ccea1138af42d8843eabe2a10fec66/decision_requirement:1bbcc81fc8804cdc9dff2125e1a5424f,informational_only,"§7.0 obligation exact boolean, otherwise false",,DEFINED
p1e1r4_80ccea1138af42d8843eabe2a10fec66/decision_requirement:1bbcc81fc8804cdc9dff2125e1a5424f,applicability,§4/§7 exact subject refs; intent no scoped evidence -> UNKNOWN; conflict §9.2,assertion:126788a7a68a4f26afa0fda7ccc8189e,DEFINED
p1e1r4_80ccea1138af42d8843eabe2a10fec66/decision_requirement:1bbcc81fc8804cdc9dff2125e1a5424f,freshness,§7.0 exact evidence closure; preserve known item dimensions through authority UNKNOWN; single case evidence source,evidence:e6430d9e07374cfdbfa0fdc9dd740216,DEFINED
p1e1r4_80ccea1138af42d8843eabe2a10fec66/decision_requirement:1bbcc81fc8804cdc9dff2125e1a5424f,source_identity,§7.0 exact evidence closure; preserve known item dimensions through authority UNKNOWN; single case evidence source,evidence:e6430d9e07374cfdbfa0fdc9dd740216,DEFINED
p1e1r4_80ccea1138af42d8843eabe2a10fec66/decision_requirement:1bbcc81fc8804cdc9dff2125e1a5424f,provenance_refs,§7.0 exact evidence closure; preserve known item dimensions through authority UNKNOWN; single case evidence source,evidence:e6430d9e07374cfdbfa0fdc9dd740216,DEFINED
p1e1r4_80ccea1138af42d8843eabe2a10fec66/decision_requirement:1bbcc81fc8804cdc9dff2125e1a5424f,possible_duplicate_refs,§9 exact distinct unresolved identity link other-ref array; otherwise [],,DEFINED
p1e1r4_80ccea1138af42d8843eabe2a10fec66/CONFLICT_ONLY_ROOT,id,NO_RULE §9.2; F100 nonexistent §9.3,,MISSING_D01
p1e1r4_80ccea1138af42d8843eabe2a10fec66/CONFLICT_ONLY_ROOT,principal_id,§5 exact AARON from case principal,p1e1r4_80ccea1138af42d8843eabe2a10fec66,DEFINED
p1e1r4_80ccea1138af42d8843eabe2a10fec66/CONFLICT_ONLY_ROOT,objective_id,§6 exact objective namespace payload; §9.2 conflict subject objective,objective:0a9cb6c1b78a4910aa3d5e21fa960f51,DEFINED
p1e1r4_80ccea1138af42d8843eabe2a10fec66/CONFLICT_ONLY_ROOT,obligation_id,§7 OMIT: not this root kind,,DEFINED
p1e1r4_80ccea1138af42d8843eabe2a10fec66/CONFLICT_ONLY_ROOT,decision_requirement_id,§7 OMIT: not this root kind,,DEFINED
p1e1r4_80ccea1138af42d8843eabe2a10fec66/CONFLICT_ONLY_ROOT,intent_id,§7 OMIT: not this root kind,,DEFINED
p1e1r4_80ccea1138af42d8843eabe2a10fec66/CONFLICT_ONLY_ROOT,conflict_id,§9 exact attached conflict ID,conf_4e885b98fa34f80966df5c9584f3b10db0117d61f791fedc38e28ecf7ffa6613,DEFINED
p1e1r4_80ccea1138af42d8843eabe2a10fec66/CONFLICT_ONLY_ROOT,obligation_status,§7 OMIT,,DEFINED
p1e1r4_80ccea1138af42d8843eabe2a10fec66/CONFLICT_ONLY_ROOT,obligation_owner,§7 OMIT,,DEFINED
p1e1r4_80ccea1138af42d8843eabe2a10fec66/CONFLICT_ONLY_ROOT,concrete_action_remaining,§7 OMIT,,DEFINED
p1e1r4_80ccea1138af42d8843eabe2a10fec66/CONFLICT_ONLY_ROOT,decision_status,§7 OMIT,,DEFINED
p1e1r4_80ccea1138af42d8843eabe2a10fec66/CONFLICT_ONLY_ROOT,decision_maker_identity_id,§7 OMIT,,DEFINED
p1e1r4_80ccea1138af42d8843eabe2a10fec66/CONFLICT_ONLY_ROOT,reserved_authority_class,§7/§8 OMIT: no reserved permission,,DEFINED
p1e1r4_80ccea1138af42d8843eabe2a10fec66/CONFLICT_ONLY_ROOT,authority_holder_identity_id,§7/§8 OMIT: no reserved permission,,DEFINED
p1e1r4_80ccea1138af42d8843eabe2a10fec66/CONFLICT_ONLY_ROOT,valid_delegation,§7/§8 OMIT: no reserved permission,,DEFINED
p1e1r4_80ccea1138af42d8843eabe2a10fec66/CONFLICT_ONLY_ROOT,escalation_required,§7.0 exact attached material root AND same-root governance Aaron escalation; else false,,DEFINED
p1e1r4_80ccea1138af42d8843eabe2a10fec66/CONFLICT_ONLY_ROOT,unresolved_effect,§7.3 true only unresolved intent; otherwise false,,DEFINED
p1e1r4_80ccea1138af42d8843eabe2a10fec66/CONFLICT_ONLY_ROOT,material_conflict,§9 true only exact attached/conflict-only root; otherwise false,conf_4e885b98fa34f80966df5c9584f3b10db0117d61f791fedc38e28ecf7ffa6613,DEFINED
p1e1r4_80ccea1138af42d8843eabe2a10fec66/CONFLICT_ONLY_ROOT,informational_only,"§7.0 obligation exact boolean, otherwise false",,DEFINED
p1e1r4_80ccea1138af42d8843eabe2a10fec66/CONFLICT_ONLY_ROOT,applicability,§4/§7 exact subject refs; intent no scoped evidence -> UNKNOWN; conflict §9.2,,DEFINED
p1e1r4_80ccea1138af42d8843eabe2a10fec66/CONFLICT_ONLY_ROOT,freshness,§7.0 exact evidence closure; preserve known item dimensions through authority UNKNOWN; single case evidence source,evidence:e6430d9e07374cfdbfa0fdc9dd740216,DEFINED
p1e1r4_80ccea1138af42d8843eabe2a10fec66/CONFLICT_ONLY_ROOT,source_identity,§7.0 exact evidence closure; preserve known item dimensions through authority UNKNOWN; single case evidence source,evidence:e6430d9e07374cfdbfa0fdc9dd740216,DEFINED
p1e1r4_80ccea1138af42d8843eabe2a10fec66/CONFLICT_ONLY_ROOT,provenance_refs,§7.0 exact evidence closure; preserve known item dimensions through authority UNKNOWN; single case evidence source,evidence:e6430d9e07374cfdbfa0fdc9dd740216,DEFINED
p1e1r4_80ccea1138af42d8843eabe2a10fec66/CONFLICT_ONLY_ROOT,possible_duplicate_refs,§9 exact distinct unresolved identity link other-ref array; otherwise [],,DEFINED
p1e1r4_83ad2c1f30a744de8c624da6057e13fd/obligation:69b58fdf62e3412b8da6f70c69da3557,id,§7.1 e1:<case>:obligation:<exact payload>,obligation:69b58fdf62e3412b8da6f70c69da3557,DEFINED
p1e1r4_83ad2c1f30a744de8c624da6057e13fd/obligation:69b58fdf62e3412b8da6f70c69da3557,principal_id,§5 exact AARON from case principal,p1e1r4_83ad2c1f30a744de8c624da6057e13fd,DEFINED
p1e1r4_83ad2c1f30a744de8c624da6057e13fd/obligation:69b58fdf62e3412b8da6f70c69da3557,objective_id,§6 exact objective namespace payload; §9.2 conflict subject objective,objective:f7d177270af94b80a4eda766b6731970,DEFINED
p1e1r4_83ad2c1f30a744de8c624da6057e13fd/obligation:69b58fdf62e3412b8da6f70c69da3557,obligation_id,§6/§7 exact typed-root payload,obligation:69b58fdf62e3412b8da6f70c69da3557,DEFINED
p1e1r4_83ad2c1f30a744de8c624da6057e13fd/obligation:69b58fdf62e3412b8da6f70c69da3557,decision_requirement_id,§7 OMIT: not this root kind,,DEFINED
p1e1r4_83ad2c1f30a744de8c624da6057e13fd/obligation:69b58fdf62e3412b8da6f70c69da3557,intent_id,§7 OMIT: not this root kind,,DEFINED
p1e1r4_83ad2c1f30a744de8c624da6057e13fd/obligation:69b58fdf62e3412b8da6f70c69da3557,conflict_id,§9 OMIT: no attached conflict,,DEFINED
p1e1r4_83ad2c1f30a744de8c624da6057e13fd/obligation:69b58fdf62e3412b8da6f70c69da3557,obligation_status,§7.1 exact obligation/governance plus exact-scoped lifecycle; action boolean AND concrete text AND not informational,obligation:69b58fdf62e3412b8da6f70c69da3557|governance:b7de1be7da994ff2884da1da46a409e2|event:b32a29846f4a4cb9a2f5c94f255d8519|lifecycle_event:7f7ebe36b1f243cc828f9e5e485144f1,DEFINED
p1e1r4_83ad2c1f30a744de8c624da6057e13fd/obligation:69b58fdf62e3412b8da6f70c69da3557,obligation_owner,§7.1 exact obligation/governance plus exact-scoped lifecycle; action boolean AND concrete text AND not informational,obligation:69b58fdf62e3412b8da6f70c69da3557|governance:b7de1be7da994ff2884da1da46a409e2|event:b32a29846f4a4cb9a2f5c94f255d8519|lifecycle_event:7f7ebe36b1f243cc828f9e5e485144f1,DEFINED
p1e1r4_83ad2c1f30a744de8c624da6057e13fd/obligation:69b58fdf62e3412b8da6f70c69da3557,concrete_action_remaining,§7.1 exact obligation/governance plus exact-scoped lifecycle; action boolean AND concrete text AND not informational,obligation:69b58fdf62e3412b8da6f70c69da3557|governance:b7de1be7da994ff2884da1da46a409e2|event:b32a29846f4a4cb9a2f5c94f255d8519|lifecycle_event:7f7ebe36b1f243cc828f9e5e485144f1,DEFINED
p1e1r4_83ad2c1f30a744de8c624da6057e13fd/obligation:69b58fdf62e3412b8da6f70c69da3557,decision_status,§7 OMIT,,DEFINED
p1e1r4_83ad2c1f30a744de8c624da6057e13fd/obligation:69b58fdf62e3412b8da6f70c69da3557,decision_maker_identity_id,§7 OMIT,,DEFINED
p1e1r4_83ad2c1f30a744de8c624da6057e13fd/obligation:69b58fdf62e3412b8da6f70c69da3557,reserved_authority_class,§7/§8 OMIT: no reserved permission,,DEFINED
p1e1r4_83ad2c1f30a744de8c624da6057e13fd/obligation:69b58fdf62e3412b8da6f70c69da3557,authority_holder_identity_id,§7/§8 OMIT: no reserved permission,,DEFINED
p1e1r4_83ad2c1f30a744de8c624da6057e13fd/obligation:69b58fdf62e3412b8da6f70c69da3557,valid_delegation,§7/§8 OMIT: no reserved permission,,DEFINED
p1e1r4_83ad2c1f30a744de8c624da6057e13fd/obligation:69b58fdf62e3412b8da6f70c69da3557,escalation_required,§7.0 exact attached material root AND same-root governance Aaron escalation; else false,governance:b7de1be7da994ff2884da1da46a409e2,DEFINED
p1e1r4_83ad2c1f30a744de8c624da6057e13fd/obligation:69b58fdf62e3412b8da6f70c69da3557,unresolved_effect,§7.3 true only unresolved intent; otherwise false,,DEFINED
p1e1r4_83ad2c1f30a744de8c624da6057e13fd/obligation:69b58fdf62e3412b8da6f70c69da3557,material_conflict,§9 true only exact attached/conflict-only root; otherwise false,,DEFINED
p1e1r4_83ad2c1f30a744de8c624da6057e13fd/obligation:69b58fdf62e3412b8da6f70c69da3557,informational_only,"§7.0 obligation exact boolean, otherwise false",obligation:69b58fdf62e3412b8da6f70c69da3557,DEFINED
p1e1r4_83ad2c1f30a744de8c624da6057e13fd/obligation:69b58fdf62e3412b8da6f70c69da3557,applicability,§4/§7 exact subject refs; intent no scoped evidence -> UNKNOWN; conflict §9.2,assertion:ee8f08e7262c4dd9951a9325baa299e0|governance:b7de1be7da994ff2884da1da46a409e2,DEFINED
p1e1r4_83ad2c1f30a744de8c624da6057e13fd/obligation:69b58fdf62e3412b8da6f70c69da3557,freshness,§7.0 exact evidence closure; preserve known item dimensions through authority UNKNOWN; single case evidence source,evidence:8828af5e0cd04f4f8651221f9ae75247,DEFINED
p1e1r4_83ad2c1f30a744de8c624da6057e13fd/obligation:69b58fdf62e3412b8da6f70c69da3557,source_identity,§7.0 exact evidence closure; preserve known item dimensions through authority UNKNOWN; single case evidence source,evidence:8828af5e0cd04f4f8651221f9ae75247,DEFINED
p1e1r4_83ad2c1f30a744de8c624da6057e13fd/obligation:69b58fdf62e3412b8da6f70c69da3557,provenance_refs,§7.0 exact evidence closure; preserve known item dimensions through authority UNKNOWN; single case evidence source,evidence:8828af5e0cd04f4f8651221f9ae75247,DEFINED
p1e1r4_83ad2c1f30a744de8c624da6057e13fd/obligation:69b58fdf62e3412b8da6f70c69da3557,possible_duplicate_refs,§9 exact distinct unresolved identity link other-ref array; otherwise [],,DEFINED
p1e1r4_83ad2c1f30a744de8c624da6057e13fd/decision_requirement:2c78e1b435624c0ca32d0952b22ca225,id,§7.2 e1:<case>:decision:<exact payload>,decision_requirement:2c78e1b435624c0ca32d0952b22ca225,DEFINED
p1e1r4_83ad2c1f30a744de8c624da6057e13fd/decision_requirement:2c78e1b435624c0ca32d0952b22ca225,principal_id,§5 exact AARON from case principal,p1e1r4_83ad2c1f30a744de8c624da6057e13fd,DEFINED
p1e1r4_83ad2c1f30a744de8c624da6057e13fd/decision_requirement:2c78e1b435624c0ca32d0952b22ca225,objective_id,§6 exact objective namespace payload; §9.2 conflict subject objective,objective:f7d177270af94b80a4eda766b6731970,DEFINED
p1e1r4_83ad2c1f30a744de8c624da6057e13fd/decision_requirement:2c78e1b435624c0ca32d0952b22ca225,obligation_id,§7 OMIT: not this root kind,,DEFINED
p1e1r4_83ad2c1f30a744de8c624da6057e13fd/decision_requirement:2c78e1b435624c0ca32d0952b22ca225,decision_requirement_id,§6/§7 exact typed-root payload,decision_requirement:2c78e1b435624c0ca32d0952b22ca225,DEFINED
p1e1r4_83ad2c1f30a744de8c624da6057e13fd/decision_requirement:2c78e1b435624c0ca32d0952b22ca225,intent_id,§7 OMIT: not this root kind,,DEFINED
p1e1r4_83ad2c1f30a744de8c624da6057e13fd/decision_requirement:2c78e1b435624c0ca32d0952b22ca225,conflict_id,§9 OMIT: no attached conflict,,DEFINED
p1e1r4_83ad2c1f30a744de8c624da6057e13fd/decision_requirement:2c78e1b435624c0ca32d0952b22ca225,obligation_status,§7 OMIT,,DEFINED
p1e1r4_83ad2c1f30a744de8c624da6057e13fd/decision_requirement:2c78e1b435624c0ca32d0952b22ca225,obligation_owner,§7 OMIT,,DEFINED
p1e1r4_83ad2c1f30a744de8c624da6057e13fd/decision_requirement:2c78e1b435624c0ca32d0952b22ca225,concrete_action_remaining,§7 OMIT,,DEFINED
p1e1r4_83ad2c1f30a744de8c624da6057e13fd/decision_requirement:2c78e1b435624c0ca32d0952b22ca225,decision_status,"§7.2 exact decision + scoped history, never obligation cascade",decision_requirement:2c78e1b435624c0ca32d0952b22ca225|event:b32a29846f4a4cb9a2f5c94f255d8519|action_decision:0c78cbf39c1b465a9a576a487eb61bb2,DEFINED
p1e1r4_83ad2c1f30a744de8c624da6057e13fd/decision_requirement:2c78e1b435624c0ca32d0952b22ca225,decision_maker_identity_id,"§7.2 exact decision + scoped history, never obligation cascade",decision_requirement:2c78e1b435624c0ca32d0952b22ca225|event:b32a29846f4a4cb9a2f5c94f255d8519|action_decision:0c78cbf39c1b465a9a576a487eb61bb2,DEFINED
p1e1r4_83ad2c1f30a744de8c624da6057e13fd/decision_requirement:2c78e1b435624c0ca32d0952b22ca225,reserved_authority_class,§7/§8 OMIT: no reserved permission,,DEFINED
p1e1r4_83ad2c1f30a744de8c624da6057e13fd/decision_requirement:2c78e1b435624c0ca32d0952b22ca225,authority_holder_identity_id,§7/§8 OMIT: no reserved permission,,DEFINED
p1e1r4_83ad2c1f30a744de8c624da6057e13fd/decision_requirement:2c78e1b435624c0ca32d0952b22ca225,valid_delegation,§7/§8 OMIT: no reserved permission,,DEFINED
p1e1r4_83ad2c1f30a744de8c624da6057e13fd/decision_requirement:2c78e1b435624c0ca32d0952b22ca225,escalation_required,§7.0 exact attached material root AND same-root governance Aaron escalation; else false,,DEFINED
p1e1r4_83ad2c1f30a744de8c624da6057e13fd/decision_requirement:2c78e1b435624c0ca32d0952b22ca225,unresolved_effect,§7.3 true only unresolved intent; otherwise false,,DEFINED
p1e1r4_83ad2c1f30a744de8c624da6057e13fd/decision_requirement:2c78e1b435624c0ca32d0952b22ca225,material_conflict,§9 true only exact attached/conflict-only root; otherwise false,,DEFINED
p1e1r4_83ad2c1f30a744de8c624da6057e13fd/decision_requirement:2c78e1b435624c0ca32d0952b22ca225,informational_only,"§7.0 obligation exact boolean, otherwise false",,DEFINED
p1e1r4_83ad2c1f30a744de8c624da6057e13fd/decision_requirement:2c78e1b435624c0ca32d0952b22ca225,applicability,§4/§7 exact subject refs; intent no scoped evidence -> UNKNOWN; conflict §9.2,assertion:ee8f08e7262c4dd9951a9325baa299e0,DEFINED
p1e1r4_83ad2c1f30a744de8c624da6057e13fd/decision_requirement:2c78e1b435624c0ca32d0952b22ca225,freshness,§7.0 exact evidence closure; preserve known item dimensions through authority UNKNOWN; single case evidence source,evidence:8828af5e0cd04f4f8651221f9ae75247,DEFINED
p1e1r4_83ad2c1f30a744de8c624da6057e13fd/decision_requirement:2c78e1b435624c0ca32d0952b22ca225,source_identity,§7.0 exact evidence closure; preserve known item dimensions through authority UNKNOWN; single case evidence source,evidence:8828af5e0cd04f4f8651221f9ae75247,DEFINED
p1e1r4_83ad2c1f30a744de8c624da6057e13fd/decision_requirement:2c78e1b435624c0ca32d0952b22ca225,provenance_refs,§7.0 exact evidence closure; preserve known item dimensions through authority UNKNOWN; single case evidence source,evidence:8828af5e0cd04f4f8651221f9ae75247,DEFINED
p1e1r4_83ad2c1f30a744de8c624da6057e13fd/decision_requirement:2c78e1b435624c0ca32d0952b22ca225,possible_duplicate_refs,§9 exact distinct unresolved identity link other-ref array; otherwise [],,DEFINED
p1e1r4_8625d48d6c914acf9c695e861070ff4e/obligation:1e610e529e0b4408a194ada00461180a,id,§7.1 e1:<case>:obligation:<exact payload>,obligation:1e610e529e0b4408a194ada00461180a,DEFINED
p1e1r4_8625d48d6c914acf9c695e861070ff4e/obligation:1e610e529e0b4408a194ada00461180a,principal_id,§5 exact AARON from case principal,p1e1r4_8625d48d6c914acf9c695e861070ff4e,DEFINED
p1e1r4_8625d48d6c914acf9c695e861070ff4e/obligation:1e610e529e0b4408a194ada00461180a,objective_id,§6 exact objective namespace payload; §9.2 conflict subject objective,objective:4e31a68ac793405191bbc94d56937b25,DEFINED
p1e1r4_8625d48d6c914acf9c695e861070ff4e/obligation:1e610e529e0b4408a194ada00461180a,obligation_id,§6/§7 exact typed-root payload,obligation:1e610e529e0b4408a194ada00461180a,DEFINED
p1e1r4_8625d48d6c914acf9c695e861070ff4e/obligation:1e610e529e0b4408a194ada00461180a,decision_requirement_id,§7 OMIT: not this root kind,,DEFINED
p1e1r4_8625d48d6c914acf9c695e861070ff4e/obligation:1e610e529e0b4408a194ada00461180a,intent_id,§7 OMIT: not this root kind,,DEFINED
p1e1r4_8625d48d6c914acf9c695e861070ff4e/obligation:1e610e529e0b4408a194ada00461180a,conflict_id,§9 OMIT: no attached conflict,,DEFINED
p1e1r4_8625d48d6c914acf9c695e861070ff4e/obligation:1e610e529e0b4408a194ada00461180a,obligation_status,§7.1 exact obligation/governance plus exact-scoped lifecycle; action boolean AND concrete text AND not informational,obligation:1e610e529e0b4408a194ada00461180a|governance:6d9aa1a2e91143e2a2b2a5d6cae0f947|event:13a10083b8c54dfa94bf9928bdb566bd,DEFINED
p1e1r4_8625d48d6c914acf9c695e861070ff4e/obligation:1e610e529e0b4408a194ada00461180a,obligation_owner,§7.1 exact obligation/governance plus exact-scoped lifecycle; action boolean AND concrete text AND not informational,obligation:1e610e529e0b4408a194ada00461180a|governance:6d9aa1a2e91143e2a2b2a5d6cae0f947|event:13a10083b8c54dfa94bf9928bdb566bd,DEFINED
p1e1r4_8625d48d6c914acf9c695e861070ff4e/obligation:1e610e529e0b4408a194ada00461180a,concrete_action_remaining,§7.1 exact obligation/governance plus exact-scoped lifecycle; action boolean AND concrete text AND not informational,obligation:1e610e529e0b4408a194ada00461180a|governance:6d9aa1a2e91143e2a2b2a5d6cae0f947|event:13a10083b8c54dfa94bf9928bdb566bd,DEFINED
p1e1r4_8625d48d6c914acf9c695e861070ff4e/obligation:1e610e529e0b4408a194ada00461180a,decision_status,§7 OMIT,,DEFINED
p1e1r4_8625d48d6c914acf9c695e861070ff4e/obligation:1e610e529e0b4408a194ada00461180a,decision_maker_identity_id,§7 OMIT,,DEFINED
p1e1r4_8625d48d6c914acf9c695e861070ff4e/obligation:1e610e529e0b4408a194ada00461180a,reserved_authority_class,§7/§8 OMIT: no reserved permission,,DEFINED
p1e1r4_8625d48d6c914acf9c695e861070ff4e/obligation:1e610e529e0b4408a194ada00461180a,authority_holder_identity_id,§7/§8 OMIT: no reserved permission,,DEFINED
p1e1r4_8625d48d6c914acf9c695e861070ff4e/obligation:1e610e529e0b4408a194ada00461180a,valid_delegation,§7/§8 OMIT: no reserved permission,,DEFINED
p1e1r4_8625d48d6c914acf9c695e861070ff4e/obligation:1e610e529e0b4408a194ada00461180a,escalation_required,§7.0 exact attached material root AND same-root governance Aaron escalation; else false,governance:6d9aa1a2e91143e2a2b2a5d6cae0f947,DEFINED
p1e1r4_8625d48d6c914acf9c695e861070ff4e/obligation:1e610e529e0b4408a194ada00461180a,unresolved_effect,§7.3 true only unresolved intent; otherwise false,,DEFINED
p1e1r4_8625d48d6c914acf9c695e861070ff4e/obligation:1e610e529e0b4408a194ada00461180a,material_conflict,§9 true only exact attached/conflict-only root; otherwise false,,DEFINED
p1e1r4_8625d48d6c914acf9c695e861070ff4e/obligation:1e610e529e0b4408a194ada00461180a,informational_only,"§7.0 obligation exact boolean, otherwise false",obligation:1e610e529e0b4408a194ada00461180a,DEFINED
p1e1r4_8625d48d6c914acf9c695e861070ff4e/obligation:1e610e529e0b4408a194ada00461180a,applicability,§4/§7 exact subject refs; intent no scoped evidence -> UNKNOWN; conflict §9.2,assertion:04cbba4a42fd48769608f574bde784b4|governance:6d9aa1a2e91143e2a2b2a5d6cae0f947,DEFINED
p1e1r4_8625d48d6c914acf9c695e861070ff4e/obligation:1e610e529e0b4408a194ada00461180a,freshness,§7.0 exact evidence closure; preserve known item dimensions through authority UNKNOWN; single case evidence source,evidence:6b2562ed66c6456592dd376900e2752b,DEFINED
p1e1r4_8625d48d6c914acf9c695e861070ff4e/obligation:1e610e529e0b4408a194ada00461180a,source_identity,§7.0 exact evidence closure; preserve known item dimensions through authority UNKNOWN; single case evidence source,evidence:6b2562ed66c6456592dd376900e2752b,DEFINED
p1e1r4_8625d48d6c914acf9c695e861070ff4e/obligation:1e610e529e0b4408a194ada00461180a,provenance_refs,§7.0 exact evidence closure; preserve known item dimensions through authority UNKNOWN; single case evidence source,evidence:6b2562ed66c6456592dd376900e2752b,DEFINED
p1e1r4_8625d48d6c914acf9c695e861070ff4e/obligation:1e610e529e0b4408a194ada00461180a,possible_duplicate_refs,§9 exact distinct unresolved identity link other-ref array; otherwise [],,DEFINED
p1e1r4_8625d48d6c914acf9c695e861070ff4e/decision_requirement:4377c968121c4b38b8924c898c52f44c,id,§7.2 e1:<case>:decision:<exact payload>,decision_requirement:4377c968121c4b38b8924c898c52f44c,DEFINED
p1e1r4_8625d48d6c914acf9c695e861070ff4e/decision_requirement:4377c968121c4b38b8924c898c52f44c,principal_id,§5 exact AARON from case principal,p1e1r4_8625d48d6c914acf9c695e861070ff4e,DEFINED
p1e1r4_8625d48d6c914acf9c695e861070ff4e/decision_requirement:4377c968121c4b38b8924c898c52f44c,objective_id,§6 exact objective namespace payload; §9.2 conflict subject objective,objective:4e31a68ac793405191bbc94d56937b25,DEFINED
p1e1r4_8625d48d6c914acf9c695e861070ff4e/decision_requirement:4377c968121c4b38b8924c898c52f44c,obligation_id,§7 OMIT: not this root kind,,DEFINED
p1e1r4_8625d48d6c914acf9c695e861070ff4e/decision_requirement:4377c968121c4b38b8924c898c52f44c,decision_requirement_id,§6/§7 exact typed-root payload,decision_requirement:4377c968121c4b38b8924c898c52f44c,DEFINED
p1e1r4_8625d48d6c914acf9c695e861070ff4e/decision_requirement:4377c968121c4b38b8924c898c52f44c,intent_id,§7 OMIT: not this root kind,,DEFINED
p1e1r4_8625d48d6c914acf9c695e861070ff4e/decision_requirement:4377c968121c4b38b8924c898c52f44c,conflict_id,§9 OMIT: no attached conflict,,DEFINED
p1e1r4_8625d48d6c914acf9c695e861070ff4e/decision_requirement:4377c968121c4b38b8924c898c52f44c,obligation_status,§7 OMIT,,DEFINED
p1e1r4_8625d48d6c914acf9c695e861070ff4e/decision_requirement:4377c968121c4b38b8924c898c52f44c,obligation_owner,§7 OMIT,,DEFINED
p1e1r4_8625d48d6c914acf9c695e861070ff4e/decision_requirement:4377c968121c4b38b8924c898c52f44c,concrete_action_remaining,§7 OMIT,,DEFINED
p1e1r4_8625d48d6c914acf9c695e861070ff4e/decision_requirement:4377c968121c4b38b8924c898c52f44c,decision_status,"§7.2 exact decision + scoped history, never obligation cascade",decision_requirement:4377c968121c4b38b8924c898c52f44c|event:13a10083b8c54dfa94bf9928bdb566bd,DEFINED
p1e1r4_8625d48d6c914acf9c695e861070ff4e/decision_requirement:4377c968121c4b38b8924c898c52f44c,decision_maker_identity_id,"§7.2 exact decision + scoped history, never obligation cascade",decision_requirement:4377c968121c4b38b8924c898c52f44c|event:13a10083b8c54dfa94bf9928bdb566bd,DEFINED
p1e1r4_8625d48d6c914acf9c695e861070ff4e/decision_requirement:4377c968121c4b38b8924c898c52f44c,reserved_authority_class,§7/§8 OMIT: no reserved permission,,DEFINED
p1e1r4_8625d48d6c914acf9c695e861070ff4e/decision_requirement:4377c968121c4b38b8924c898c52f44c,authority_holder_identity_id,§7/§8 OMIT: no reserved permission,,DEFINED
p1e1r4_8625d48d6c914acf9c695e861070ff4e/decision_requirement:4377c968121c4b38b8924c898c52f44c,valid_delegation,§7/§8 OMIT: no reserved permission,,DEFINED
p1e1r4_8625d48d6c914acf9c695e861070ff4e/decision_requirement:4377c968121c4b38b8924c898c52f44c,escalation_required,§7.0 exact attached material root AND same-root governance Aaron escalation; else false,,DEFINED
p1e1r4_8625d48d6c914acf9c695e861070ff4e/decision_requirement:4377c968121c4b38b8924c898c52f44c,unresolved_effect,§7.3 true only unresolved intent; otherwise false,,DEFINED
p1e1r4_8625d48d6c914acf9c695e861070ff4e/decision_requirement:4377c968121c4b38b8924c898c52f44c,material_conflict,§9 true only exact attached/conflict-only root; otherwise false,,DEFINED
p1e1r4_8625d48d6c914acf9c695e861070ff4e/decision_requirement:4377c968121c4b38b8924c898c52f44c,informational_only,"§7.0 obligation exact boolean, otherwise false",,DEFINED
p1e1r4_8625d48d6c914acf9c695e861070ff4e/decision_requirement:4377c968121c4b38b8924c898c52f44c,applicability,§4/§7 exact subject refs; intent no scoped evidence -> UNKNOWN; conflict §9.2,assertion:04cbba4a42fd48769608f574bde784b4,DEFINED
p1e1r4_8625d48d6c914acf9c695e861070ff4e/decision_requirement:4377c968121c4b38b8924c898c52f44c,freshness,§7.0 exact evidence closure; preserve known item dimensions through authority UNKNOWN; single case evidence source,evidence:6b2562ed66c6456592dd376900e2752b,DEFINED
p1e1r4_8625d48d6c914acf9c695e861070ff4e/decision_requirement:4377c968121c4b38b8924c898c52f44c,source_identity,§7.0 exact evidence closure; preserve known item dimensions through authority UNKNOWN; single case evidence source,evidence:6b2562ed66c6456592dd376900e2752b,DEFINED
p1e1r4_8625d48d6c914acf9c695e861070ff4e/decision_requirement:4377c968121c4b38b8924c898c52f44c,provenance_refs,§7.0 exact evidence closure; preserve known item dimensions through authority UNKNOWN; single case evidence source,evidence:6b2562ed66c6456592dd376900e2752b,DEFINED
p1e1r4_8625d48d6c914acf9c695e861070ff4e/decision_requirement:4377c968121c4b38b8924c898c52f44c,possible_duplicate_refs,§9 exact distinct unresolved identity link other-ref array; otherwise [],,DEFINED
p1e1r4_88e1157e7c7c4fa3b401bc31a17a4535/obligation:d7e602c36b754c44bc5c84fd197a8ac1,id,§7.1 e1:<case>:obligation:<exact payload>,obligation:d7e602c36b754c44bc5c84fd197a8ac1,DEFINED
p1e1r4_88e1157e7c7c4fa3b401bc31a17a4535/obligation:d7e602c36b754c44bc5c84fd197a8ac1,principal_id,§5 exact AARON from case principal,p1e1r4_88e1157e7c7c4fa3b401bc31a17a4535,DEFINED
p1e1r4_88e1157e7c7c4fa3b401bc31a17a4535/obligation:d7e602c36b754c44bc5c84fd197a8ac1,objective_id,§6 exact objective namespace payload; §9.2 conflict subject objective,objective:95c1e97f49024e24946c596395e1f17f,DEFINED
p1e1r4_88e1157e7c7c4fa3b401bc31a17a4535/obligation:d7e602c36b754c44bc5c84fd197a8ac1,obligation_id,§6/§7 exact typed-root payload,obligation:d7e602c36b754c44bc5c84fd197a8ac1,DEFINED
p1e1r4_88e1157e7c7c4fa3b401bc31a17a4535/obligation:d7e602c36b754c44bc5c84fd197a8ac1,decision_requirement_id,§7 OMIT: not this root kind,,DEFINED
p1e1r4_88e1157e7c7c4fa3b401bc31a17a4535/obligation:d7e602c36b754c44bc5c84fd197a8ac1,intent_id,§7 OMIT: not this root kind,,DEFINED
p1e1r4_88e1157e7c7c4fa3b401bc31a17a4535/obligation:d7e602c36b754c44bc5c84fd197a8ac1,conflict_id,§9 OMIT: no attached conflict,,DEFINED
p1e1r4_88e1157e7c7c4fa3b401bc31a17a4535/obligation:d7e602c36b754c44bc5c84fd197a8ac1,obligation_status,§7.1 exact obligation/governance plus exact-scoped lifecycle; action boolean AND concrete text AND not informational,obligation:d7e602c36b754c44bc5c84fd197a8ac1|governance:e781d5d9efee47ed8acff2aa2caaba53|event:3b5cefb873954a2a89f4c27f55c0f112,DEFINED
p1e1r4_88e1157e7c7c4fa3b401bc31a17a4535/obligation:d7e602c36b754c44bc5c84fd197a8ac1,obligation_owner,§7.1 exact obligation/governance plus exact-scoped lifecycle; action boolean AND concrete text AND not informational,obligation:d7e602c36b754c44bc5c84fd197a8ac1|governance:e781d5d9efee47ed8acff2aa2caaba53|event:3b5cefb873954a2a89f4c27f55c0f112,DEFINED
p1e1r4_88e1157e7c7c4fa3b401bc31a17a4535/obligation:d7e602c36b754c44bc5c84fd197a8ac1,concrete_action_remaining,§7.1 exact obligation/governance plus exact-scoped lifecycle; action boolean AND concrete text AND not informational,obligation:d7e602c36b754c44bc5c84fd197a8ac1|governance:e781d5d9efee47ed8acff2aa2caaba53|event:3b5cefb873954a2a89f4c27f55c0f112,DEFINED
p1e1r4_88e1157e7c7c4fa3b401bc31a17a4535/obligation:d7e602c36b754c44bc5c84fd197a8ac1,decision_status,§7 OMIT,,DEFINED
p1e1r4_88e1157e7c7c4fa3b401bc31a17a4535/obligation:d7e602c36b754c44bc5c84fd197a8ac1,decision_maker_identity_id,§7 OMIT,,DEFINED
p1e1r4_88e1157e7c7c4fa3b401bc31a17a4535/obligation:d7e602c36b754c44bc5c84fd197a8ac1,reserved_authority_class,§7/§8 OMIT: no reserved permission,,DEFINED
p1e1r4_88e1157e7c7c4fa3b401bc31a17a4535/obligation:d7e602c36b754c44bc5c84fd197a8ac1,authority_holder_identity_id,§7/§8 OMIT: no reserved permission,,DEFINED
p1e1r4_88e1157e7c7c4fa3b401bc31a17a4535/obligation:d7e602c36b754c44bc5c84fd197a8ac1,valid_delegation,§7/§8 OMIT: no reserved permission,,DEFINED
p1e1r4_88e1157e7c7c4fa3b401bc31a17a4535/obligation:d7e602c36b754c44bc5c84fd197a8ac1,escalation_required,§7.0 exact attached material root AND same-root governance Aaron escalation; else false,governance:e781d5d9efee47ed8acff2aa2caaba53,DEFINED
p1e1r4_88e1157e7c7c4fa3b401bc31a17a4535/obligation:d7e602c36b754c44bc5c84fd197a8ac1,unresolved_effect,§7.3 true only unresolved intent; otherwise false,,DEFINED
p1e1r4_88e1157e7c7c4fa3b401bc31a17a4535/obligation:d7e602c36b754c44bc5c84fd197a8ac1,material_conflict,§9 true only exact attached/conflict-only root; otherwise false,,DEFINED
p1e1r4_88e1157e7c7c4fa3b401bc31a17a4535/obligation:d7e602c36b754c44bc5c84fd197a8ac1,informational_only,"§7.0 obligation exact boolean, otherwise false",obligation:d7e602c36b754c44bc5c84fd197a8ac1,DEFINED
p1e1r4_88e1157e7c7c4fa3b401bc31a17a4535/obligation:d7e602c36b754c44bc5c84fd197a8ac1,applicability,§4/§7 exact subject refs; intent no scoped evidence -> UNKNOWN; conflict §9.2,assertion:61906b8b711a4e9e9cb0f6b1caada780|governance:e781d5d9efee47ed8acff2aa2caaba53,DEFINED
p1e1r4_88e1157e7c7c4fa3b401bc31a17a4535/obligation:d7e602c36b754c44bc5c84fd197a8ac1,freshness,§7.0 exact evidence closure; preserve known item dimensions through authority UNKNOWN; single case evidence source,evidence:d416a62b6efb44588fb912961d836913,DEFINED
p1e1r4_88e1157e7c7c4fa3b401bc31a17a4535/obligation:d7e602c36b754c44bc5c84fd197a8ac1,source_identity,§7.0 exact evidence closure; preserve known item dimensions through authority UNKNOWN; single case evidence source,evidence:d416a62b6efb44588fb912961d836913,DEFINED
p1e1r4_88e1157e7c7c4fa3b401bc31a17a4535/obligation:d7e602c36b754c44bc5c84fd197a8ac1,provenance_refs,§7.0 exact evidence closure; preserve known item dimensions through authority UNKNOWN; single case evidence source,evidence:d416a62b6efb44588fb912961d836913,DEFINED
p1e1r4_88e1157e7c7c4fa3b401bc31a17a4535/obligation:d7e602c36b754c44bc5c84fd197a8ac1,possible_duplicate_refs,§9 exact distinct unresolved identity link other-ref array; otherwise [],,DEFINED
p1e1r4_88e1157e7c7c4fa3b401bc31a17a4535/decision_requirement:32928b15f0524c8891594ef276e00557,id,§7.2 e1:<case>:decision:<exact payload>,decision_requirement:32928b15f0524c8891594ef276e00557,DEFINED
p1e1r4_88e1157e7c7c4fa3b401bc31a17a4535/decision_requirement:32928b15f0524c8891594ef276e00557,principal_id,§5 exact AARON from case principal,p1e1r4_88e1157e7c7c4fa3b401bc31a17a4535,DEFINED
p1e1r4_88e1157e7c7c4fa3b401bc31a17a4535/decision_requirement:32928b15f0524c8891594ef276e00557,objective_id,§6 exact objective namespace payload; §9.2 conflict subject objective,objective:95c1e97f49024e24946c596395e1f17f,DEFINED
p1e1r4_88e1157e7c7c4fa3b401bc31a17a4535/decision_requirement:32928b15f0524c8891594ef276e00557,obligation_id,§7 OMIT: not this root kind,,DEFINED
p1e1r4_88e1157e7c7c4fa3b401bc31a17a4535/decision_requirement:32928b15f0524c8891594ef276e00557,decision_requirement_id,§6/§7 exact typed-root payload,decision_requirement:32928b15f0524c8891594ef276e00557,DEFINED
p1e1r4_88e1157e7c7c4fa3b401bc31a17a4535/decision_requirement:32928b15f0524c8891594ef276e00557,intent_id,§7 OMIT: not this root kind,,DEFINED
p1e1r4_88e1157e7c7c4fa3b401bc31a17a4535/decision_requirement:32928b15f0524c8891594ef276e00557,conflict_id,§9 OMIT: no attached conflict,,DEFINED
p1e1r4_88e1157e7c7c4fa3b401bc31a17a4535/decision_requirement:32928b15f0524c8891594ef276e00557,obligation_status,§7 OMIT,,DEFINED
p1e1r4_88e1157e7c7c4fa3b401bc31a17a4535/decision_requirement:32928b15f0524c8891594ef276e00557,obligation_owner,§7 OMIT,,DEFINED
p1e1r4_88e1157e7c7c4fa3b401bc31a17a4535/decision_requirement:32928b15f0524c8891594ef276e00557,concrete_action_remaining,§7 OMIT,,DEFINED
p1e1r4_88e1157e7c7c4fa3b401bc31a17a4535/decision_requirement:32928b15f0524c8891594ef276e00557,decision_status,"§7.2 exact decision + scoped history, never obligation cascade",decision_requirement:32928b15f0524c8891594ef276e00557|event:3b5cefb873954a2a89f4c27f55c0f112,DEFINED
p1e1r4_88e1157e7c7c4fa3b401bc31a17a4535/decision_requirement:32928b15f0524c8891594ef276e00557,decision_maker_identity_id,"§7.2 exact decision + scoped history, never obligation cascade",decision_requirement:32928b15f0524c8891594ef276e00557|event:3b5cefb873954a2a89f4c27f55c0f112,DEFINED
p1e1r4_88e1157e7c7c4fa3b401bc31a17a4535/decision_requirement:32928b15f0524c8891594ef276e00557,reserved_authority_class,§7/§8 OMIT: no reserved permission,,DEFINED
p1e1r4_88e1157e7c7c4fa3b401bc31a17a4535/decision_requirement:32928b15f0524c8891594ef276e00557,authority_holder_identity_id,§7/§8 OMIT: no reserved permission,,DEFINED
p1e1r4_88e1157e7c7c4fa3b401bc31a17a4535/decision_requirement:32928b15f0524c8891594ef276e00557,valid_delegation,§7/§8 OMIT: no reserved permission,,DEFINED
p1e1r4_88e1157e7c7c4fa3b401bc31a17a4535/decision_requirement:32928b15f0524c8891594ef276e00557,escalation_required,§7.0 exact attached material root AND same-root governance Aaron escalation; else false,,DEFINED
p1e1r4_88e1157e7c7c4fa3b401bc31a17a4535/decision_requirement:32928b15f0524c8891594ef276e00557,unresolved_effect,§7.3 true only unresolved intent; otherwise false,,DEFINED
p1e1r4_88e1157e7c7c4fa3b401bc31a17a4535/decision_requirement:32928b15f0524c8891594ef276e00557,material_conflict,§9 true only exact attached/conflict-only root; otherwise false,,DEFINED
p1e1r4_88e1157e7c7c4fa3b401bc31a17a4535/decision_requirement:32928b15f0524c8891594ef276e00557,informational_only,"§7.0 obligation exact boolean, otherwise false",,DEFINED
p1e1r4_88e1157e7c7c4fa3b401bc31a17a4535/decision_requirement:32928b15f0524c8891594ef276e00557,applicability,§4/§7 exact subject refs; intent no scoped evidence -> UNKNOWN; conflict §9.2,assertion:61906b8b711a4e9e9cb0f6b1caada780,DEFINED
p1e1r4_88e1157e7c7c4fa3b401bc31a17a4535/decision_requirement:32928b15f0524c8891594ef276e00557,freshness,§7.0 exact evidence closure; preserve known item dimensions through authority UNKNOWN; single case evidence source,evidence:d416a62b6efb44588fb912961d836913,DEFINED
p1e1r4_88e1157e7c7c4fa3b401bc31a17a4535/decision_requirement:32928b15f0524c8891594ef276e00557,source_identity,§7.0 exact evidence closure; preserve known item dimensions through authority UNKNOWN; single case evidence source,evidence:d416a62b6efb44588fb912961d836913,DEFINED
p1e1r4_88e1157e7c7c4fa3b401bc31a17a4535/decision_requirement:32928b15f0524c8891594ef276e00557,provenance_refs,§7.0 exact evidence closure; preserve known item dimensions through authority UNKNOWN; single case evidence source,evidence:d416a62b6efb44588fb912961d836913,DEFINED
p1e1r4_88e1157e7c7c4fa3b401bc31a17a4535/decision_requirement:32928b15f0524c8891594ef276e00557,possible_duplicate_refs,§9 exact distinct unresolved identity link other-ref array; otherwise [],,DEFINED
p1e1r4_95581400e36945daa8b5f0beca122ada/obligation:c63fadbefae5401fb01805d67f0b0e34,id,§7.1 e1:<case>:obligation:<exact payload>,obligation:c63fadbefae5401fb01805d67f0b0e34,DEFINED
p1e1r4_95581400e36945daa8b5f0beca122ada/obligation:c63fadbefae5401fb01805d67f0b0e34,principal_id,§5 exact AARON from case principal,p1e1r4_95581400e36945daa8b5f0beca122ada,DEFINED
p1e1r4_95581400e36945daa8b5f0beca122ada/obligation:c63fadbefae5401fb01805d67f0b0e34,objective_id,§6 exact objective namespace payload; §9.2 conflict subject objective,objective:34e00cdba98641b3be6dde09de326ddd,DEFINED
p1e1r4_95581400e36945daa8b5f0beca122ada/obligation:c63fadbefae5401fb01805d67f0b0e34,obligation_id,§6/§7 exact typed-root payload,obligation:c63fadbefae5401fb01805d67f0b0e34,DEFINED
p1e1r4_95581400e36945daa8b5f0beca122ada/obligation:c63fadbefae5401fb01805d67f0b0e34,decision_requirement_id,§7 OMIT: not this root kind,,DEFINED
p1e1r4_95581400e36945daa8b5f0beca122ada/obligation:c63fadbefae5401fb01805d67f0b0e34,intent_id,§7 OMIT: not this root kind,,DEFINED
p1e1r4_95581400e36945daa8b5f0beca122ada/obligation:c63fadbefae5401fb01805d67f0b0e34,conflict_id,§9 OMIT: no attached conflict,,DEFINED
p1e1r4_95581400e36945daa8b5f0beca122ada/obligation:c63fadbefae5401fb01805d67f0b0e34,obligation_status,§7.1 exact obligation/governance plus exact-scoped lifecycle; action boolean AND concrete text AND not informational,obligation:c63fadbefae5401fb01805d67f0b0e34|governance:e923ae64cdd34a7a866ef045e9bd8670|event:0477718898a549bba275b87d6dbcbf9c,DEFINED
p1e1r4_95581400e36945daa8b5f0beca122ada/obligation:c63fadbefae5401fb01805d67f0b0e34,obligation_owner,§7.1 exact obligation/governance plus exact-scoped lifecycle; action boolean AND concrete text AND not informational,obligation:c63fadbefae5401fb01805d67f0b0e34|governance:e923ae64cdd34a7a866ef045e9bd8670|event:0477718898a549bba275b87d6dbcbf9c,DEFINED
p1e1r4_95581400e36945daa8b5f0beca122ada/obligation:c63fadbefae5401fb01805d67f0b0e34,concrete_action_remaining,§7.1 exact obligation/governance plus exact-scoped lifecycle; action boolean AND concrete text AND not informational,obligation:c63fadbefae5401fb01805d67f0b0e34|governance:e923ae64cdd34a7a866ef045e9bd8670|event:0477718898a549bba275b87d6dbcbf9c,DEFINED
p1e1r4_95581400e36945daa8b5f0beca122ada/obligation:c63fadbefae5401fb01805d67f0b0e34,decision_status,§7 OMIT,,DEFINED
p1e1r4_95581400e36945daa8b5f0beca122ada/obligation:c63fadbefae5401fb01805d67f0b0e34,decision_maker_identity_id,§7 OMIT,,DEFINED
p1e1r4_95581400e36945daa8b5f0beca122ada/obligation:c63fadbefae5401fb01805d67f0b0e34,reserved_authority_class,§7/§8 OMIT: no reserved permission,,DEFINED
p1e1r4_95581400e36945daa8b5f0beca122ada/obligation:c63fadbefae5401fb01805d67f0b0e34,authority_holder_identity_id,§7/§8 OMIT: no reserved permission,,DEFINED
p1e1r4_95581400e36945daa8b5f0beca122ada/obligation:c63fadbefae5401fb01805d67f0b0e34,valid_delegation,§7/§8 OMIT: no reserved permission,,DEFINED
p1e1r4_95581400e36945daa8b5f0beca122ada/obligation:c63fadbefae5401fb01805d67f0b0e34,escalation_required,§7.0 exact attached material root AND same-root governance Aaron escalation; else false,governance:e923ae64cdd34a7a866ef045e9bd8670,DEFINED
p1e1r4_95581400e36945daa8b5f0beca122ada/obligation:c63fadbefae5401fb01805d67f0b0e34,unresolved_effect,§7.3 true only unresolved intent; otherwise false,,DEFINED
p1e1r4_95581400e36945daa8b5f0beca122ada/obligation:c63fadbefae5401fb01805d67f0b0e34,material_conflict,§9 true only exact attached/conflict-only root; otherwise false,,DEFINED
p1e1r4_95581400e36945daa8b5f0beca122ada/obligation:c63fadbefae5401fb01805d67f0b0e34,informational_only,"§7.0 obligation exact boolean, otherwise false",obligation:c63fadbefae5401fb01805d67f0b0e34,DEFINED
p1e1r4_95581400e36945daa8b5f0beca122ada/obligation:c63fadbefae5401fb01805d67f0b0e34,applicability,§4/§7 exact subject refs; intent no scoped evidence -> UNKNOWN; conflict §9.2,assertion:f057a1bc785a4730a16b86dbaab4b8b4|governance:e923ae64cdd34a7a866ef045e9bd8670,DEFINED
p1e1r4_95581400e36945daa8b5f0beca122ada/obligation:c63fadbefae5401fb01805d67f0b0e34,freshness,§7.0 exact evidence closure; preserve known item dimensions through authority UNKNOWN; single case evidence source,evidence:b52fb6e92dad48d08669ba9db0f28ca0,DEFINED
p1e1r4_95581400e36945daa8b5f0beca122ada/obligation:c63fadbefae5401fb01805d67f0b0e34,source_identity,§7.0 exact evidence closure; preserve known item dimensions through authority UNKNOWN; single case evidence source,evidence:b52fb6e92dad48d08669ba9db0f28ca0,DEFINED
p1e1r4_95581400e36945daa8b5f0beca122ada/obligation:c63fadbefae5401fb01805d67f0b0e34,provenance_refs,§7.0 exact evidence closure; preserve known item dimensions through authority UNKNOWN; single case evidence source,evidence:b52fb6e92dad48d08669ba9db0f28ca0,DEFINED
p1e1r4_95581400e36945daa8b5f0beca122ada/obligation:c63fadbefae5401fb01805d67f0b0e34,possible_duplicate_refs,§9 exact distinct unresolved identity link other-ref array; otherwise [],,DEFINED
p1e1r4_95581400e36945daa8b5f0beca122ada/decision_requirement:cf98532dbbff45cb8ecc5af7226b0cbc,id,§7.2 e1:<case>:decision:<exact payload>,decision_requirement:cf98532dbbff45cb8ecc5af7226b0cbc,DEFINED
p1e1r4_95581400e36945daa8b5f0beca122ada/decision_requirement:cf98532dbbff45cb8ecc5af7226b0cbc,principal_id,§5 exact AARON from case principal,p1e1r4_95581400e36945daa8b5f0beca122ada,DEFINED
p1e1r4_95581400e36945daa8b5f0beca122ada/decision_requirement:cf98532dbbff45cb8ecc5af7226b0cbc,objective_id,§6 exact objective namespace payload; §9.2 conflict subject objective,objective:34e00cdba98641b3be6dde09de326ddd,DEFINED
p1e1r4_95581400e36945daa8b5f0beca122ada/decision_requirement:cf98532dbbff45cb8ecc5af7226b0cbc,obligation_id,§7 OMIT: not this root kind,,DEFINED
p1e1r4_95581400e36945daa8b5f0beca122ada/decision_requirement:cf98532dbbff45cb8ecc5af7226b0cbc,decision_requirement_id,§6/§7 exact typed-root payload,decision_requirement:cf98532dbbff45cb8ecc5af7226b0cbc,DEFINED
p1e1r4_95581400e36945daa8b5f0beca122ada/decision_requirement:cf98532dbbff45cb8ecc5af7226b0cbc,intent_id,§7 OMIT: not this root kind,,DEFINED
p1e1r4_95581400e36945daa8b5f0beca122ada/decision_requirement:cf98532dbbff45cb8ecc5af7226b0cbc,conflict_id,§9 OMIT: no attached conflict,,DEFINED
p1e1r4_95581400e36945daa8b5f0beca122ada/decision_requirement:cf98532dbbff45cb8ecc5af7226b0cbc,obligation_status,§7 OMIT,,DEFINED
p1e1r4_95581400e36945daa8b5f0beca122ada/decision_requirement:cf98532dbbff45cb8ecc5af7226b0cbc,obligation_owner,§7 OMIT,,DEFINED
p1e1r4_95581400e36945daa8b5f0beca122ada/decision_requirement:cf98532dbbff45cb8ecc5af7226b0cbc,concrete_action_remaining,§7 OMIT,,DEFINED
p1e1r4_95581400e36945daa8b5f0beca122ada/decision_requirement:cf98532dbbff45cb8ecc5af7226b0cbc,decision_status,"§7.2 exact decision + scoped history, never obligation cascade",decision_requirement:cf98532dbbff45cb8ecc5af7226b0cbc|event:0477718898a549bba275b87d6dbcbf9c,DEFINED
p1e1r4_95581400e36945daa8b5f0beca122ada/decision_requirement:cf98532dbbff45cb8ecc5af7226b0cbc,decision_maker_identity_id,"§7.2 exact decision + scoped history, never obligation cascade",decision_requirement:cf98532dbbff45cb8ecc5af7226b0cbc|event:0477718898a549bba275b87d6dbcbf9c,DEFINED
p1e1r4_95581400e36945daa8b5f0beca122ada/decision_requirement:cf98532dbbff45cb8ecc5af7226b0cbc,reserved_authority_class,§7/§8 OMIT: no reserved permission,,DEFINED
p1e1r4_95581400e36945daa8b5f0beca122ada/decision_requirement:cf98532dbbff45cb8ecc5af7226b0cbc,authority_holder_identity_id,§7/§8 OMIT: no reserved permission,,DEFINED
p1e1r4_95581400e36945daa8b5f0beca122ada/decision_requirement:cf98532dbbff45cb8ecc5af7226b0cbc,valid_delegation,§7/§8 OMIT: no reserved permission,,DEFINED
p1e1r4_95581400e36945daa8b5f0beca122ada/decision_requirement:cf98532dbbff45cb8ecc5af7226b0cbc,escalation_required,§7.0 exact attached material root AND same-root governance Aaron escalation; else false,,DEFINED
p1e1r4_95581400e36945daa8b5f0beca122ada/decision_requirement:cf98532dbbff45cb8ecc5af7226b0cbc,unresolved_effect,§7.3 true only unresolved intent; otherwise false,,DEFINED
p1e1r4_95581400e36945daa8b5f0beca122ada/decision_requirement:cf98532dbbff45cb8ecc5af7226b0cbc,material_conflict,§9 true only exact attached/conflict-only root; otherwise false,,DEFINED
p1e1r4_95581400e36945daa8b5f0beca122ada/decision_requirement:cf98532dbbff45cb8ecc5af7226b0cbc,informational_only,"§7.0 obligation exact boolean, otherwise false",,DEFINED
p1e1r4_95581400e36945daa8b5f0beca122ada/decision_requirement:cf98532dbbff45cb8ecc5af7226b0cbc,applicability,§4/§7 exact subject refs; intent no scoped evidence -> UNKNOWN; conflict §9.2,assertion:f057a1bc785a4730a16b86dbaab4b8b4,DEFINED
p1e1r4_95581400e36945daa8b5f0beca122ada/decision_requirement:cf98532dbbff45cb8ecc5af7226b0cbc,freshness,§7.0 exact evidence closure; preserve known item dimensions through authority UNKNOWN; single case evidence source,evidence:b52fb6e92dad48d08669ba9db0f28ca0,DEFINED
p1e1r4_95581400e36945daa8b5f0beca122ada/decision_requirement:cf98532dbbff45cb8ecc5af7226b0cbc,source_identity,§7.0 exact evidence closure; preserve known item dimensions through authority UNKNOWN; single case evidence source,evidence:b52fb6e92dad48d08669ba9db0f28ca0,DEFINED
p1e1r4_95581400e36945daa8b5f0beca122ada/decision_requirement:cf98532dbbff45cb8ecc5af7226b0cbc,provenance_refs,§7.0 exact evidence closure; preserve known item dimensions through authority UNKNOWN; single case evidence source,evidence:b52fb6e92dad48d08669ba9db0f28ca0,DEFINED
p1e1r4_95581400e36945daa8b5f0beca122ada/decision_requirement:cf98532dbbff45cb8ecc5af7226b0cbc,possible_duplicate_refs,§9 exact distinct unresolved identity link other-ref array; otherwise [],,DEFINED
p1e1r4_9f4b83c6c71644fd88451639fdf88db8/obligation:9cbe805095ae47ce8244275f70975988,id,§7.1 e1:<case>:obligation:<exact payload>,obligation:9cbe805095ae47ce8244275f70975988,DEFINED
p1e1r4_9f4b83c6c71644fd88451639fdf88db8/obligation:9cbe805095ae47ce8244275f70975988,principal_id,§5 exact AARON from case principal,p1e1r4_9f4b83c6c71644fd88451639fdf88db8,DEFINED
p1e1r4_9f4b83c6c71644fd88451639fdf88db8/obligation:9cbe805095ae47ce8244275f70975988,objective_id,§6 exact objective namespace payload; §9.2 conflict subject objective,objective:bdeed84b93c94cdeb79b3baeaed5ad5d,DEFINED
p1e1r4_9f4b83c6c71644fd88451639fdf88db8/obligation:9cbe805095ae47ce8244275f70975988,obligation_id,§6/§7 exact typed-root payload,obligation:9cbe805095ae47ce8244275f70975988,DEFINED
p1e1r4_9f4b83c6c71644fd88451639fdf88db8/obligation:9cbe805095ae47ce8244275f70975988,decision_requirement_id,§7 OMIT: not this root kind,,DEFINED
p1e1r4_9f4b83c6c71644fd88451639fdf88db8/obligation:9cbe805095ae47ce8244275f70975988,intent_id,§7 OMIT: not this root kind,,DEFINED
p1e1r4_9f4b83c6c71644fd88451639fdf88db8/obligation:9cbe805095ae47ce8244275f70975988,conflict_id,§9 OMIT: no attached conflict,,DEFINED
p1e1r4_9f4b83c6c71644fd88451639fdf88db8/obligation:9cbe805095ae47ce8244275f70975988,obligation_status,§7.1 exact obligation/governance plus exact-scoped lifecycle; action boolean AND concrete text AND not informational,obligation:9cbe805095ae47ce8244275f70975988|governance:13b92b17e99d4f668977d8ccbd6ffb7f|event:40f27884a79145a3a4bd7aae5d749214,DEFINED
p1e1r4_9f4b83c6c71644fd88451639fdf88db8/obligation:9cbe805095ae47ce8244275f70975988,obligation_owner,§7.1 exact obligation/governance plus exact-scoped lifecycle; action boolean AND concrete text AND not informational,obligation:9cbe805095ae47ce8244275f70975988|governance:13b92b17e99d4f668977d8ccbd6ffb7f|event:40f27884a79145a3a4bd7aae5d749214,DEFINED
p1e1r4_9f4b83c6c71644fd88451639fdf88db8/obligation:9cbe805095ae47ce8244275f70975988,concrete_action_remaining,§7.1 exact obligation/governance plus exact-scoped lifecycle; action boolean AND concrete text AND not informational,obligation:9cbe805095ae47ce8244275f70975988|governance:13b92b17e99d4f668977d8ccbd6ffb7f|event:40f27884a79145a3a4bd7aae5d749214,DEFINED
p1e1r4_9f4b83c6c71644fd88451639fdf88db8/obligation:9cbe805095ae47ce8244275f70975988,decision_status,§7 OMIT,,DEFINED
p1e1r4_9f4b83c6c71644fd88451639fdf88db8/obligation:9cbe805095ae47ce8244275f70975988,decision_maker_identity_id,§7 OMIT,,DEFINED
p1e1r4_9f4b83c6c71644fd88451639fdf88db8/obligation:9cbe805095ae47ce8244275f70975988,reserved_authority_class,§7/§8 OMIT: no reserved permission,,DEFINED
p1e1r4_9f4b83c6c71644fd88451639fdf88db8/obligation:9cbe805095ae47ce8244275f70975988,authority_holder_identity_id,§7/§8 OMIT: no reserved permission,,DEFINED
p1e1r4_9f4b83c6c71644fd88451639fdf88db8/obligation:9cbe805095ae47ce8244275f70975988,valid_delegation,§7/§8 OMIT: no reserved permission,,DEFINED
p1e1r4_9f4b83c6c71644fd88451639fdf88db8/obligation:9cbe805095ae47ce8244275f70975988,escalation_required,§7.0 exact attached material root AND same-root governance Aaron escalation; else false,governance:13b92b17e99d4f668977d8ccbd6ffb7f,DEFINED
p1e1r4_9f4b83c6c71644fd88451639fdf88db8/obligation:9cbe805095ae47ce8244275f70975988,unresolved_effect,§7.3 true only unresolved intent; otherwise false,,DEFINED
p1e1r4_9f4b83c6c71644fd88451639fdf88db8/obligation:9cbe805095ae47ce8244275f70975988,material_conflict,§9 true only exact attached/conflict-only root; otherwise false,,DEFINED
p1e1r4_9f4b83c6c71644fd88451639fdf88db8/obligation:9cbe805095ae47ce8244275f70975988,informational_only,"§7.0 obligation exact boolean, otherwise false",obligation:9cbe805095ae47ce8244275f70975988,DEFINED
p1e1r4_9f4b83c6c71644fd88451639fdf88db8/obligation:9cbe805095ae47ce8244275f70975988,applicability,§4/§7 exact subject refs; intent no scoped evidence -> UNKNOWN; conflict §9.2,assertion:7ea9e882eac54be3b32b8876dbc2ff19|governance:13b92b17e99d4f668977d8ccbd6ffb7f,DEFINED
p1e1r4_9f4b83c6c71644fd88451639fdf88db8/obligation:9cbe805095ae47ce8244275f70975988,freshness,§7.0 exact evidence closure; preserve known item dimensions through authority UNKNOWN; single case evidence source,evidence:8bf61dc378624c13b796a49d31be91a3,DEFINED
p1e1r4_9f4b83c6c71644fd88451639fdf88db8/obligation:9cbe805095ae47ce8244275f70975988,source_identity,§7.0 exact evidence closure; preserve known item dimensions through authority UNKNOWN; single case evidence source,evidence:8bf61dc378624c13b796a49d31be91a3,DEFINED
p1e1r4_9f4b83c6c71644fd88451639fdf88db8/obligation:9cbe805095ae47ce8244275f70975988,provenance_refs,§7.0 exact evidence closure; preserve known item dimensions through authority UNKNOWN; single case evidence source,evidence:8bf61dc378624c13b796a49d31be91a3,DEFINED
p1e1r4_9f4b83c6c71644fd88451639fdf88db8/obligation:9cbe805095ae47ce8244275f70975988,possible_duplicate_refs,§9 exact distinct unresolved identity link other-ref array; otherwise [],,DEFINED
p1e1r4_9f4b83c6c71644fd88451639fdf88db8/decision_requirement:7c15000a192c41118f9d2c7308841846,id,§7.2 e1:<case>:decision:<exact payload>,decision_requirement:7c15000a192c41118f9d2c7308841846,DEFINED
p1e1r4_9f4b83c6c71644fd88451639fdf88db8/decision_requirement:7c15000a192c41118f9d2c7308841846,principal_id,§5 exact AARON from case principal,p1e1r4_9f4b83c6c71644fd88451639fdf88db8,DEFINED
p1e1r4_9f4b83c6c71644fd88451639fdf88db8/decision_requirement:7c15000a192c41118f9d2c7308841846,objective_id,§6 exact objective namespace payload; §9.2 conflict subject objective,objective:bdeed84b93c94cdeb79b3baeaed5ad5d,DEFINED
p1e1r4_9f4b83c6c71644fd88451639fdf88db8/decision_requirement:7c15000a192c41118f9d2c7308841846,obligation_id,§7 OMIT: not this root kind,,DEFINED
p1e1r4_9f4b83c6c71644fd88451639fdf88db8/decision_requirement:7c15000a192c41118f9d2c7308841846,decision_requirement_id,§6/§7 exact typed-root payload,decision_requirement:7c15000a192c41118f9d2c7308841846,DEFINED
p1e1r4_9f4b83c6c71644fd88451639fdf88db8/decision_requirement:7c15000a192c41118f9d2c7308841846,intent_id,§7 OMIT: not this root kind,,DEFINED
p1e1r4_9f4b83c6c71644fd88451639fdf88db8/decision_requirement:7c15000a192c41118f9d2c7308841846,conflict_id,§9 OMIT: no attached conflict,,DEFINED
p1e1r4_9f4b83c6c71644fd88451639fdf88db8/decision_requirement:7c15000a192c41118f9d2c7308841846,obligation_status,§7 OMIT,,DEFINED
p1e1r4_9f4b83c6c71644fd88451639fdf88db8/decision_requirement:7c15000a192c41118f9d2c7308841846,obligation_owner,§7 OMIT,,DEFINED
p1e1r4_9f4b83c6c71644fd88451639fdf88db8/decision_requirement:7c15000a192c41118f9d2c7308841846,concrete_action_remaining,§7 OMIT,,DEFINED
p1e1r4_9f4b83c6c71644fd88451639fdf88db8/decision_requirement:7c15000a192c41118f9d2c7308841846,decision_status,"§7.2 exact decision + scoped history, never obligation cascade",decision_requirement:7c15000a192c41118f9d2c7308841846|event:40f27884a79145a3a4bd7aae5d749214,DEFINED
p1e1r4_9f4b83c6c71644fd88451639fdf88db8/decision_requirement:7c15000a192c41118f9d2c7308841846,decision_maker_identity_id,"§7.2 exact decision + scoped history, never obligation cascade",decision_requirement:7c15000a192c41118f9d2c7308841846|event:40f27884a79145a3a4bd7aae5d749214,DEFINED
p1e1r4_9f4b83c6c71644fd88451639fdf88db8/decision_requirement:7c15000a192c41118f9d2c7308841846,reserved_authority_class,§7/§8 OMIT: no reserved permission,,DEFINED
p1e1r4_9f4b83c6c71644fd88451639fdf88db8/decision_requirement:7c15000a192c41118f9d2c7308841846,authority_holder_identity_id,§7/§8 OMIT: no reserved permission,,DEFINED
p1e1r4_9f4b83c6c71644fd88451639fdf88db8/decision_requirement:7c15000a192c41118f9d2c7308841846,valid_delegation,§7/§8 OMIT: no reserved permission,,DEFINED
p1e1r4_9f4b83c6c71644fd88451639fdf88db8/decision_requirement:7c15000a192c41118f9d2c7308841846,escalation_required,§7.0 exact attached material root AND same-root governance Aaron escalation; else false,,DEFINED
p1e1r4_9f4b83c6c71644fd88451639fdf88db8/decision_requirement:7c15000a192c41118f9d2c7308841846,unresolved_effect,§7.3 true only unresolved intent; otherwise false,,DEFINED
p1e1r4_9f4b83c6c71644fd88451639fdf88db8/decision_requirement:7c15000a192c41118f9d2c7308841846,material_conflict,§9 true only exact attached/conflict-only root; otherwise false,,DEFINED
p1e1r4_9f4b83c6c71644fd88451639fdf88db8/decision_requirement:7c15000a192c41118f9d2c7308841846,informational_only,"§7.0 obligation exact boolean, otherwise false",,DEFINED
p1e1r4_9f4b83c6c71644fd88451639fdf88db8/decision_requirement:7c15000a192c41118f9d2c7308841846,applicability,§4/§7 exact subject refs; intent no scoped evidence -> UNKNOWN; conflict §9.2,assertion:7ea9e882eac54be3b32b8876dbc2ff19,DEFINED
p1e1r4_9f4b83c6c71644fd88451639fdf88db8/decision_requirement:7c15000a192c41118f9d2c7308841846,freshness,§7.0 exact evidence closure; preserve known item dimensions through authority UNKNOWN; single case evidence source,evidence:8bf61dc378624c13b796a49d31be91a3,DEFINED
p1e1r4_9f4b83c6c71644fd88451639fdf88db8/decision_requirement:7c15000a192c41118f9d2c7308841846,source_identity,§7.0 exact evidence closure; preserve known item dimensions through authority UNKNOWN; single case evidence source,evidence:8bf61dc378624c13b796a49d31be91a3,DEFINED
p1e1r4_9f4b83c6c71644fd88451639fdf88db8/decision_requirement:7c15000a192c41118f9d2c7308841846,provenance_refs,§7.0 exact evidence closure; preserve known item dimensions through authority UNKNOWN; single case evidence source,evidence:8bf61dc378624c13b796a49d31be91a3,DEFINED
p1e1r4_9f4b83c6c71644fd88451639fdf88db8/decision_requirement:7c15000a192c41118f9d2c7308841846,possible_duplicate_refs,§9 exact distinct unresolved identity link other-ref array; otherwise [],,DEFINED
p1e1r4_a09424d46ca04ea3955094402e78966a/obligation:884613f4c1cc47ca8d1e8ccdb28ecafc,id,§7.1 e1:<case>:obligation:<exact payload>,obligation:884613f4c1cc47ca8d1e8ccdb28ecafc,DEFINED
p1e1r4_a09424d46ca04ea3955094402e78966a/obligation:884613f4c1cc47ca8d1e8ccdb28ecafc,principal_id,§5 exact AARON from case principal,p1e1r4_a09424d46ca04ea3955094402e78966a,DEFINED
p1e1r4_a09424d46ca04ea3955094402e78966a/obligation:884613f4c1cc47ca8d1e8ccdb28ecafc,objective_id,§6 exact objective namespace payload; §9.2 conflict subject objective,objective:322d818c291a4f158925f812280e6069,DEFINED
p1e1r4_a09424d46ca04ea3955094402e78966a/obligation:884613f4c1cc47ca8d1e8ccdb28ecafc,obligation_id,§6/§7 exact typed-root payload,obligation:884613f4c1cc47ca8d1e8ccdb28ecafc,DEFINED
p1e1r4_a09424d46ca04ea3955094402e78966a/obligation:884613f4c1cc47ca8d1e8ccdb28ecafc,decision_requirement_id,§7 OMIT: not this root kind,,DEFINED
p1e1r4_a09424d46ca04ea3955094402e78966a/obligation:884613f4c1cc47ca8d1e8ccdb28ecafc,intent_id,§7 OMIT: not this root kind,,DEFINED
p1e1r4_a09424d46ca04ea3955094402e78966a/obligation:884613f4c1cc47ca8d1e8ccdb28ecafc,conflict_id,§9 OMIT: no attached conflict,,DEFINED
p1e1r4_a09424d46ca04ea3955094402e78966a/obligation:884613f4c1cc47ca8d1e8ccdb28ecafc,obligation_status,§7.1 exact obligation/governance plus exact-scoped lifecycle; action boolean AND concrete text AND not informational,obligation:884613f4c1cc47ca8d1e8ccdb28ecafc|governance:cd6aa7547c984983908336c410699884|event:679a12c8d5fe46ad82d463ce5e9bc605,DEFINED
p1e1r4_a09424d46ca04ea3955094402e78966a/obligation:884613f4c1cc47ca8d1e8ccdb28ecafc,obligation_owner,§7.1 exact obligation/governance plus exact-scoped lifecycle; action boolean AND concrete text AND not informational,obligation:884613f4c1cc47ca8d1e8ccdb28ecafc|governance:cd6aa7547c984983908336c410699884|event:679a12c8d5fe46ad82d463ce5e9bc605,DEFINED
p1e1r4_a09424d46ca04ea3955094402e78966a/obligation:884613f4c1cc47ca8d1e8ccdb28ecafc,concrete_action_remaining,§7.1 exact obligation/governance plus exact-scoped lifecycle; action boolean AND concrete text AND not informational,obligation:884613f4c1cc47ca8d1e8ccdb28ecafc|governance:cd6aa7547c984983908336c410699884|event:679a12c8d5fe46ad82d463ce5e9bc605,DEFINED
p1e1r4_a09424d46ca04ea3955094402e78966a/obligation:884613f4c1cc47ca8d1e8ccdb28ecafc,decision_status,§7 OMIT,,DEFINED
p1e1r4_a09424d46ca04ea3955094402e78966a/obligation:884613f4c1cc47ca8d1e8ccdb28ecafc,decision_maker_identity_id,§7 OMIT,,DEFINED
p1e1r4_a09424d46ca04ea3955094402e78966a/obligation:884613f4c1cc47ca8d1e8ccdb28ecafc,reserved_authority_class,§8 exact permission/governance/decision + current authority validation; UNKNOWN holder and OMIT delegation on unknown authority,required_next_step:539b250eda264c46b37263151835c3c1|authority_domain:de82d05f3f0a45e597d4d7cdec5efd1d|iris:7e9f37241d7f457db4e29121962d6712|worker:952cf820553e474689bffb6c8cf2e98c|episode:5ebe91eaaf54406f89cc2dbbaa8cbd1a|authority_lease:fb89590e272a4bfa89d0bcfc88c88740,DEFINED
p1e1r4_a09424d46ca04ea3955094402e78966a/obligation:884613f4c1cc47ca8d1e8ccdb28ecafc,authority_holder_identity_id,§8 exact permission/governance/decision + current authority validation; UNKNOWN holder and OMIT delegation on unknown authority,required_next_step:539b250eda264c46b37263151835c3c1|authority_domain:de82d05f3f0a45e597d4d7cdec5efd1d|iris:7e9f37241d7f457db4e29121962d6712|worker:952cf820553e474689bffb6c8cf2e98c|episode:5ebe91eaaf54406f89cc2dbbaa8cbd1a|authority_lease:fb89590e272a4bfa89d0bcfc88c88740,DEFINED
p1e1r4_a09424d46ca04ea3955094402e78966a/obligation:884613f4c1cc47ca8d1e8ccdb28ecafc,valid_delegation,§8 exact permission/governance/decision + current authority validation; UNKNOWN holder and OMIT delegation on unknown authority,required_next_step:539b250eda264c46b37263151835c3c1|authority_domain:de82d05f3f0a45e597d4d7cdec5efd1d|iris:7e9f37241d7f457db4e29121962d6712|worker:952cf820553e474689bffb6c8cf2e98c|episode:5ebe91eaaf54406f89cc2dbbaa8cbd1a|authority_lease:fb89590e272a4bfa89d0bcfc88c88740,DEFINED
p1e1r4_a09424d46ca04ea3955094402e78966a/obligation:884613f4c1cc47ca8d1e8ccdb28ecafc,escalation_required,§7.0 exact attached material root AND same-root governance Aaron escalation; else false,governance:cd6aa7547c984983908336c410699884,DEFINED
p1e1r4_a09424d46ca04ea3955094402e78966a/obligation:884613f4c1cc47ca8d1e8ccdb28ecafc,unresolved_effect,§7.3 true only unresolved intent; otherwise false,,DEFINED
p1e1r4_a09424d46ca04ea3955094402e78966a/obligation:884613f4c1cc47ca8d1e8ccdb28ecafc,material_conflict,§9 true only exact attached/conflict-only root; otherwise false,,DEFINED
p1e1r4_a09424d46ca04ea3955094402e78966a/obligation:884613f4c1cc47ca8d1e8ccdb28ecafc,informational_only,"§7.0 obligation exact boolean, otherwise false",obligation:884613f4c1cc47ca8d1e8ccdb28ecafc,DEFINED
p1e1r4_a09424d46ca04ea3955094402e78966a/obligation:884613f4c1cc47ca8d1e8ccdb28ecafc,applicability,§4/§7 exact subject refs; intent no scoped evidence -> UNKNOWN; conflict §9.2,assertion:dbfc81a5dfcd4769bf27170e89445db5|governance:cd6aa7547c984983908336c410699884,DEFINED
p1e1r4_a09424d46ca04ea3955094402e78966a/obligation:884613f4c1cc47ca8d1e8ccdb28ecafc,freshness,§7.0 exact evidence closure; preserve known item dimensions through authority UNKNOWN; single case evidence source,evidence:9dfb3f5694924c8f86955f852f2a6002,DEFINED
p1e1r4_a09424d46ca04ea3955094402e78966a/obligation:884613f4c1cc47ca8d1e8ccdb28ecafc,source_identity,§7.0 exact evidence closure; preserve known item dimensions through authority UNKNOWN; single case evidence source,evidence:9dfb3f5694924c8f86955f852f2a6002,DEFINED
p1e1r4_a09424d46ca04ea3955094402e78966a/obligation:884613f4c1cc47ca8d1e8ccdb28ecafc,provenance_refs,§7.0 exact evidence closure; preserve known item dimensions through authority UNKNOWN; single case evidence source,evidence:9dfb3f5694924c8f86955f852f2a6002,DEFINED
p1e1r4_a09424d46ca04ea3955094402e78966a/obligation:884613f4c1cc47ca8d1e8ccdb28ecafc,possible_duplicate_refs,§9 exact distinct unresolved identity link other-ref array; otherwise [],,DEFINED
p1e1r4_a09424d46ca04ea3955094402e78966a/decision_requirement:74ebdb6b6c7e4c929050ba7da797116e,id,§7.2 e1:<case>:decision:<exact payload>,decision_requirement:74ebdb6b6c7e4c929050ba7da797116e,DEFINED
p1e1r4_a09424d46ca04ea3955094402e78966a/decision_requirement:74ebdb6b6c7e4c929050ba7da797116e,principal_id,§5 exact AARON from case principal,p1e1r4_a09424d46ca04ea3955094402e78966a,DEFINED
p1e1r4_a09424d46ca04ea3955094402e78966a/decision_requirement:74ebdb6b6c7e4c929050ba7da797116e,objective_id,§6 exact objective namespace payload; §9.2 conflict subject objective,objective:322d818c291a4f158925f812280e6069,DEFINED
p1e1r4_a09424d46ca04ea3955094402e78966a/decision_requirement:74ebdb6b6c7e4c929050ba7da797116e,obligation_id,§7 OMIT: not this root kind,,DEFINED
p1e1r4_a09424d46ca04ea3955094402e78966a/decision_requirement:74ebdb6b6c7e4c929050ba7da797116e,decision_requirement_id,§6/§7 exact typed-root payload,decision_requirement:74ebdb6b6c7e4c929050ba7da797116e,DEFINED
p1e1r4_a09424d46ca04ea3955094402e78966a/decision_requirement:74ebdb6b6c7e4c929050ba7da797116e,intent_id,§7 OMIT: not this root kind,,DEFINED
p1e1r4_a09424d46ca04ea3955094402e78966a/decision_requirement:74ebdb6b6c7e4c929050ba7da797116e,conflict_id,§9 OMIT: no attached conflict,,DEFINED
p1e1r4_a09424d46ca04ea3955094402e78966a/decision_requirement:74ebdb6b6c7e4c929050ba7da797116e,obligation_status,§7 OMIT,,DEFINED
p1e1r4_a09424d46ca04ea3955094402e78966a/decision_requirement:74ebdb6b6c7e4c929050ba7da797116e,obligation_owner,§7 OMIT,,DEFINED
p1e1r4_a09424d46ca04ea3955094402e78966a/decision_requirement:74ebdb6b6c7e4c929050ba7da797116e,concrete_action_remaining,§7 OMIT,,DEFINED
p1e1r4_a09424d46ca04ea3955094402e78966a/decision_requirement:74ebdb6b6c7e4c929050ba7da797116e,decision_status,"§7.2 exact decision + scoped history, never obligation cascade",decision_requirement:74ebdb6b6c7e4c929050ba7da797116e|event:679a12c8d5fe46ad82d463ce5e9bc605,DEFINED
p1e1r4_a09424d46ca04ea3955094402e78966a/decision_requirement:74ebdb6b6c7e4c929050ba7da797116e,decision_maker_identity_id,"§7.2 exact decision + scoped history, never obligation cascade",decision_requirement:74ebdb6b6c7e4c929050ba7da797116e|event:679a12c8d5fe46ad82d463ce5e9bc605,DEFINED
p1e1r4_a09424d46ca04ea3955094402e78966a/decision_requirement:74ebdb6b6c7e4c929050ba7da797116e,reserved_authority_class,§8 exact permission/governance/decision + current authority validation; UNKNOWN holder and OMIT delegation on unknown authority,required_next_step:539b250eda264c46b37263151835c3c1|authority_domain:de82d05f3f0a45e597d4d7cdec5efd1d|iris:7e9f37241d7f457db4e29121962d6712|worker:952cf820553e474689bffb6c8cf2e98c|episode:5ebe91eaaf54406f89cc2dbbaa8cbd1a|authority_lease:fb89590e272a4bfa89d0bcfc88c88740,DEFINED
p1e1r4_a09424d46ca04ea3955094402e78966a/decision_requirement:74ebdb6b6c7e4c929050ba7da797116e,authority_holder_identity_id,§8 exact permission/governance/decision + current authority validation; UNKNOWN holder and OMIT delegation on unknown authority,required_next_step:539b250eda264c46b37263151835c3c1|authority_domain:de82d05f3f0a45e597d4d7cdec5efd1d|iris:7e9f37241d7f457db4e29121962d6712|worker:952cf820553e474689bffb6c8cf2e98c|episode:5ebe91eaaf54406f89cc2dbbaa8cbd1a|authority_lease:fb89590e272a4bfa89d0bcfc88c88740,DEFINED
p1e1r4_a09424d46ca04ea3955094402e78966a/decision_requirement:74ebdb6b6c7e4c929050ba7da797116e,valid_delegation,§8 exact permission/governance/decision + current authority validation; UNKNOWN holder and OMIT delegation on unknown authority,required_next_step:539b250eda264c46b37263151835c3c1|authority_domain:de82d05f3f0a45e597d4d7cdec5efd1d|iris:7e9f37241d7f457db4e29121962d6712|worker:952cf820553e474689bffb6c8cf2e98c|episode:5ebe91eaaf54406f89cc2dbbaa8cbd1a|authority_lease:fb89590e272a4bfa89d0bcfc88c88740,DEFINED
p1e1r4_a09424d46ca04ea3955094402e78966a/decision_requirement:74ebdb6b6c7e4c929050ba7da797116e,escalation_required,§7.0 exact attached material root AND same-root governance Aaron escalation; else false,,DEFINED
p1e1r4_a09424d46ca04ea3955094402e78966a/decision_requirement:74ebdb6b6c7e4c929050ba7da797116e,unresolved_effect,§7.3 true only unresolved intent; otherwise false,,DEFINED
p1e1r4_a09424d46ca04ea3955094402e78966a/decision_requirement:74ebdb6b6c7e4c929050ba7da797116e,material_conflict,§9 true only exact attached/conflict-only root; otherwise false,,DEFINED
p1e1r4_a09424d46ca04ea3955094402e78966a/decision_requirement:74ebdb6b6c7e4c929050ba7da797116e,informational_only,"§7.0 obligation exact boolean, otherwise false",,DEFINED
p1e1r4_a09424d46ca04ea3955094402e78966a/decision_requirement:74ebdb6b6c7e4c929050ba7da797116e,applicability,§4/§7 exact subject refs; intent no scoped evidence -> UNKNOWN; conflict §9.2,assertion:dbfc81a5dfcd4769bf27170e89445db5,DEFINED
p1e1r4_a09424d46ca04ea3955094402e78966a/decision_requirement:74ebdb6b6c7e4c929050ba7da797116e,freshness,§7.0 exact evidence closure; preserve known item dimensions through authority UNKNOWN; single case evidence source,evidence:9dfb3f5694924c8f86955f852f2a6002,DEFINED
p1e1r4_a09424d46ca04ea3955094402e78966a/decision_requirement:74ebdb6b6c7e4c929050ba7da797116e,source_identity,§7.0 exact evidence closure; preserve known item dimensions through authority UNKNOWN; single case evidence source,evidence:9dfb3f5694924c8f86955f852f2a6002,DEFINED
p1e1r4_a09424d46ca04ea3955094402e78966a/decision_requirement:74ebdb6b6c7e4c929050ba7da797116e,provenance_refs,§7.0 exact evidence closure; preserve known item dimensions through authority UNKNOWN; single case evidence source,evidence:9dfb3f5694924c8f86955f852f2a6002,DEFINED
p1e1r4_a09424d46ca04ea3955094402e78966a/decision_requirement:74ebdb6b6c7e4c929050ba7da797116e,possible_duplicate_refs,§9 exact distinct unresolved identity link other-ref array; otherwise [],,DEFINED
p1e1r4_a515b5de91da4708b8a14da07664b37a/obligation:fba3a66ead3e46e793f5348fa38b1f7b,id,§7.1 e1:<case>:obligation:<exact payload>,obligation:fba3a66ead3e46e793f5348fa38b1f7b,DEFINED
p1e1r4_a515b5de91da4708b8a14da07664b37a/obligation:fba3a66ead3e46e793f5348fa38b1f7b,principal_id,§5 exact AARON from case principal,p1e1r4_a515b5de91da4708b8a14da07664b37a,DEFINED
p1e1r4_a515b5de91da4708b8a14da07664b37a/obligation:fba3a66ead3e46e793f5348fa38b1f7b,objective_id,§6 exact objective namespace payload; §9.2 conflict subject objective,objective:c2a07974b18e4ebf81e3f55330fe2940,DEFINED
p1e1r4_a515b5de91da4708b8a14da07664b37a/obligation:fba3a66ead3e46e793f5348fa38b1f7b,obligation_id,§6/§7 exact typed-root payload,obligation:fba3a66ead3e46e793f5348fa38b1f7b,DEFINED
p1e1r4_a515b5de91da4708b8a14da07664b37a/obligation:fba3a66ead3e46e793f5348fa38b1f7b,decision_requirement_id,§7 OMIT: not this root kind,,DEFINED
p1e1r4_a515b5de91da4708b8a14da07664b37a/obligation:fba3a66ead3e46e793f5348fa38b1f7b,intent_id,§7 OMIT: not this root kind,,DEFINED
p1e1r4_a515b5de91da4708b8a14da07664b37a/obligation:fba3a66ead3e46e793f5348fa38b1f7b,conflict_id,§9 OMIT: no attached conflict,,DEFINED
p1e1r4_a515b5de91da4708b8a14da07664b37a/obligation:fba3a66ead3e46e793f5348fa38b1f7b,obligation_status,§7.1 exact obligation/governance plus exact-scoped lifecycle; action boolean AND concrete text AND not informational,obligation:fba3a66ead3e46e793f5348fa38b1f7b|governance:e3fdd1167d934211b6c0b95d0168919d|event:fb03e8ce40444630a2b9910e16f59d42,DEFINED
p1e1r4_a515b5de91da4708b8a14da07664b37a/obligation:fba3a66ead3e46e793f5348fa38b1f7b,obligation_owner,§7.1 exact obligation/governance plus exact-scoped lifecycle; action boolean AND concrete text AND not informational,obligation:fba3a66ead3e46e793f5348fa38b1f7b|governance:e3fdd1167d934211b6c0b95d0168919d|event:fb03e8ce40444630a2b9910e16f59d42,DEFINED
p1e1r4_a515b5de91da4708b8a14da07664b37a/obligation:fba3a66ead3e46e793f5348fa38b1f7b,concrete_action_remaining,§7.1 exact obligation/governance plus exact-scoped lifecycle; action boolean AND concrete text AND not informational,obligation:fba3a66ead3e46e793f5348fa38b1f7b|governance:e3fdd1167d934211b6c0b95d0168919d|event:fb03e8ce40444630a2b9910e16f59d42,DEFINED
p1e1r4_a515b5de91da4708b8a14da07664b37a/obligation:fba3a66ead3e46e793f5348fa38b1f7b,decision_status,§7 OMIT,,DEFINED
p1e1r4_a515b5de91da4708b8a14da07664b37a/obligation:fba3a66ead3e46e793f5348fa38b1f7b,decision_maker_identity_id,§7 OMIT,,DEFINED
p1e1r4_a515b5de91da4708b8a14da07664b37a/obligation:fba3a66ead3e46e793f5348fa38b1f7b,reserved_authority_class,§7/§8 OMIT: no reserved permission,,DEFINED
p1e1r4_a515b5de91da4708b8a14da07664b37a/obligation:fba3a66ead3e46e793f5348fa38b1f7b,authority_holder_identity_id,§7/§8 OMIT: no reserved permission,,DEFINED
p1e1r4_a515b5de91da4708b8a14da07664b37a/obligation:fba3a66ead3e46e793f5348fa38b1f7b,valid_delegation,§7/§8 OMIT: no reserved permission,,DEFINED
p1e1r4_a515b5de91da4708b8a14da07664b37a/obligation:fba3a66ead3e46e793f5348fa38b1f7b,escalation_required,§7.0 exact attached material root AND same-root governance Aaron escalation; else false,governance:e3fdd1167d934211b6c0b95d0168919d,DEFINED
p1e1r4_a515b5de91da4708b8a14da07664b37a/obligation:fba3a66ead3e46e793f5348fa38b1f7b,unresolved_effect,§7.3 true only unresolved intent; otherwise false,,DEFINED
p1e1r4_a515b5de91da4708b8a14da07664b37a/obligation:fba3a66ead3e46e793f5348fa38b1f7b,material_conflict,§9 true only exact attached/conflict-only root; otherwise false,,DEFINED
p1e1r4_a515b5de91da4708b8a14da07664b37a/obligation:fba3a66ead3e46e793f5348fa38b1f7b,informational_only,"§7.0 obligation exact boolean, otherwise false",obligation:fba3a66ead3e46e793f5348fa38b1f7b,DEFINED
p1e1r4_a515b5de91da4708b8a14da07664b37a/obligation:fba3a66ead3e46e793f5348fa38b1f7b,applicability,§4/§7 exact subject refs; intent no scoped evidence -> UNKNOWN; conflict §9.2,assertion:c2ea7f5a8ef44f7c95d32e4780931ca0|governance:e3fdd1167d934211b6c0b95d0168919d,DEFINED
p1e1r4_a515b5de91da4708b8a14da07664b37a/obligation:fba3a66ead3e46e793f5348fa38b1f7b,freshness,§7.0 exact evidence closure; preserve known item dimensions through authority UNKNOWN; single case evidence source,evidence:c338539bafba4e4cbd4549a5a146a4af,DEFINED
p1e1r4_a515b5de91da4708b8a14da07664b37a/obligation:fba3a66ead3e46e793f5348fa38b1f7b,source_identity,§7.0 exact evidence closure; preserve known item dimensions through authority UNKNOWN; single case evidence source,evidence:c338539bafba4e4cbd4549a5a146a4af,DEFINED
p1e1r4_a515b5de91da4708b8a14da07664b37a/obligation:fba3a66ead3e46e793f5348fa38b1f7b,provenance_refs,§7.0 exact evidence closure; preserve known item dimensions through authority UNKNOWN; single case evidence source,evidence:c338539bafba4e4cbd4549a5a146a4af,DEFINED
p1e1r4_a515b5de91da4708b8a14da07664b37a/obligation:fba3a66ead3e46e793f5348fa38b1f7b,possible_duplicate_refs,§9 exact distinct unresolved identity link other-ref array; otherwise [],,DEFINED
p1e1r4_a515b5de91da4708b8a14da07664b37a/decision_requirement:2986c37c3faf46fa954e6656b09bcfad,id,§7.2 e1:<case>:decision:<exact payload>,decision_requirement:2986c37c3faf46fa954e6656b09bcfad,DEFINED
p1e1r4_a515b5de91da4708b8a14da07664b37a/decision_requirement:2986c37c3faf46fa954e6656b09bcfad,principal_id,§5 exact AARON from case principal,p1e1r4_a515b5de91da4708b8a14da07664b37a,DEFINED
p1e1r4_a515b5de91da4708b8a14da07664b37a/decision_requirement:2986c37c3faf46fa954e6656b09bcfad,objective_id,§6 exact objective namespace payload; §9.2 conflict subject objective,objective:c2a07974b18e4ebf81e3f55330fe2940,DEFINED
p1e1r4_a515b5de91da4708b8a14da07664b37a/decision_requirement:2986c37c3faf46fa954e6656b09bcfad,obligation_id,§7 OMIT: not this root kind,,DEFINED
p1e1r4_a515b5de91da4708b8a14da07664b37a/decision_requirement:2986c37c3faf46fa954e6656b09bcfad,decision_requirement_id,§6/§7 exact typed-root payload,decision_requirement:2986c37c3faf46fa954e6656b09bcfad,DEFINED
p1e1r4_a515b5de91da4708b8a14da07664b37a/decision_requirement:2986c37c3faf46fa954e6656b09bcfad,intent_id,§7 OMIT: not this root kind,,DEFINED
p1e1r4_a515b5de91da4708b8a14da07664b37a/decision_requirement:2986c37c3faf46fa954e6656b09bcfad,conflict_id,§9 OMIT: no attached conflict,,DEFINED
p1e1r4_a515b5de91da4708b8a14da07664b37a/decision_requirement:2986c37c3faf46fa954e6656b09bcfad,obligation_status,§7 OMIT,,DEFINED
p1e1r4_a515b5de91da4708b8a14da07664b37a/decision_requirement:2986c37c3faf46fa954e6656b09bcfad,obligation_owner,§7 OMIT,,DEFINED
p1e1r4_a515b5de91da4708b8a14da07664b37a/decision_requirement:2986c37c3faf46fa954e6656b09bcfad,concrete_action_remaining,§7 OMIT,,DEFINED
p1e1r4_a515b5de91da4708b8a14da07664b37a/decision_requirement:2986c37c3faf46fa954e6656b09bcfad,decision_status,"§7.2 exact decision + scoped history, never obligation cascade",decision_requirement:2986c37c3faf46fa954e6656b09bcfad|event:fb03e8ce40444630a2b9910e16f59d42,DEFINED
p1e1r4_a515b5de91da4708b8a14da07664b37a/decision_requirement:2986c37c3faf46fa954e6656b09bcfad,decision_maker_identity_id,"§7.2 exact decision + scoped history, never obligation cascade",decision_requirement:2986c37c3faf46fa954e6656b09bcfad|event:fb03e8ce40444630a2b9910e16f59d42,DEFINED
p1e1r4_a515b5de91da4708b8a14da07664b37a/decision_requirement:2986c37c3faf46fa954e6656b09bcfad,reserved_authority_class,§7/§8 OMIT: no reserved permission,,DEFINED
p1e1r4_a515b5de91da4708b8a14da07664b37a/decision_requirement:2986c37c3faf46fa954e6656b09bcfad,authority_holder_identity_id,§7/§8 OMIT: no reserved permission,,DEFINED
p1e1r4_a515b5de91da4708b8a14da07664b37a/decision_requirement:2986c37c3faf46fa954e6656b09bcfad,valid_delegation,§7/§8 OMIT: no reserved permission,,DEFINED
p1e1r4_a515b5de91da4708b8a14da07664b37a/decision_requirement:2986c37c3faf46fa954e6656b09bcfad,escalation_required,§7.0 exact attached material root AND same-root governance Aaron escalation; else false,,DEFINED
p1e1r4_a515b5de91da4708b8a14da07664b37a/decision_requirement:2986c37c3faf46fa954e6656b09bcfad,unresolved_effect,§7.3 true only unresolved intent; otherwise false,,DEFINED
p1e1r4_a515b5de91da4708b8a14da07664b37a/decision_requirement:2986c37c3faf46fa954e6656b09bcfad,material_conflict,§9 true only exact attached/conflict-only root; otherwise false,,DEFINED
p1e1r4_a515b5de91da4708b8a14da07664b37a/decision_requirement:2986c37c3faf46fa954e6656b09bcfad,informational_only,"§7.0 obligation exact boolean, otherwise false",,DEFINED
p1e1r4_a515b5de91da4708b8a14da07664b37a/decision_requirement:2986c37c3faf46fa954e6656b09bcfad,applicability,§4/§7 exact subject refs; intent no scoped evidence -> UNKNOWN; conflict §9.2,assertion:c2ea7f5a8ef44f7c95d32e4780931ca0,DEFINED
p1e1r4_a515b5de91da4708b8a14da07664b37a/decision_requirement:2986c37c3faf46fa954e6656b09bcfad,freshness,§7.0 exact evidence closure; preserve known item dimensions through authority UNKNOWN; single case evidence source,evidence:c338539bafba4e4cbd4549a5a146a4af,DEFINED
p1e1r4_a515b5de91da4708b8a14da07664b37a/decision_requirement:2986c37c3faf46fa954e6656b09bcfad,source_identity,§7.0 exact evidence closure; preserve known item dimensions through authority UNKNOWN; single case evidence source,evidence:c338539bafba4e4cbd4549a5a146a4af,DEFINED
p1e1r4_a515b5de91da4708b8a14da07664b37a/decision_requirement:2986c37c3faf46fa954e6656b09bcfad,provenance_refs,§7.0 exact evidence closure; preserve known item dimensions through authority UNKNOWN; single case evidence source,evidence:c338539bafba4e4cbd4549a5a146a4af,DEFINED
p1e1r4_a515b5de91da4708b8a14da07664b37a/decision_requirement:2986c37c3faf46fa954e6656b09bcfad,possible_duplicate_refs,§9 exact distinct unresolved identity link other-ref array; otherwise [],,DEFINED
p1e1r4_ac08b94cee624ed7a450e17e3389a163/obligation:af6abeb0cf104e19bf59b400088a90b7,id,§7.1 e1:<case>:obligation:<exact payload>,obligation:af6abeb0cf104e19bf59b400088a90b7,DEFINED
p1e1r4_ac08b94cee624ed7a450e17e3389a163/obligation:af6abeb0cf104e19bf59b400088a90b7,principal_id,§5 exact AARON from case principal,p1e1r4_ac08b94cee624ed7a450e17e3389a163,DEFINED
p1e1r4_ac08b94cee624ed7a450e17e3389a163/obligation:af6abeb0cf104e19bf59b400088a90b7,objective_id,§6 exact objective namespace payload; §9.2 conflict subject objective,objective:46b9bfe032724b97a46b202187d43cc6,DEFINED
p1e1r4_ac08b94cee624ed7a450e17e3389a163/obligation:af6abeb0cf104e19bf59b400088a90b7,obligation_id,§6/§7 exact typed-root payload,obligation:af6abeb0cf104e19bf59b400088a90b7,DEFINED
p1e1r4_ac08b94cee624ed7a450e17e3389a163/obligation:af6abeb0cf104e19bf59b400088a90b7,decision_requirement_id,§7 OMIT: not this root kind,,DEFINED
p1e1r4_ac08b94cee624ed7a450e17e3389a163/obligation:af6abeb0cf104e19bf59b400088a90b7,intent_id,§7 OMIT: not this root kind,,DEFINED
p1e1r4_ac08b94cee624ed7a450e17e3389a163/obligation:af6abeb0cf104e19bf59b400088a90b7,conflict_id,§9 exact attached conflict ID,conf_d4ff9b505dcdbddfc874d18352b850524c188297ae3308a2510e3e3c2190429d,DEFINED
p1e1r4_ac08b94cee624ed7a450e17e3389a163/obligation:af6abeb0cf104e19bf59b400088a90b7,obligation_status,§7.1 exact obligation/governance plus exact-scoped lifecycle; action boolean AND concrete text AND not informational,obligation:af6abeb0cf104e19bf59b400088a90b7|governance:44ac637bcdd74ae9a835809ce250e042|event:771653de617b4f0ea0b77e81fdb48d14,DEFINED
p1e1r4_ac08b94cee624ed7a450e17e3389a163/obligation:af6abeb0cf104e19bf59b400088a90b7,obligation_owner,§7.1 exact obligation/governance plus exact-scoped lifecycle; action boolean AND concrete text AND not informational,obligation:af6abeb0cf104e19bf59b400088a90b7|governance:44ac637bcdd74ae9a835809ce250e042|event:771653de617b4f0ea0b77e81fdb48d14,DEFINED
p1e1r4_ac08b94cee624ed7a450e17e3389a163/obligation:af6abeb0cf104e19bf59b400088a90b7,concrete_action_remaining,§7.1 exact obligation/governance plus exact-scoped lifecycle; action boolean AND concrete text AND not informational,obligation:af6abeb0cf104e19bf59b400088a90b7|governance:44ac637bcdd74ae9a835809ce250e042|event:771653de617b4f0ea0b77e81fdb48d14,DEFINED
p1e1r4_ac08b94cee624ed7a450e17e3389a163/obligation:af6abeb0cf104e19bf59b400088a90b7,decision_status,§7 OMIT,,DEFINED
p1e1r4_ac08b94cee624ed7a450e17e3389a163/obligation:af6abeb0cf104e19bf59b400088a90b7,decision_maker_identity_id,§7 OMIT,,DEFINED
p1e1r4_ac08b94cee624ed7a450e17e3389a163/obligation:af6abeb0cf104e19bf59b400088a90b7,reserved_authority_class,§7/§8 OMIT: no reserved permission,,DEFINED
p1e1r4_ac08b94cee624ed7a450e17e3389a163/obligation:af6abeb0cf104e19bf59b400088a90b7,authority_holder_identity_id,§7/§8 OMIT: no reserved permission,,DEFINED
p1e1r4_ac08b94cee624ed7a450e17e3389a163/obligation:af6abeb0cf104e19bf59b400088a90b7,valid_delegation,§7/§8 OMIT: no reserved permission,,DEFINED
p1e1r4_ac08b94cee624ed7a450e17e3389a163/obligation:af6abeb0cf104e19bf59b400088a90b7,escalation_required,§7.0 exact attached material root AND same-root governance Aaron escalation; else false,governance:44ac637bcdd74ae9a835809ce250e042,DEFINED
p1e1r4_ac08b94cee624ed7a450e17e3389a163/obligation:af6abeb0cf104e19bf59b400088a90b7,unresolved_effect,§7.3 true only unresolved intent; otherwise false,,DEFINED
p1e1r4_ac08b94cee624ed7a450e17e3389a163/obligation:af6abeb0cf104e19bf59b400088a90b7,material_conflict,§9 true only exact attached/conflict-only root; otherwise false,conf_d4ff9b505dcdbddfc874d18352b850524c188297ae3308a2510e3e3c2190429d,DEFINED
p1e1r4_ac08b94cee624ed7a450e17e3389a163/obligation:af6abeb0cf104e19bf59b400088a90b7,informational_only,"§7.0 obligation exact boolean, otherwise false",obligation:af6abeb0cf104e19bf59b400088a90b7,DEFINED
p1e1r4_ac08b94cee624ed7a450e17e3389a163/obligation:af6abeb0cf104e19bf59b400088a90b7,applicability,§4/§7 exact subject refs; intent no scoped evidence -> UNKNOWN; conflict §9.2,assertion:890ca02d52f44b1bb790c07c46652ca4|governance:44ac637bcdd74ae9a835809ce250e042,DEFINED
p1e1r4_ac08b94cee624ed7a450e17e3389a163/obligation:af6abeb0cf104e19bf59b400088a90b7,freshness,§7.0 exact evidence closure; preserve known item dimensions through authority UNKNOWN; single case evidence source,evidence:c14d559eb106405aa3ba9b4f5d7c7596,DEFINED
p1e1r4_ac08b94cee624ed7a450e17e3389a163/obligation:af6abeb0cf104e19bf59b400088a90b7,source_identity,§7.0 exact evidence closure; preserve known item dimensions through authority UNKNOWN; single case evidence source,evidence:c14d559eb106405aa3ba9b4f5d7c7596,DEFINED
p1e1r4_ac08b94cee624ed7a450e17e3389a163/obligation:af6abeb0cf104e19bf59b400088a90b7,provenance_refs,§7.0 exact evidence closure; preserve known item dimensions through authority UNKNOWN; single case evidence source,evidence:c14d559eb106405aa3ba9b4f5d7c7596,DEFINED
p1e1r4_ac08b94cee624ed7a450e17e3389a163/obligation:af6abeb0cf104e19bf59b400088a90b7,possible_duplicate_refs,§9 exact distinct unresolved identity link other-ref array; otherwise [],source_link_observation:7b4114860d3840f8a3c4158b4ea3ba86,DEFINED
p1e1r4_ac08b94cee624ed7a450e17e3389a163/decision_requirement:6f6315b5ec0b4e78b5b1a846cb56eb4e,id,§7.2 e1:<case>:decision:<exact payload>,decision_requirement:6f6315b5ec0b4e78b5b1a846cb56eb4e,DEFINED
p1e1r4_ac08b94cee624ed7a450e17e3389a163/decision_requirement:6f6315b5ec0b4e78b5b1a846cb56eb4e,principal_id,§5 exact AARON from case principal,p1e1r4_ac08b94cee624ed7a450e17e3389a163,DEFINED
p1e1r4_ac08b94cee624ed7a450e17e3389a163/decision_requirement:6f6315b5ec0b4e78b5b1a846cb56eb4e,objective_id,§6 exact objective namespace payload; §9.2 conflict subject objective,objective:46b9bfe032724b97a46b202187d43cc6,DEFINED
p1e1r4_ac08b94cee624ed7a450e17e3389a163/decision_requirement:6f6315b5ec0b4e78b5b1a846cb56eb4e,obligation_id,§7 OMIT: not this root kind,,DEFINED
p1e1r4_ac08b94cee624ed7a450e17e3389a163/decision_requirement:6f6315b5ec0b4e78b5b1a846cb56eb4e,decision_requirement_id,§6/§7 exact typed-root payload,decision_requirement:6f6315b5ec0b4e78b5b1a846cb56eb4e,DEFINED
p1e1r4_ac08b94cee624ed7a450e17e3389a163/decision_requirement:6f6315b5ec0b4e78b5b1a846cb56eb4e,intent_id,§7 OMIT: not this root kind,,DEFINED
p1e1r4_ac08b94cee624ed7a450e17e3389a163/decision_requirement:6f6315b5ec0b4e78b5b1a846cb56eb4e,conflict_id,§9 OMIT: no attached conflict,,DEFINED
p1e1r4_ac08b94cee624ed7a450e17e3389a163/decision_requirement:6f6315b5ec0b4e78b5b1a846cb56eb4e,obligation_status,§7 OMIT,,DEFINED
p1e1r4_ac08b94cee624ed7a450e17e3389a163/decision_requirement:6f6315b5ec0b4e78b5b1a846cb56eb4e,obligation_owner,§7 OMIT,,DEFINED
p1e1r4_ac08b94cee624ed7a450e17e3389a163/decision_requirement:6f6315b5ec0b4e78b5b1a846cb56eb4e,concrete_action_remaining,§7 OMIT,,DEFINED
p1e1r4_ac08b94cee624ed7a450e17e3389a163/decision_requirement:6f6315b5ec0b4e78b5b1a846cb56eb4e,decision_status,"§7.2 exact decision + scoped history, never obligation cascade",decision_requirement:6f6315b5ec0b4e78b5b1a846cb56eb4e|event:771653de617b4f0ea0b77e81fdb48d14,DEFINED
p1e1r4_ac08b94cee624ed7a450e17e3389a163/decision_requirement:6f6315b5ec0b4e78b5b1a846cb56eb4e,decision_maker_identity_id,"§7.2 exact decision + scoped history, never obligation cascade",decision_requirement:6f6315b5ec0b4e78b5b1a846cb56eb4e|event:771653de617b4f0ea0b77e81fdb48d14,DEFINED
p1e1r4_ac08b94cee624ed7a450e17e3389a163/decision_requirement:6f6315b5ec0b4e78b5b1a846cb56eb4e,reserved_authority_class,§7/§8 OMIT: no reserved permission,,DEFINED
p1e1r4_ac08b94cee624ed7a450e17e3389a163/decision_requirement:6f6315b5ec0b4e78b5b1a846cb56eb4e,authority_holder_identity_id,§7/§8 OMIT: no reserved permission,,DEFINED
p1e1r4_ac08b94cee624ed7a450e17e3389a163/decision_requirement:6f6315b5ec0b4e78b5b1a846cb56eb4e,valid_delegation,§7/§8 OMIT: no reserved permission,,DEFINED
p1e1r4_ac08b94cee624ed7a450e17e3389a163/decision_requirement:6f6315b5ec0b4e78b5b1a846cb56eb4e,escalation_required,§7.0 exact attached material root AND same-root governance Aaron escalation; else false,,DEFINED
p1e1r4_ac08b94cee624ed7a450e17e3389a163/decision_requirement:6f6315b5ec0b4e78b5b1a846cb56eb4e,unresolved_effect,§7.3 true only unresolved intent; otherwise false,,DEFINED
p1e1r4_ac08b94cee624ed7a450e17e3389a163/decision_requirement:6f6315b5ec0b4e78b5b1a846cb56eb4e,material_conflict,§9 true only exact attached/conflict-only root; otherwise false,,DEFINED
p1e1r4_ac08b94cee624ed7a450e17e3389a163/decision_requirement:6f6315b5ec0b4e78b5b1a846cb56eb4e,informational_only,"§7.0 obligation exact boolean, otherwise false",,DEFINED
p1e1r4_ac08b94cee624ed7a450e17e3389a163/decision_requirement:6f6315b5ec0b4e78b5b1a846cb56eb4e,applicability,§4/§7 exact subject refs; intent no scoped evidence -> UNKNOWN; conflict §9.2,assertion:890ca02d52f44b1bb790c07c46652ca4,DEFINED
p1e1r4_ac08b94cee624ed7a450e17e3389a163/decision_requirement:6f6315b5ec0b4e78b5b1a846cb56eb4e,freshness,§7.0 exact evidence closure; preserve known item dimensions through authority UNKNOWN; single case evidence source,evidence:c14d559eb106405aa3ba9b4f5d7c7596,DEFINED
p1e1r4_ac08b94cee624ed7a450e17e3389a163/decision_requirement:6f6315b5ec0b4e78b5b1a846cb56eb4e,source_identity,§7.0 exact evidence closure; preserve known item dimensions through authority UNKNOWN; single case evidence source,evidence:c14d559eb106405aa3ba9b4f5d7c7596,DEFINED
p1e1r4_ac08b94cee624ed7a450e17e3389a163/decision_requirement:6f6315b5ec0b4e78b5b1a846cb56eb4e,provenance_refs,§7.0 exact evidence closure; preserve known item dimensions through authority UNKNOWN; single case evidence source,evidence:c14d559eb106405aa3ba9b4f5d7c7596,DEFINED
p1e1r4_ac08b94cee624ed7a450e17e3389a163/decision_requirement:6f6315b5ec0b4e78b5b1a846cb56eb4e,possible_duplicate_refs,§9 exact distinct unresolved identity link other-ref array; otherwise [],,DEFINED
p1e1r4_ac08b94cee624ed7a450e17e3389a163/obligation:c1805592acb24fb884c9ec909d348408,id,§7.1 e1:<case>:obligation:<exact payload>,obligation:c1805592acb24fb884c9ec909d348408,DEFINED
p1e1r4_ac08b94cee624ed7a450e17e3389a163/obligation:c1805592acb24fb884c9ec909d348408,principal_id,§5 exact AARON from case principal,p1e1r4_ac08b94cee624ed7a450e17e3389a163,DEFINED
p1e1r4_ac08b94cee624ed7a450e17e3389a163/obligation:c1805592acb24fb884c9ec909d348408,objective_id,§6 exact objective namespace payload; §9.2 conflict subject objective,objective:46b9bfe032724b97a46b202187d43cc6,DEFINED
p1e1r4_ac08b94cee624ed7a450e17e3389a163/obligation:c1805592acb24fb884c9ec909d348408,obligation_id,§6/§7 exact typed-root payload,obligation:c1805592acb24fb884c9ec909d348408,DEFINED
p1e1r4_ac08b94cee624ed7a450e17e3389a163/obligation:c1805592acb24fb884c9ec909d348408,decision_requirement_id,§7 OMIT: not this root kind,,DEFINED
p1e1r4_ac08b94cee624ed7a450e17e3389a163/obligation:c1805592acb24fb884c9ec909d348408,intent_id,§7 OMIT: not this root kind,,DEFINED
p1e1r4_ac08b94cee624ed7a450e17e3389a163/obligation:c1805592acb24fb884c9ec909d348408,conflict_id,§9 exact attached conflict ID,conf_d4ff9b505dcdbddfc874d18352b850524c188297ae3308a2510e3e3c2190429d,DEFINED
p1e1r4_ac08b94cee624ed7a450e17e3389a163/obligation:c1805592acb24fb884c9ec909d348408,obligation_status,§7.1 exact obligation/governance plus exact-scoped lifecycle; action boolean AND concrete text AND not informational,obligation:c1805592acb24fb884c9ec909d348408|governance:63119917760b4d98beb1940b14605482,DEFINED
p1e1r4_ac08b94cee624ed7a450e17e3389a163/obligation:c1805592acb24fb884c9ec909d348408,obligation_owner,§7.1 exact obligation/governance plus exact-scoped lifecycle; action boolean AND concrete text AND not informational,obligation:c1805592acb24fb884c9ec909d348408|governance:63119917760b4d98beb1940b14605482,DEFINED
p1e1r4_ac08b94cee624ed7a450e17e3389a163/obligation:c1805592acb24fb884c9ec909d348408,concrete_action_remaining,§7.1 exact obligation/governance plus exact-scoped lifecycle; action boolean AND concrete text AND not informational,obligation:c1805592acb24fb884c9ec909d348408|governance:63119917760b4d98beb1940b14605482,DEFINED
p1e1r4_ac08b94cee624ed7a450e17e3389a163/obligation:c1805592acb24fb884c9ec909d348408,decision_status,§7 OMIT,,DEFINED
p1e1r4_ac08b94cee624ed7a450e17e3389a163/obligation:c1805592acb24fb884c9ec909d348408,decision_maker_identity_id,§7 OMIT,,DEFINED
p1e1r4_ac08b94cee624ed7a450e17e3389a163/obligation:c1805592acb24fb884c9ec909d348408,reserved_authority_class,§7/§8 OMIT: no reserved permission,,DEFINED
p1e1r4_ac08b94cee624ed7a450e17e3389a163/obligation:c1805592acb24fb884c9ec909d348408,authority_holder_identity_id,§7/§8 OMIT: no reserved permission,,DEFINED
p1e1r4_ac08b94cee624ed7a450e17e3389a163/obligation:c1805592acb24fb884c9ec909d348408,valid_delegation,§7/§8 OMIT: no reserved permission,,DEFINED
p1e1r4_ac08b94cee624ed7a450e17e3389a163/obligation:c1805592acb24fb884c9ec909d348408,escalation_required,§7.0 exact attached material root AND same-root governance Aaron escalation; else false,governance:63119917760b4d98beb1940b14605482,DEFINED
p1e1r4_ac08b94cee624ed7a450e17e3389a163/obligation:c1805592acb24fb884c9ec909d348408,unresolved_effect,§7.3 true only unresolved intent; otherwise false,,DEFINED
p1e1r4_ac08b94cee624ed7a450e17e3389a163/obligation:c1805592acb24fb884c9ec909d348408,material_conflict,§9 true only exact attached/conflict-only root; otherwise false,conf_d4ff9b505dcdbddfc874d18352b850524c188297ae3308a2510e3e3c2190429d,DEFINED
p1e1r4_ac08b94cee624ed7a450e17e3389a163/obligation:c1805592acb24fb884c9ec909d348408,informational_only,"§7.0 obligation exact boolean, otherwise false",obligation:c1805592acb24fb884c9ec909d348408,DEFINED
p1e1r4_ac08b94cee624ed7a450e17e3389a163/obligation:c1805592acb24fb884c9ec909d348408,applicability,§4/§7 exact subject refs; intent no scoped evidence -> UNKNOWN; conflict §9.2,applicability_assertion:8a794b0c602843fe867aef16c96e529e|governance:63119917760b4d98beb1940b14605482,DEFINED
p1e1r4_ac08b94cee624ed7a450e17e3389a163/obligation:c1805592acb24fb884c9ec909d348408,freshness,§7.0 exact evidence closure; preserve known item dimensions through authority UNKNOWN; single case evidence source,evidence:c14d559eb106405aa3ba9b4f5d7c7596,DEFINED
p1e1r4_ac08b94cee624ed7a450e17e3389a163/obligation:c1805592acb24fb884c9ec909d348408,source_identity,§7.0 exact evidence closure; preserve known item dimensions through authority UNKNOWN; single case evidence source,evidence:c14d559eb106405aa3ba9b4f5d7c7596,DEFINED
p1e1r4_ac08b94cee624ed7a450e17e3389a163/obligation:c1805592acb24fb884c9ec909d348408,provenance_refs,§7.0 exact evidence closure; preserve known item dimensions through authority UNKNOWN; single case evidence source,evidence:c14d559eb106405aa3ba9b4f5d7c7596,DEFINED
p1e1r4_ac08b94cee624ed7a450e17e3389a163/obligation:c1805592acb24fb884c9ec909d348408,possible_duplicate_refs,§9 exact distinct unresolved identity link other-ref array; otherwise [],source_link_observation:7b4114860d3840f8a3c4158b4ea3ba86,DEFINED
p1e1r4_b786a178b8324097a51161f46f96b5e4/obligation:2afa2357e62a4622b571a228c54dd31f,id,§7.1 e1:<case>:obligation:<exact payload>,obligation:2afa2357e62a4622b571a228c54dd31f,DEFINED
p1e1r4_b786a178b8324097a51161f46f96b5e4/obligation:2afa2357e62a4622b571a228c54dd31f,principal_id,§5 exact AARON from case principal,p1e1r4_b786a178b8324097a51161f46f96b5e4,DEFINED
p1e1r4_b786a178b8324097a51161f46f96b5e4/obligation:2afa2357e62a4622b571a228c54dd31f,objective_id,§6 exact objective namespace payload; §9.2 conflict subject objective,objective:7d0c78d39ef84200968031cc0d9ece9c,DEFINED
p1e1r4_b786a178b8324097a51161f46f96b5e4/obligation:2afa2357e62a4622b571a228c54dd31f,obligation_id,§6/§7 exact typed-root payload,obligation:2afa2357e62a4622b571a228c54dd31f,DEFINED
p1e1r4_b786a178b8324097a51161f46f96b5e4/obligation:2afa2357e62a4622b571a228c54dd31f,decision_requirement_id,§7 OMIT: not this root kind,,DEFINED
p1e1r4_b786a178b8324097a51161f46f96b5e4/obligation:2afa2357e62a4622b571a228c54dd31f,intent_id,§7 OMIT: not this root kind,,DEFINED
p1e1r4_b786a178b8324097a51161f46f96b5e4/obligation:2afa2357e62a4622b571a228c54dd31f,conflict_id,§9 OMIT: no attached conflict,,DEFINED
p1e1r4_b786a178b8324097a51161f46f96b5e4/obligation:2afa2357e62a4622b571a228c54dd31f,obligation_status,§7.1 exact obligation/governance plus exact-scoped lifecycle; action boolean AND concrete text AND not informational,obligation:2afa2357e62a4622b571a228c54dd31f|governance:b7ac1393450140048000079c8a369f95|event:bed5806caba04b1bb43996b9749ddd2f|lifecycle_event:974e1002a6f84c5fb871a754dc6e00de,DEFINED
p1e1r4_b786a178b8324097a51161f46f96b5e4/obligation:2afa2357e62a4622b571a228c54dd31f,obligation_owner,§7.1 exact obligation/governance plus exact-scoped lifecycle; action boolean AND concrete text AND not informational,obligation:2afa2357e62a4622b571a228c54dd31f|governance:b7ac1393450140048000079c8a369f95|event:bed5806caba04b1bb43996b9749ddd2f|lifecycle_event:974e1002a6f84c5fb871a754dc6e00de,DEFINED
p1e1r4_b786a178b8324097a51161f46f96b5e4/obligation:2afa2357e62a4622b571a228c54dd31f,concrete_action_remaining,§7.1 exact obligation/governance plus exact-scoped lifecycle; action boolean AND concrete text AND not informational,obligation:2afa2357e62a4622b571a228c54dd31f|governance:b7ac1393450140048000079c8a369f95|event:bed5806caba04b1bb43996b9749ddd2f|lifecycle_event:974e1002a6f84c5fb871a754dc6e00de,DEFINED
p1e1r4_b786a178b8324097a51161f46f96b5e4/obligation:2afa2357e62a4622b571a228c54dd31f,decision_status,§7 OMIT,,DEFINED
p1e1r4_b786a178b8324097a51161f46f96b5e4/obligation:2afa2357e62a4622b571a228c54dd31f,decision_maker_identity_id,§7 OMIT,,DEFINED
p1e1r4_b786a178b8324097a51161f46f96b5e4/obligation:2afa2357e62a4622b571a228c54dd31f,reserved_authority_class,§7/§8 OMIT: no reserved permission,,DEFINED
p1e1r4_b786a178b8324097a51161f46f96b5e4/obligation:2afa2357e62a4622b571a228c54dd31f,authority_holder_identity_id,§7/§8 OMIT: no reserved permission,,DEFINED
p1e1r4_b786a178b8324097a51161f46f96b5e4/obligation:2afa2357e62a4622b571a228c54dd31f,valid_delegation,§7/§8 OMIT: no reserved permission,,DEFINED
p1e1r4_b786a178b8324097a51161f46f96b5e4/obligation:2afa2357e62a4622b571a228c54dd31f,escalation_required,§7.0 exact attached material root AND same-root governance Aaron escalation; else false,governance:b7ac1393450140048000079c8a369f95,DEFINED
p1e1r4_b786a178b8324097a51161f46f96b5e4/obligation:2afa2357e62a4622b571a228c54dd31f,unresolved_effect,§7.3 true only unresolved intent; otherwise false,,DEFINED
p1e1r4_b786a178b8324097a51161f46f96b5e4/obligation:2afa2357e62a4622b571a228c54dd31f,material_conflict,§9 true only exact attached/conflict-only root; otherwise false,,DEFINED
p1e1r4_b786a178b8324097a51161f46f96b5e4/obligation:2afa2357e62a4622b571a228c54dd31f,informational_only,"§7.0 obligation exact boolean, otherwise false",obligation:2afa2357e62a4622b571a228c54dd31f,DEFINED
p1e1r4_b786a178b8324097a51161f46f96b5e4/obligation:2afa2357e62a4622b571a228c54dd31f,applicability,§4/§7 exact subject refs; intent no scoped evidence -> UNKNOWN; conflict §9.2,assertion:ac5777cdfcc848afa50df8e3e2447453|governance:b7ac1393450140048000079c8a369f95,DEFINED
p1e1r4_b786a178b8324097a51161f46f96b5e4/obligation:2afa2357e62a4622b571a228c54dd31f,freshness,§7.0 exact evidence closure; preserve known item dimensions through authority UNKNOWN; single case evidence source,evidence:ecfff8b554134e1f84e7568a9dc1269c,DEFINED
p1e1r4_b786a178b8324097a51161f46f96b5e4/obligation:2afa2357e62a4622b571a228c54dd31f,source_identity,§7.0 exact evidence closure; preserve known item dimensions through authority UNKNOWN; single case evidence source,evidence:ecfff8b554134e1f84e7568a9dc1269c,DEFINED
p1e1r4_b786a178b8324097a51161f46f96b5e4/obligation:2afa2357e62a4622b571a228c54dd31f,provenance_refs,§7.0 exact evidence closure; preserve known item dimensions through authority UNKNOWN; single case evidence source,evidence:ecfff8b554134e1f84e7568a9dc1269c,DEFINED
p1e1r4_b786a178b8324097a51161f46f96b5e4/obligation:2afa2357e62a4622b571a228c54dd31f,possible_duplicate_refs,§9 exact distinct unresolved identity link other-ref array; otherwise [],,DEFINED
p1e1r4_b786a178b8324097a51161f46f96b5e4/decision_requirement:44140c59e7a84085ab0797ea6bef7b5d,id,§7.2 e1:<case>:decision:<exact payload>,decision_requirement:44140c59e7a84085ab0797ea6bef7b5d,DEFINED
p1e1r4_b786a178b8324097a51161f46f96b5e4/decision_requirement:44140c59e7a84085ab0797ea6bef7b5d,principal_id,§5 exact AARON from case principal,p1e1r4_b786a178b8324097a51161f46f96b5e4,DEFINED
p1e1r4_b786a178b8324097a51161f46f96b5e4/decision_requirement:44140c59e7a84085ab0797ea6bef7b5d,objective_id,§6 exact objective namespace payload; §9.2 conflict subject objective,objective:7d0c78d39ef84200968031cc0d9ece9c,DEFINED
p1e1r4_b786a178b8324097a51161f46f96b5e4/decision_requirement:44140c59e7a84085ab0797ea6bef7b5d,obligation_id,§7 OMIT: not this root kind,,DEFINED
p1e1r4_b786a178b8324097a51161f46f96b5e4/decision_requirement:44140c59e7a84085ab0797ea6bef7b5d,decision_requirement_id,§6/§7 exact typed-root payload,decision_requirement:44140c59e7a84085ab0797ea6bef7b5d,DEFINED
p1e1r4_b786a178b8324097a51161f46f96b5e4/decision_requirement:44140c59e7a84085ab0797ea6bef7b5d,intent_id,§7 OMIT: not this root kind,,DEFINED
p1e1r4_b786a178b8324097a51161f46f96b5e4/decision_requirement:44140c59e7a84085ab0797ea6bef7b5d,conflict_id,§9 OMIT: no attached conflict,,DEFINED
p1e1r4_b786a178b8324097a51161f46f96b5e4/decision_requirement:44140c59e7a84085ab0797ea6bef7b5d,obligation_status,§7 OMIT,,DEFINED
p1e1r4_b786a178b8324097a51161f46f96b5e4/decision_requirement:44140c59e7a84085ab0797ea6bef7b5d,obligation_owner,§7 OMIT,,DEFINED
p1e1r4_b786a178b8324097a51161f46f96b5e4/decision_requirement:44140c59e7a84085ab0797ea6bef7b5d,concrete_action_remaining,§7 OMIT,,DEFINED
p1e1r4_b786a178b8324097a51161f46f96b5e4/decision_requirement:44140c59e7a84085ab0797ea6bef7b5d,decision_status,"§7.2 exact decision + scoped history, never obligation cascade",decision_requirement:44140c59e7a84085ab0797ea6bef7b5d|event:bed5806caba04b1bb43996b9749ddd2f|action_decision:41fd043228c046ebafaf3ffc858d6833,DEFINED
p1e1r4_b786a178b8324097a51161f46f96b5e4/decision_requirement:44140c59e7a84085ab0797ea6bef7b5d,decision_maker_identity_id,"§7.2 exact decision + scoped history, never obligation cascade",decision_requirement:44140c59e7a84085ab0797ea6bef7b5d|event:bed5806caba04b1bb43996b9749ddd2f|action_decision:41fd043228c046ebafaf3ffc858d6833,DEFINED
p1e1r4_b786a178b8324097a51161f46f96b5e4/decision_requirement:44140c59e7a84085ab0797ea6bef7b5d,reserved_authority_class,§7/§8 OMIT: no reserved permission,,DEFINED
p1e1r4_b786a178b8324097a51161f46f96b5e4/decision_requirement:44140c59e7a84085ab0797ea6bef7b5d,authority_holder_identity_id,§7/§8 OMIT: no reserved permission,,DEFINED
p1e1r4_b786a178b8324097a51161f46f96b5e4/decision_requirement:44140c59e7a84085ab0797ea6bef7b5d,valid_delegation,§7/§8 OMIT: no reserved permission,,DEFINED
p1e1r4_b786a178b8324097a51161f46f96b5e4/decision_requirement:44140c59e7a84085ab0797ea6bef7b5d,escalation_required,§7.0 exact attached material root AND same-root governance Aaron escalation; else false,,DEFINED
p1e1r4_b786a178b8324097a51161f46f96b5e4/decision_requirement:44140c59e7a84085ab0797ea6bef7b5d,unresolved_effect,§7.3 true only unresolved intent; otherwise false,,DEFINED
p1e1r4_b786a178b8324097a51161f46f96b5e4/decision_requirement:44140c59e7a84085ab0797ea6bef7b5d,material_conflict,§9 true only exact attached/conflict-only root; otherwise false,,DEFINED
p1e1r4_b786a178b8324097a51161f46f96b5e4/decision_requirement:44140c59e7a84085ab0797ea6bef7b5d,informational_only,"§7.0 obligation exact boolean, otherwise false",,DEFINED
p1e1r4_b786a178b8324097a51161f46f96b5e4/decision_requirement:44140c59e7a84085ab0797ea6bef7b5d,applicability,§4/§7 exact subject refs; intent no scoped evidence -> UNKNOWN; conflict §9.2,assertion:ac5777cdfcc848afa50df8e3e2447453,DEFINED
p1e1r4_b786a178b8324097a51161f46f96b5e4/decision_requirement:44140c59e7a84085ab0797ea6bef7b5d,freshness,§7.0 exact evidence closure; preserve known item dimensions through authority UNKNOWN; single case evidence source,evidence:ecfff8b554134e1f84e7568a9dc1269c,DEFINED
p1e1r4_b786a178b8324097a51161f46f96b5e4/decision_requirement:44140c59e7a84085ab0797ea6bef7b5d,source_identity,§7.0 exact evidence closure; preserve known item dimensions through authority UNKNOWN; single case evidence source,evidence:ecfff8b554134e1f84e7568a9dc1269c,DEFINED
p1e1r4_b786a178b8324097a51161f46f96b5e4/decision_requirement:44140c59e7a84085ab0797ea6bef7b5d,provenance_refs,§7.0 exact evidence closure; preserve known item dimensions through authority UNKNOWN; single case evidence source,evidence:ecfff8b554134e1f84e7568a9dc1269c,DEFINED
p1e1r4_b786a178b8324097a51161f46f96b5e4/decision_requirement:44140c59e7a84085ab0797ea6bef7b5d,possible_duplicate_refs,§9 exact distinct unresolved identity link other-ref array; otherwise [],,DEFINED
p1e1r4_be72a0a686754345ac8bc70f34ea13f6/obligation:71985747231d4a448e9b9b30415635dc,id,§7.1 e1:<case>:obligation:<exact payload>,obligation:71985747231d4a448e9b9b30415635dc,DEFINED
p1e1r4_be72a0a686754345ac8bc70f34ea13f6/obligation:71985747231d4a448e9b9b30415635dc,principal_id,§5 exact AARON from case principal,p1e1r4_be72a0a686754345ac8bc70f34ea13f6,DEFINED
p1e1r4_be72a0a686754345ac8bc70f34ea13f6/obligation:71985747231d4a448e9b9b30415635dc,objective_id,§6 exact objective namespace payload; §9.2 conflict subject objective,objective:31ca1b04930d460bad9a34f48e2be0f1,DEFINED
p1e1r4_be72a0a686754345ac8bc70f34ea13f6/obligation:71985747231d4a448e9b9b30415635dc,obligation_id,§6/§7 exact typed-root payload,obligation:71985747231d4a448e9b9b30415635dc,DEFINED
p1e1r4_be72a0a686754345ac8bc70f34ea13f6/obligation:71985747231d4a448e9b9b30415635dc,decision_requirement_id,§7 OMIT: not this root kind,,DEFINED
p1e1r4_be72a0a686754345ac8bc70f34ea13f6/obligation:71985747231d4a448e9b9b30415635dc,intent_id,§7 OMIT: not this root kind,,DEFINED
p1e1r4_be72a0a686754345ac8bc70f34ea13f6/obligation:71985747231d4a448e9b9b30415635dc,conflict_id,§9 OMIT: no attached conflict,,DEFINED
p1e1r4_be72a0a686754345ac8bc70f34ea13f6/obligation:71985747231d4a448e9b9b30415635dc,obligation_status,§7.1 exact obligation/governance plus exact-scoped lifecycle; action boolean AND concrete text AND not informational,obligation:71985747231d4a448e9b9b30415635dc|governance:6f991975d5024adca6ecabbb7ff24e42|event:3c8c1ca1d5e84c5ab657a8bbfefdd49e,DEFINED
p1e1r4_be72a0a686754345ac8bc70f34ea13f6/obligation:71985747231d4a448e9b9b30415635dc,obligation_owner,§7.1 exact obligation/governance plus exact-scoped lifecycle; action boolean AND concrete text AND not informational,obligation:71985747231d4a448e9b9b30415635dc|governance:6f991975d5024adca6ecabbb7ff24e42|event:3c8c1ca1d5e84c5ab657a8bbfefdd49e,DEFINED
p1e1r4_be72a0a686754345ac8bc70f34ea13f6/obligation:71985747231d4a448e9b9b30415635dc,concrete_action_remaining,§7.1 exact obligation/governance plus exact-scoped lifecycle; action boolean AND concrete text AND not informational,obligation:71985747231d4a448e9b9b30415635dc|governance:6f991975d5024adca6ecabbb7ff24e42|event:3c8c1ca1d5e84c5ab657a8bbfefdd49e,DEFINED
p1e1r4_be72a0a686754345ac8bc70f34ea13f6/obligation:71985747231d4a448e9b9b30415635dc,decision_status,§7 OMIT,,DEFINED
p1e1r4_be72a0a686754345ac8bc70f34ea13f6/obligation:71985747231d4a448e9b9b30415635dc,decision_maker_identity_id,§7 OMIT,,DEFINED
p1e1r4_be72a0a686754345ac8bc70f34ea13f6/obligation:71985747231d4a448e9b9b30415635dc,reserved_authority_class,§8 exact permission/governance/decision + current authority validation; UNKNOWN holder and OMIT delegation on unknown authority,required_next_step:9d93ad33850b42bca99f62ff8050d7ec|authority_domain:76d9c1dd46d14cae85bdd3bad40acfab|iris:e6d2307289584be5a075dacc80a1ad9f|worker:1536d42612534243b6417b1017759aba|episode:456e907b9f7a400ba42133f569d8cd97,DEFINED
p1e1r4_be72a0a686754345ac8bc70f34ea13f6/obligation:71985747231d4a448e9b9b30415635dc,authority_holder_identity_id,§8 exact permission/governance/decision + current authority validation; UNKNOWN holder and OMIT delegation on unknown authority,required_next_step:9d93ad33850b42bca99f62ff8050d7ec|authority_domain:76d9c1dd46d14cae85bdd3bad40acfab|iris:e6d2307289584be5a075dacc80a1ad9f|worker:1536d42612534243b6417b1017759aba|episode:456e907b9f7a400ba42133f569d8cd97,DEFINED
p1e1r4_be72a0a686754345ac8bc70f34ea13f6/obligation:71985747231d4a448e9b9b30415635dc,valid_delegation,§8 exact permission/governance/decision + current authority validation; UNKNOWN holder and OMIT delegation on unknown authority,required_next_step:9d93ad33850b42bca99f62ff8050d7ec|authority_domain:76d9c1dd46d14cae85bdd3bad40acfab|iris:e6d2307289584be5a075dacc80a1ad9f|worker:1536d42612534243b6417b1017759aba|episode:456e907b9f7a400ba42133f569d8cd97,DEFINED
p1e1r4_be72a0a686754345ac8bc70f34ea13f6/obligation:71985747231d4a448e9b9b30415635dc,escalation_required,§7.0 exact attached material root AND same-root governance Aaron escalation; else false,governance:6f991975d5024adca6ecabbb7ff24e42,DEFINED
p1e1r4_be72a0a686754345ac8bc70f34ea13f6/obligation:71985747231d4a448e9b9b30415635dc,unresolved_effect,§7.3 true only unresolved intent; otherwise false,,DEFINED
p1e1r4_be72a0a686754345ac8bc70f34ea13f6/obligation:71985747231d4a448e9b9b30415635dc,material_conflict,§9 true only exact attached/conflict-only root; otherwise false,,DEFINED
p1e1r4_be72a0a686754345ac8bc70f34ea13f6/obligation:71985747231d4a448e9b9b30415635dc,informational_only,"§7.0 obligation exact boolean, otherwise false",obligation:71985747231d4a448e9b9b30415635dc,DEFINED
p1e1r4_be72a0a686754345ac8bc70f34ea13f6/obligation:71985747231d4a448e9b9b30415635dc,applicability,§4/§7 exact subject refs; intent no scoped evidence -> UNKNOWN; conflict §9.2,assertion:f3887536c50344319dc4d0ee97368339|governance:6f991975d5024adca6ecabbb7ff24e42,DEFINED
p1e1r4_be72a0a686754345ac8bc70f34ea13f6/obligation:71985747231d4a448e9b9b30415635dc,freshness,§7.0 exact evidence closure; preserve known item dimensions through authority UNKNOWN; single case evidence source,evidence:16394ff5b6ee4abcaa3ecdc1b5e540f2,DEFINED
p1e1r4_be72a0a686754345ac8bc70f34ea13f6/obligation:71985747231d4a448e9b9b30415635dc,source_identity,§7.0 exact evidence closure; preserve known item dimensions through authority UNKNOWN; single case evidence source,evidence:16394ff5b6ee4abcaa3ecdc1b5e540f2,DEFINED
p1e1r4_be72a0a686754345ac8bc70f34ea13f6/obligation:71985747231d4a448e9b9b30415635dc,provenance_refs,§7.0 exact evidence closure; preserve known item dimensions through authority UNKNOWN; single case evidence source,evidence:16394ff5b6ee4abcaa3ecdc1b5e540f2,DEFINED
p1e1r4_be72a0a686754345ac8bc70f34ea13f6/obligation:71985747231d4a448e9b9b30415635dc,possible_duplicate_refs,§9 exact distinct unresolved identity link other-ref array; otherwise [],,DEFINED
p1e1r4_be72a0a686754345ac8bc70f34ea13f6/decision_requirement:099311bfa3d8413ca9abc4c0497108f9,id,§7.2 e1:<case>:decision:<exact payload>,decision_requirement:099311bfa3d8413ca9abc4c0497108f9,DEFINED
p1e1r4_be72a0a686754345ac8bc70f34ea13f6/decision_requirement:099311bfa3d8413ca9abc4c0497108f9,principal_id,§5 exact AARON from case principal,p1e1r4_be72a0a686754345ac8bc70f34ea13f6,DEFINED
p1e1r4_be72a0a686754345ac8bc70f34ea13f6/decision_requirement:099311bfa3d8413ca9abc4c0497108f9,objective_id,§6 exact objective namespace payload; §9.2 conflict subject objective,objective:31ca1b04930d460bad9a34f48e2be0f1,DEFINED
p1e1r4_be72a0a686754345ac8bc70f34ea13f6/decision_requirement:099311bfa3d8413ca9abc4c0497108f9,obligation_id,§7 OMIT: not this root kind,,DEFINED
p1e1r4_be72a0a686754345ac8bc70f34ea13f6/decision_requirement:099311bfa3d8413ca9abc4c0497108f9,decision_requirement_id,§6/§7 exact typed-root payload,decision_requirement:099311bfa3d8413ca9abc4c0497108f9,DEFINED
p1e1r4_be72a0a686754345ac8bc70f34ea13f6/decision_requirement:099311bfa3d8413ca9abc4c0497108f9,intent_id,§7 OMIT: not this root kind,,DEFINED
p1e1r4_be72a0a686754345ac8bc70f34ea13f6/decision_requirement:099311bfa3d8413ca9abc4c0497108f9,conflict_id,§9 OMIT: no attached conflict,,DEFINED
p1e1r4_be72a0a686754345ac8bc70f34ea13f6/decision_requirement:099311bfa3d8413ca9abc4c0497108f9,obligation_status,§7 OMIT,,DEFINED
p1e1r4_be72a0a686754345ac8bc70f34ea13f6/decision_requirement:099311bfa3d8413ca9abc4c0497108f9,obligation_owner,§7 OMIT,,DEFINED
p1e1r4_be72a0a686754345ac8bc70f34ea13f6/decision_requirement:099311bfa3d8413ca9abc4c0497108f9,concrete_action_remaining,§7 OMIT,,DEFINED
p1e1r4_be72a0a686754345ac8bc70f34ea13f6/decision_requirement:099311bfa3d8413ca9abc4c0497108f9,decision_status,"§7.2 exact decision + scoped history, never obligation cascade",decision_requirement:099311bfa3d8413ca9abc4c0497108f9|event:3c8c1ca1d5e84c5ab657a8bbfefdd49e,DEFINED
p1e1r4_be72a0a686754345ac8bc70f34ea13f6/decision_requirement:099311bfa3d8413ca9abc4c0497108f9,decision_maker_identity_id,"§7.2 exact decision + scoped history, never obligation cascade",decision_requirement:099311bfa3d8413ca9abc4c0497108f9|event:3c8c1ca1d5e84c5ab657a8bbfefdd49e,DEFINED
p1e1r4_be72a0a686754345ac8bc70f34ea13f6/decision_requirement:099311bfa3d8413ca9abc4c0497108f9,reserved_authority_class,§8 exact permission/governance/decision + current authority validation; UNKNOWN holder and OMIT delegation on unknown authority,required_next_step:9d93ad33850b42bca99f62ff8050d7ec|authority_domain:76d9c1dd46d14cae85bdd3bad40acfab|iris:e6d2307289584be5a075dacc80a1ad9f|worker:1536d42612534243b6417b1017759aba|episode:456e907b9f7a400ba42133f569d8cd97,DEFINED
p1e1r4_be72a0a686754345ac8bc70f34ea13f6/decision_requirement:099311bfa3d8413ca9abc4c0497108f9,authority_holder_identity_id,§8 exact permission/governance/decision + current authority validation; UNKNOWN holder and OMIT delegation on unknown authority,required_next_step:9d93ad33850b42bca99f62ff8050d7ec|authority_domain:76d9c1dd46d14cae85bdd3bad40acfab|iris:e6d2307289584be5a075dacc80a1ad9f|worker:1536d42612534243b6417b1017759aba|episode:456e907b9f7a400ba42133f569d8cd97,DEFINED
p1e1r4_be72a0a686754345ac8bc70f34ea13f6/decision_requirement:099311bfa3d8413ca9abc4c0497108f9,valid_delegation,§8 exact permission/governance/decision + current authority validation; UNKNOWN holder and OMIT delegation on unknown authority,required_next_step:9d93ad33850b42bca99f62ff8050d7ec|authority_domain:76d9c1dd46d14cae85bdd3bad40acfab|iris:e6d2307289584be5a075dacc80a1ad9f|worker:1536d42612534243b6417b1017759aba|episode:456e907b9f7a400ba42133f569d8cd97,DEFINED
p1e1r4_be72a0a686754345ac8bc70f34ea13f6/decision_requirement:099311bfa3d8413ca9abc4c0497108f9,escalation_required,§7.0 exact attached material root AND same-root governance Aaron escalation; else false,,DEFINED
p1e1r4_be72a0a686754345ac8bc70f34ea13f6/decision_requirement:099311bfa3d8413ca9abc4c0497108f9,unresolved_effect,§7.3 true only unresolved intent; otherwise false,,DEFINED
p1e1r4_be72a0a686754345ac8bc70f34ea13f6/decision_requirement:099311bfa3d8413ca9abc4c0497108f9,material_conflict,§9 true only exact attached/conflict-only root; otherwise false,,DEFINED
p1e1r4_be72a0a686754345ac8bc70f34ea13f6/decision_requirement:099311bfa3d8413ca9abc4c0497108f9,informational_only,"§7.0 obligation exact boolean, otherwise false",,DEFINED
p1e1r4_be72a0a686754345ac8bc70f34ea13f6/decision_requirement:099311bfa3d8413ca9abc4c0497108f9,applicability,§4/§7 exact subject refs; intent no scoped evidence -> UNKNOWN; conflict §9.2,assertion:f3887536c50344319dc4d0ee97368339,DEFINED
p1e1r4_be72a0a686754345ac8bc70f34ea13f6/decision_requirement:099311bfa3d8413ca9abc4c0497108f9,freshness,§7.0 exact evidence closure; preserve known item dimensions through authority UNKNOWN; single case evidence source,evidence:16394ff5b6ee4abcaa3ecdc1b5e540f2,DEFINED
p1e1r4_be72a0a686754345ac8bc70f34ea13f6/decision_requirement:099311bfa3d8413ca9abc4c0497108f9,source_identity,§7.0 exact evidence closure; preserve known item dimensions through authority UNKNOWN; single case evidence source,evidence:16394ff5b6ee4abcaa3ecdc1b5e540f2,DEFINED
p1e1r4_be72a0a686754345ac8bc70f34ea13f6/decision_requirement:099311bfa3d8413ca9abc4c0497108f9,provenance_refs,§7.0 exact evidence closure; preserve known item dimensions through authority UNKNOWN; single case evidence source,evidence:16394ff5b6ee4abcaa3ecdc1b5e540f2,DEFINED
p1e1r4_be72a0a686754345ac8bc70f34ea13f6/decision_requirement:099311bfa3d8413ca9abc4c0497108f9,possible_duplicate_refs,§9 exact distinct unresolved identity link other-ref array; otherwise [],,DEFINED
p1e1r4_c09b0e9d61544bbf825d1aa9215879e8/obligation:25c89af99ad34d22b57b8a0eb93d3505,id,§7.1 e1:<case>:obligation:<exact payload>,obligation:25c89af99ad34d22b57b8a0eb93d3505,DEFINED
p1e1r4_c09b0e9d61544bbf825d1aa9215879e8/obligation:25c89af99ad34d22b57b8a0eb93d3505,principal_id,§5 exact AARON from case principal,p1e1r4_c09b0e9d61544bbf825d1aa9215879e8,DEFINED
p1e1r4_c09b0e9d61544bbf825d1aa9215879e8/obligation:25c89af99ad34d22b57b8a0eb93d3505,objective_id,§6 exact objective namespace payload; §9.2 conflict subject objective,objective:f5e672d0d0bc4f5fbbdf226e7cb01fd1,DEFINED
p1e1r4_c09b0e9d61544bbf825d1aa9215879e8/obligation:25c89af99ad34d22b57b8a0eb93d3505,obligation_id,§6/§7 exact typed-root payload,obligation:25c89af99ad34d22b57b8a0eb93d3505,DEFINED
p1e1r4_c09b0e9d61544bbf825d1aa9215879e8/obligation:25c89af99ad34d22b57b8a0eb93d3505,decision_requirement_id,§7 OMIT: not this root kind,,DEFINED
p1e1r4_c09b0e9d61544bbf825d1aa9215879e8/obligation:25c89af99ad34d22b57b8a0eb93d3505,intent_id,§7 OMIT: not this root kind,,DEFINED
p1e1r4_c09b0e9d61544bbf825d1aa9215879e8/obligation:25c89af99ad34d22b57b8a0eb93d3505,conflict_id,§9 OMIT: no attached conflict,,DEFINED
p1e1r4_c09b0e9d61544bbf825d1aa9215879e8/obligation:25c89af99ad34d22b57b8a0eb93d3505,obligation_status,§7.1 exact obligation/governance plus exact-scoped lifecycle; action boolean AND concrete text AND not informational,obligation:25c89af99ad34d22b57b8a0eb93d3505|governance:5cd60e321d164e34a6ab16e7d841acd8|event:0a2907fe5c82464681c07ae6ebce53a3,DEFINED
p1e1r4_c09b0e9d61544bbf825d1aa9215879e8/obligation:25c89af99ad34d22b57b8a0eb93d3505,obligation_owner,§7.1 exact obligation/governance plus exact-scoped lifecycle; action boolean AND concrete text AND not informational,obligation:25c89af99ad34d22b57b8a0eb93d3505|governance:5cd60e321d164e34a6ab16e7d841acd8|event:0a2907fe5c82464681c07ae6ebce53a3,DEFINED
p1e1r4_c09b0e9d61544bbf825d1aa9215879e8/obligation:25c89af99ad34d22b57b8a0eb93d3505,concrete_action_remaining,§7.1 exact obligation/governance plus exact-scoped lifecycle; action boolean AND concrete text AND not informational,obligation:25c89af99ad34d22b57b8a0eb93d3505|governance:5cd60e321d164e34a6ab16e7d841acd8|event:0a2907fe5c82464681c07ae6ebce53a3,DEFINED
p1e1r4_c09b0e9d61544bbf825d1aa9215879e8/obligation:25c89af99ad34d22b57b8a0eb93d3505,decision_status,§7 OMIT,,DEFINED
p1e1r4_c09b0e9d61544bbf825d1aa9215879e8/obligation:25c89af99ad34d22b57b8a0eb93d3505,decision_maker_identity_id,§7 OMIT,,DEFINED
p1e1r4_c09b0e9d61544bbf825d1aa9215879e8/obligation:25c89af99ad34d22b57b8a0eb93d3505,reserved_authority_class,§7/§8 OMIT: no reserved permission,,DEFINED
p1e1r4_c09b0e9d61544bbf825d1aa9215879e8/obligation:25c89af99ad34d22b57b8a0eb93d3505,authority_holder_identity_id,§7/§8 OMIT: no reserved permission,,DEFINED
p1e1r4_c09b0e9d61544bbf825d1aa9215879e8/obligation:25c89af99ad34d22b57b8a0eb93d3505,valid_delegation,§7/§8 OMIT: no reserved permission,,DEFINED
p1e1r4_c09b0e9d61544bbf825d1aa9215879e8/obligation:25c89af99ad34d22b57b8a0eb93d3505,escalation_required,§7.0 exact attached material root AND same-root governance Aaron escalation; else false,governance:5cd60e321d164e34a6ab16e7d841acd8,DEFINED
p1e1r4_c09b0e9d61544bbf825d1aa9215879e8/obligation:25c89af99ad34d22b57b8a0eb93d3505,unresolved_effect,§7.3 true only unresolved intent; otherwise false,,DEFINED
p1e1r4_c09b0e9d61544bbf825d1aa9215879e8/obligation:25c89af99ad34d22b57b8a0eb93d3505,material_conflict,§9 true only exact attached/conflict-only root; otherwise false,,DEFINED
p1e1r4_c09b0e9d61544bbf825d1aa9215879e8/obligation:25c89af99ad34d22b57b8a0eb93d3505,informational_only,"§7.0 obligation exact boolean, otherwise false",obligation:25c89af99ad34d22b57b8a0eb93d3505,DEFINED
p1e1r4_c09b0e9d61544bbf825d1aa9215879e8/obligation:25c89af99ad34d22b57b8a0eb93d3505,applicability,§4/§7 exact subject refs; intent no scoped evidence -> UNKNOWN; conflict §9.2,assertion:c4f5eba36f8d4c33a8c73fdde41066e0|governance:5cd60e321d164e34a6ab16e7d841acd8,DEFINED
p1e1r4_c09b0e9d61544bbf825d1aa9215879e8/obligation:25c89af99ad34d22b57b8a0eb93d3505,freshness,§7.0 exact evidence closure; preserve known item dimensions through authority UNKNOWN; single case evidence source,evidence:939708d2923840c59bc7e6630d385903,DEFINED
p1e1r4_c09b0e9d61544bbf825d1aa9215879e8/obligation:25c89af99ad34d22b57b8a0eb93d3505,source_identity,§7.0 exact evidence closure; preserve known item dimensions through authority UNKNOWN; single case evidence source,evidence:939708d2923840c59bc7e6630d385903,DEFINED
p1e1r4_c09b0e9d61544bbf825d1aa9215879e8/obligation:25c89af99ad34d22b57b8a0eb93d3505,provenance_refs,§7.0 exact evidence closure; preserve known item dimensions through authority UNKNOWN; single case evidence source,evidence:939708d2923840c59bc7e6630d385903,DEFINED
p1e1r4_c09b0e9d61544bbf825d1aa9215879e8/obligation:25c89af99ad34d22b57b8a0eb93d3505,possible_duplicate_refs,§9 exact distinct unresolved identity link other-ref array; otherwise [],,DEFINED
p1e1r4_c09b0e9d61544bbf825d1aa9215879e8/decision_requirement:b1085746c772450dbfa15d97da5bffa4,id,§7.2 e1:<case>:decision:<exact payload>,decision_requirement:b1085746c772450dbfa15d97da5bffa4,DEFINED
p1e1r4_c09b0e9d61544bbf825d1aa9215879e8/decision_requirement:b1085746c772450dbfa15d97da5bffa4,principal_id,§5 exact AARON from case principal,p1e1r4_c09b0e9d61544bbf825d1aa9215879e8,DEFINED
p1e1r4_c09b0e9d61544bbf825d1aa9215879e8/decision_requirement:b1085746c772450dbfa15d97da5bffa4,objective_id,§6 exact objective namespace payload; §9.2 conflict subject objective,objective:f5e672d0d0bc4f5fbbdf226e7cb01fd1,DEFINED
p1e1r4_c09b0e9d61544bbf825d1aa9215879e8/decision_requirement:b1085746c772450dbfa15d97da5bffa4,obligation_id,§7 OMIT: not this root kind,,DEFINED
p1e1r4_c09b0e9d61544bbf825d1aa9215879e8/decision_requirement:b1085746c772450dbfa15d97da5bffa4,decision_requirement_id,§6/§7 exact typed-root payload,decision_requirement:b1085746c772450dbfa15d97da5bffa4,DEFINED
p1e1r4_c09b0e9d61544bbf825d1aa9215879e8/decision_requirement:b1085746c772450dbfa15d97da5bffa4,intent_id,§7 OMIT: not this root kind,,DEFINED
p1e1r4_c09b0e9d61544bbf825d1aa9215879e8/decision_requirement:b1085746c772450dbfa15d97da5bffa4,conflict_id,§9 OMIT: no attached conflict,,DEFINED
p1e1r4_c09b0e9d61544bbf825d1aa9215879e8/decision_requirement:b1085746c772450dbfa15d97da5bffa4,obligation_status,§7 OMIT,,DEFINED
p1e1r4_c09b0e9d61544bbf825d1aa9215879e8/decision_requirement:b1085746c772450dbfa15d97da5bffa4,obligation_owner,§7 OMIT,,DEFINED
p1e1r4_c09b0e9d61544bbf825d1aa9215879e8/decision_requirement:b1085746c772450dbfa15d97da5bffa4,concrete_action_remaining,§7 OMIT,,DEFINED
p1e1r4_c09b0e9d61544bbf825d1aa9215879e8/decision_requirement:b1085746c772450dbfa15d97da5bffa4,decision_status,"§7.2 exact decision + scoped history, never obligation cascade",decision_requirement:b1085746c772450dbfa15d97da5bffa4|event:0a2907fe5c82464681c07ae6ebce53a3,DEFINED
p1e1r4_c09b0e9d61544bbf825d1aa9215879e8/decision_requirement:b1085746c772450dbfa15d97da5bffa4,decision_maker_identity_id,"§7.2 exact decision + scoped history, never obligation cascade",decision_requirement:b1085746c772450dbfa15d97da5bffa4|event:0a2907fe5c82464681c07ae6ebce53a3,DEFINED
p1e1r4_c09b0e9d61544bbf825d1aa9215879e8/decision_requirement:b1085746c772450dbfa15d97da5bffa4,reserved_authority_class,§7/§8 OMIT: no reserved permission,,DEFINED
p1e1r4_c09b0e9d61544bbf825d1aa9215879e8/decision_requirement:b1085746c772450dbfa15d97da5bffa4,authority_holder_identity_id,§7/§8 OMIT: no reserved permission,,DEFINED
p1e1r4_c09b0e9d61544bbf825d1aa9215879e8/decision_requirement:b1085746c772450dbfa15d97da5bffa4,valid_delegation,§7/§8 OMIT: no reserved permission,,DEFINED
p1e1r4_c09b0e9d61544bbf825d1aa9215879e8/decision_requirement:b1085746c772450dbfa15d97da5bffa4,escalation_required,§7.0 exact attached material root AND same-root governance Aaron escalation; else false,,DEFINED
p1e1r4_c09b0e9d61544bbf825d1aa9215879e8/decision_requirement:b1085746c772450dbfa15d97da5bffa4,unresolved_effect,§7.3 true only unresolved intent; otherwise false,,DEFINED
p1e1r4_c09b0e9d61544bbf825d1aa9215879e8/decision_requirement:b1085746c772450dbfa15d97da5bffa4,material_conflict,§9 true only exact attached/conflict-only root; otherwise false,,DEFINED
p1e1r4_c09b0e9d61544bbf825d1aa9215879e8/decision_requirement:b1085746c772450dbfa15d97da5bffa4,informational_only,"§7.0 obligation exact boolean, otherwise false",,DEFINED
p1e1r4_c09b0e9d61544bbf825d1aa9215879e8/decision_requirement:b1085746c772450dbfa15d97da5bffa4,applicability,§4/§7 exact subject refs; intent no scoped evidence -> UNKNOWN; conflict §9.2,assertion:c4f5eba36f8d4c33a8c73fdde41066e0,DEFINED
p1e1r4_c09b0e9d61544bbf825d1aa9215879e8/decision_requirement:b1085746c772450dbfa15d97da5bffa4,freshness,§7.0 exact evidence closure; preserve known item dimensions through authority UNKNOWN; single case evidence source,evidence:939708d2923840c59bc7e6630d385903,DEFINED
p1e1r4_c09b0e9d61544bbf825d1aa9215879e8/decision_requirement:b1085746c772450dbfa15d97da5bffa4,source_identity,§7.0 exact evidence closure; preserve known item dimensions through authority UNKNOWN; single case evidence source,evidence:939708d2923840c59bc7e6630d385903,DEFINED
p1e1r4_c09b0e9d61544bbf825d1aa9215879e8/decision_requirement:b1085746c772450dbfa15d97da5bffa4,provenance_refs,§7.0 exact evidence closure; preserve known item dimensions through authority UNKNOWN; single case evidence source,evidence:939708d2923840c59bc7e6630d385903,DEFINED
p1e1r4_c09b0e9d61544bbf825d1aa9215879e8/decision_requirement:b1085746c772450dbfa15d97da5bffa4,possible_duplicate_refs,§9 exact distinct unresolved identity link other-ref array; otherwise [],,DEFINED
p1e1r4_c76e7b9a4e964fa394b629cb008b3ee8/obligation:5cc768fe319044498c30af2c79ee95fb,id,§7.1 e1:<case>:obligation:<exact payload>,obligation:5cc768fe319044498c30af2c79ee95fb,DEFINED
p1e1r4_c76e7b9a4e964fa394b629cb008b3ee8/obligation:5cc768fe319044498c30af2c79ee95fb,principal_id,§5 exact AARON from case principal,p1e1r4_c76e7b9a4e964fa394b629cb008b3ee8,DEFINED
p1e1r4_c76e7b9a4e964fa394b629cb008b3ee8/obligation:5cc768fe319044498c30af2c79ee95fb,objective_id,§6 exact objective namespace payload; §9.2 conflict subject objective,objective:41e0726ab3e844c59c977e4cbb133b6f,DEFINED
p1e1r4_c76e7b9a4e964fa394b629cb008b3ee8/obligation:5cc768fe319044498c30af2c79ee95fb,obligation_id,§6/§7 exact typed-root payload,obligation:5cc768fe319044498c30af2c79ee95fb,DEFINED
p1e1r4_c76e7b9a4e964fa394b629cb008b3ee8/obligation:5cc768fe319044498c30af2c79ee95fb,decision_requirement_id,§7 OMIT: not this root kind,,DEFINED
p1e1r4_c76e7b9a4e964fa394b629cb008b3ee8/obligation:5cc768fe319044498c30af2c79ee95fb,intent_id,§7 OMIT: not this root kind,,DEFINED
p1e1r4_c76e7b9a4e964fa394b629cb008b3ee8/obligation:5cc768fe319044498c30af2c79ee95fb,conflict_id,§9 OMIT: no attached conflict,,DEFINED
p1e1r4_c76e7b9a4e964fa394b629cb008b3ee8/obligation:5cc768fe319044498c30af2c79ee95fb,obligation_status,§7.1 exact obligation/governance plus exact-scoped lifecycle; action boolean AND concrete text AND not informational,obligation:5cc768fe319044498c30af2c79ee95fb|governance:20579fdafbfe4b5f9fd6096a4a97a49a|event:a372296ca699426c82c047e01ead4b38,DEFINED
p1e1r4_c76e7b9a4e964fa394b629cb008b3ee8/obligation:5cc768fe319044498c30af2c79ee95fb,obligation_owner,§7.1 exact obligation/governance plus exact-scoped lifecycle; action boolean AND concrete text AND not informational,obligation:5cc768fe319044498c30af2c79ee95fb|governance:20579fdafbfe4b5f9fd6096a4a97a49a|event:a372296ca699426c82c047e01ead4b38,DEFINED
p1e1r4_c76e7b9a4e964fa394b629cb008b3ee8/obligation:5cc768fe319044498c30af2c79ee95fb,concrete_action_remaining,§7.1 exact obligation/governance plus exact-scoped lifecycle; action boolean AND concrete text AND not informational,obligation:5cc768fe319044498c30af2c79ee95fb|governance:20579fdafbfe4b5f9fd6096a4a97a49a|event:a372296ca699426c82c047e01ead4b38,DEFINED
p1e1r4_c76e7b9a4e964fa394b629cb008b3ee8/obligation:5cc768fe319044498c30af2c79ee95fb,decision_status,§7 OMIT,,DEFINED
p1e1r4_c76e7b9a4e964fa394b629cb008b3ee8/obligation:5cc768fe319044498c30af2c79ee95fb,decision_maker_identity_id,§7 OMIT,,DEFINED
p1e1r4_c76e7b9a4e964fa394b629cb008b3ee8/obligation:5cc768fe319044498c30af2c79ee95fb,reserved_authority_class,§8 exact permission/governance/decision + current authority validation; UNKNOWN holder and OMIT delegation on unknown authority,required_next_step:9c58e8c6ff8b4357baf5352d00512931|authority_domain:cc875cebaea84e33b0aaeb5a49ff6d00|iris:4991793fb7fc43a9bdecdcd835fe7c08|worker:84cb385f1fda4ad08b2e721af6bb196e|episode:7b38570897a84ed7a606bf0af6e5ce10|authority_lease:26faf407626946f68d3965b816dbf384,DEFINED
p1e1r4_c76e7b9a4e964fa394b629cb008b3ee8/obligation:5cc768fe319044498c30af2c79ee95fb,authority_holder_identity_id,§8 exact permission/governance/decision + current authority validation; UNKNOWN holder and OMIT delegation on unknown authority,required_next_step:9c58e8c6ff8b4357baf5352d00512931|authority_domain:cc875cebaea84e33b0aaeb5a49ff6d00|iris:4991793fb7fc43a9bdecdcd835fe7c08|worker:84cb385f1fda4ad08b2e721af6bb196e|episode:7b38570897a84ed7a606bf0af6e5ce10|authority_lease:26faf407626946f68d3965b816dbf384,DEFINED
p1e1r4_c76e7b9a4e964fa394b629cb008b3ee8/obligation:5cc768fe319044498c30af2c79ee95fb,valid_delegation,§8 exact permission/governance/decision + current authority validation; UNKNOWN holder and OMIT delegation on unknown authority,required_next_step:9c58e8c6ff8b4357baf5352d00512931|authority_domain:cc875cebaea84e33b0aaeb5a49ff6d00|iris:4991793fb7fc43a9bdecdcd835fe7c08|worker:84cb385f1fda4ad08b2e721af6bb196e|episode:7b38570897a84ed7a606bf0af6e5ce10|authority_lease:26faf407626946f68d3965b816dbf384,DEFINED
p1e1r4_c76e7b9a4e964fa394b629cb008b3ee8/obligation:5cc768fe319044498c30af2c79ee95fb,escalation_required,§7.0 exact attached material root AND same-root governance Aaron escalation; else false,governance:20579fdafbfe4b5f9fd6096a4a97a49a,DEFINED
p1e1r4_c76e7b9a4e964fa394b629cb008b3ee8/obligation:5cc768fe319044498c30af2c79ee95fb,unresolved_effect,§7.3 true only unresolved intent; otherwise false,,DEFINED
p1e1r4_c76e7b9a4e964fa394b629cb008b3ee8/obligation:5cc768fe319044498c30af2c79ee95fb,material_conflict,§9 true only exact attached/conflict-only root; otherwise false,,DEFINED
p1e1r4_c76e7b9a4e964fa394b629cb008b3ee8/obligation:5cc768fe319044498c30af2c79ee95fb,informational_only,"§7.0 obligation exact boolean, otherwise false",obligation:5cc768fe319044498c30af2c79ee95fb,DEFINED
p1e1r4_c76e7b9a4e964fa394b629cb008b3ee8/obligation:5cc768fe319044498c30af2c79ee95fb,applicability,§4/§7 exact subject refs; intent no scoped evidence -> UNKNOWN; conflict §9.2,assertion:ea4d6e79a7674d4fa89e5011923adb2a|governance:20579fdafbfe4b5f9fd6096a4a97a49a,DEFINED
p1e1r4_c76e7b9a4e964fa394b629cb008b3ee8/obligation:5cc768fe319044498c30af2c79ee95fb,freshness,§7.0 exact evidence closure; preserve known item dimensions through authority UNKNOWN; single case evidence source,evidence:c79e87c5029b4be49971ba972154bc43,DEFINED
p1e1r4_c76e7b9a4e964fa394b629cb008b3ee8/obligation:5cc768fe319044498c30af2c79ee95fb,source_identity,§7.0 exact evidence closure; preserve known item dimensions through authority UNKNOWN; single case evidence source,evidence:c79e87c5029b4be49971ba972154bc43,DEFINED
p1e1r4_c76e7b9a4e964fa394b629cb008b3ee8/obligation:5cc768fe319044498c30af2c79ee95fb,provenance_refs,§7.0 exact evidence closure; preserve known item dimensions through authority UNKNOWN; single case evidence source,evidence:c79e87c5029b4be49971ba972154bc43,DEFINED
p1e1r4_c76e7b9a4e964fa394b629cb008b3ee8/obligation:5cc768fe319044498c30af2c79ee95fb,possible_duplicate_refs,§9 exact distinct unresolved identity link other-ref array; otherwise [],,DEFINED
p1e1r4_c76e7b9a4e964fa394b629cb008b3ee8/decision_requirement:7a9ab0d54fe04449a1d4d91b7eca46d6,id,§7.2 e1:<case>:decision:<exact payload>,decision_requirement:7a9ab0d54fe04449a1d4d91b7eca46d6,DEFINED
p1e1r4_c76e7b9a4e964fa394b629cb008b3ee8/decision_requirement:7a9ab0d54fe04449a1d4d91b7eca46d6,principal_id,§5 exact AARON from case principal,p1e1r4_c76e7b9a4e964fa394b629cb008b3ee8,DEFINED
p1e1r4_c76e7b9a4e964fa394b629cb008b3ee8/decision_requirement:7a9ab0d54fe04449a1d4d91b7eca46d6,objective_id,§6 exact objective namespace payload; §9.2 conflict subject objective,objective:41e0726ab3e844c59c977e4cbb133b6f,DEFINED
p1e1r4_c76e7b9a4e964fa394b629cb008b3ee8/decision_requirement:7a9ab0d54fe04449a1d4d91b7eca46d6,obligation_id,§7 OMIT: not this root kind,,DEFINED
p1e1r4_c76e7b9a4e964fa394b629cb008b3ee8/decision_requirement:7a9ab0d54fe04449a1d4d91b7eca46d6,decision_requirement_id,§6/§7 exact typed-root payload,decision_requirement:7a9ab0d54fe04449a1d4d91b7eca46d6,DEFINED
p1e1r4_c76e7b9a4e964fa394b629cb008b3ee8/decision_requirement:7a9ab0d54fe04449a1d4d91b7eca46d6,intent_id,§7 OMIT: not this root kind,,DEFINED
p1e1r4_c76e7b9a4e964fa394b629cb008b3ee8/decision_requirement:7a9ab0d54fe04449a1d4d91b7eca46d6,conflict_id,§9 OMIT: no attached conflict,,DEFINED
p1e1r4_c76e7b9a4e964fa394b629cb008b3ee8/decision_requirement:7a9ab0d54fe04449a1d4d91b7eca46d6,obligation_status,§7 OMIT,,DEFINED
p1e1r4_c76e7b9a4e964fa394b629cb008b3ee8/decision_requirement:7a9ab0d54fe04449a1d4d91b7eca46d6,obligation_owner,§7 OMIT,,DEFINED
p1e1r4_c76e7b9a4e964fa394b629cb008b3ee8/decision_requirement:7a9ab0d54fe04449a1d4d91b7eca46d6,concrete_action_remaining,§7 OMIT,,DEFINED
p1e1r4_c76e7b9a4e964fa394b629cb008b3ee8/decision_requirement:7a9ab0d54fe04449a1d4d91b7eca46d6,decision_status,"§7.2 exact decision + scoped history, never obligation cascade",decision_requirement:7a9ab0d54fe04449a1d4d91b7eca46d6|event:a372296ca699426c82c047e01ead4b38,DEFINED
p1e1r4_c76e7b9a4e964fa394b629cb008b3ee8/decision_requirement:7a9ab0d54fe04449a1d4d91b7eca46d6,decision_maker_identity_id,"§7.2 exact decision + scoped history, never obligation cascade",decision_requirement:7a9ab0d54fe04449a1d4d91b7eca46d6|event:a372296ca699426c82c047e01ead4b38,DEFINED
p1e1r4_c76e7b9a4e964fa394b629cb008b3ee8/decision_requirement:7a9ab0d54fe04449a1d4d91b7eca46d6,reserved_authority_class,§8 exact permission/governance/decision + current authority validation; UNKNOWN holder and OMIT delegation on unknown authority,required_next_step:9c58e8c6ff8b4357baf5352d00512931|authority_domain:cc875cebaea84e33b0aaeb5a49ff6d00|iris:4991793fb7fc43a9bdecdcd835fe7c08|worker:84cb385f1fda4ad08b2e721af6bb196e|episode:7b38570897a84ed7a606bf0af6e5ce10|authority_lease:26faf407626946f68d3965b816dbf384,DEFINED
p1e1r4_c76e7b9a4e964fa394b629cb008b3ee8/decision_requirement:7a9ab0d54fe04449a1d4d91b7eca46d6,authority_holder_identity_id,§8 exact permission/governance/decision + current authority validation; UNKNOWN holder and OMIT delegation on unknown authority,required_next_step:9c58e8c6ff8b4357baf5352d00512931|authority_domain:cc875cebaea84e33b0aaeb5a49ff6d00|iris:4991793fb7fc43a9bdecdcd835fe7c08|worker:84cb385f1fda4ad08b2e721af6bb196e|episode:7b38570897a84ed7a606bf0af6e5ce10|authority_lease:26faf407626946f68d3965b816dbf384,DEFINED
p1e1r4_c76e7b9a4e964fa394b629cb008b3ee8/decision_requirement:7a9ab0d54fe04449a1d4d91b7eca46d6,valid_delegation,§8 exact permission/governance/decision + current authority validation; UNKNOWN holder and OMIT delegation on unknown authority,required_next_step:9c58e8c6ff8b4357baf5352d00512931|authority_domain:cc875cebaea84e33b0aaeb5a49ff6d00|iris:4991793fb7fc43a9bdecdcd835fe7c08|worker:84cb385f1fda4ad08b2e721af6bb196e|episode:7b38570897a84ed7a606bf0af6e5ce10|authority_lease:26faf407626946f68d3965b816dbf384,DEFINED
p1e1r4_c76e7b9a4e964fa394b629cb008b3ee8/decision_requirement:7a9ab0d54fe04449a1d4d91b7eca46d6,escalation_required,§7.0 exact attached material root AND same-root governance Aaron escalation; else false,,DEFINED
p1e1r4_c76e7b9a4e964fa394b629cb008b3ee8/decision_requirement:7a9ab0d54fe04449a1d4d91b7eca46d6,unresolved_effect,§7.3 true only unresolved intent; otherwise false,,DEFINED
p1e1r4_c76e7b9a4e964fa394b629cb008b3ee8/decision_requirement:7a9ab0d54fe04449a1d4d91b7eca46d6,material_conflict,§9 true only exact attached/conflict-only root; otherwise false,,DEFINED
p1e1r4_c76e7b9a4e964fa394b629cb008b3ee8/decision_requirement:7a9ab0d54fe04449a1d4d91b7eca46d6,informational_only,"§7.0 obligation exact boolean, otherwise false",,DEFINED
p1e1r4_c76e7b9a4e964fa394b629cb008b3ee8/decision_requirement:7a9ab0d54fe04449a1d4d91b7eca46d6,applicability,§4/§7 exact subject refs; intent no scoped evidence -> UNKNOWN; conflict §9.2,assertion:ea4d6e79a7674d4fa89e5011923adb2a,DEFINED
p1e1r4_c76e7b9a4e964fa394b629cb008b3ee8/decision_requirement:7a9ab0d54fe04449a1d4d91b7eca46d6,freshness,§7.0 exact evidence closure; preserve known item dimensions through authority UNKNOWN; single case evidence source,evidence:c79e87c5029b4be49971ba972154bc43,DEFINED
p1e1r4_c76e7b9a4e964fa394b629cb008b3ee8/decision_requirement:7a9ab0d54fe04449a1d4d91b7eca46d6,source_identity,§7.0 exact evidence closure; preserve known item dimensions through authority UNKNOWN; single case evidence source,evidence:c79e87c5029b4be49971ba972154bc43,DEFINED
p1e1r4_c76e7b9a4e964fa394b629cb008b3ee8/decision_requirement:7a9ab0d54fe04449a1d4d91b7eca46d6,provenance_refs,§7.0 exact evidence closure; preserve known item dimensions through authority UNKNOWN; single case evidence source,evidence:c79e87c5029b4be49971ba972154bc43,DEFINED
p1e1r4_c76e7b9a4e964fa394b629cb008b3ee8/decision_requirement:7a9ab0d54fe04449a1d4d91b7eca46d6,possible_duplicate_refs,§9 exact distinct unresolved identity link other-ref array; otherwise [],,DEFINED
p1e1r4_ced4056d128542acaa474e6fb85df018/obligation:d6ff35d896264c96ae30fc3caa6220b4,id,§7.1 e1:<case>:obligation:<exact payload>,obligation:d6ff35d896264c96ae30fc3caa6220b4,DEFINED
p1e1r4_ced4056d128542acaa474e6fb85df018/obligation:d6ff35d896264c96ae30fc3caa6220b4,principal_id,§5 exact AARON from case principal,p1e1r4_ced4056d128542acaa474e6fb85df018,DEFINED
p1e1r4_ced4056d128542acaa474e6fb85df018/obligation:d6ff35d896264c96ae30fc3caa6220b4,objective_id,§6 exact objective namespace payload; §9.2 conflict subject objective,objective:5bb096b8c2a445568173f404c5844c22,DEFINED
p1e1r4_ced4056d128542acaa474e6fb85df018/obligation:d6ff35d896264c96ae30fc3caa6220b4,obligation_id,§6/§7 exact typed-root payload,obligation:d6ff35d896264c96ae30fc3caa6220b4,DEFINED
p1e1r4_ced4056d128542acaa474e6fb85df018/obligation:d6ff35d896264c96ae30fc3caa6220b4,decision_requirement_id,§7 OMIT: not this root kind,,DEFINED
p1e1r4_ced4056d128542acaa474e6fb85df018/obligation:d6ff35d896264c96ae30fc3caa6220b4,intent_id,§7 OMIT: not this root kind,,DEFINED
p1e1r4_ced4056d128542acaa474e6fb85df018/obligation:d6ff35d896264c96ae30fc3caa6220b4,conflict_id,§9 OMIT: no attached conflict,,DEFINED
p1e1r4_ced4056d128542acaa474e6fb85df018/obligation:d6ff35d896264c96ae30fc3caa6220b4,obligation_status,§7.1 exact obligation/governance plus exact-scoped lifecycle; action boolean AND concrete text AND not informational,obligation:d6ff35d896264c96ae30fc3caa6220b4|governance:9b847507b5b2432d86a1b7cd33ba1be0|event:148831cd026e4703bee4ebaa3fdba450,DEFINED
p1e1r4_ced4056d128542acaa474e6fb85df018/obligation:d6ff35d896264c96ae30fc3caa6220b4,obligation_owner,§7.1 exact obligation/governance plus exact-scoped lifecycle; action boolean AND concrete text AND not informational,obligation:d6ff35d896264c96ae30fc3caa6220b4|governance:9b847507b5b2432d86a1b7cd33ba1be0|event:148831cd026e4703bee4ebaa3fdba450,DEFINED
p1e1r4_ced4056d128542acaa474e6fb85df018/obligation:d6ff35d896264c96ae30fc3caa6220b4,concrete_action_remaining,§7.1 exact obligation/governance plus exact-scoped lifecycle; action boolean AND concrete text AND not informational,obligation:d6ff35d896264c96ae30fc3caa6220b4|governance:9b847507b5b2432d86a1b7cd33ba1be0|event:148831cd026e4703bee4ebaa3fdba450,DEFINED
p1e1r4_ced4056d128542acaa474e6fb85df018/obligation:d6ff35d896264c96ae30fc3caa6220b4,decision_status,§7 OMIT,,DEFINED
p1e1r4_ced4056d128542acaa474e6fb85df018/obligation:d6ff35d896264c96ae30fc3caa6220b4,decision_maker_identity_id,§7 OMIT,,DEFINED
p1e1r4_ced4056d128542acaa474e6fb85df018/obligation:d6ff35d896264c96ae30fc3caa6220b4,reserved_authority_class,§8 exact permission/governance/decision + current authority validation; UNKNOWN holder and OMIT delegation on unknown authority,required_next_step:c9d9bbdd255247deb2b0f43f7d5bb654|authority_domain:9f56f49a68184cb6a9512a46e7d65260|iris:98a39201f80148219e466498c51a0fdc|worker:041aeb9418ea44b4b85c0bcd23dd5555|episode:beb26550d6b348b7b2c24b72bf57041a|authority_lease:a23c32f74a284b8d874b4201070defb2,DEFINED
p1e1r4_ced4056d128542acaa474e6fb85df018/obligation:d6ff35d896264c96ae30fc3caa6220b4,authority_holder_identity_id,§8 exact permission/governance/decision + current authority validation; UNKNOWN holder and OMIT delegation on unknown authority,required_next_step:c9d9bbdd255247deb2b0f43f7d5bb654|authority_domain:9f56f49a68184cb6a9512a46e7d65260|iris:98a39201f80148219e466498c51a0fdc|worker:041aeb9418ea44b4b85c0bcd23dd5555|episode:beb26550d6b348b7b2c24b72bf57041a|authority_lease:a23c32f74a284b8d874b4201070defb2,DEFINED
p1e1r4_ced4056d128542acaa474e6fb85df018/obligation:d6ff35d896264c96ae30fc3caa6220b4,valid_delegation,§8 exact permission/governance/decision + current authority validation; UNKNOWN holder and OMIT delegation on unknown authority,required_next_step:c9d9bbdd255247deb2b0f43f7d5bb654|authority_domain:9f56f49a68184cb6a9512a46e7d65260|iris:98a39201f80148219e466498c51a0fdc|worker:041aeb9418ea44b4b85c0bcd23dd5555|episode:beb26550d6b348b7b2c24b72bf57041a|authority_lease:a23c32f74a284b8d874b4201070defb2,DEFINED
p1e1r4_ced4056d128542acaa474e6fb85df018/obligation:d6ff35d896264c96ae30fc3caa6220b4,escalation_required,§7.0 exact attached material root AND same-root governance Aaron escalation; else false,governance:9b847507b5b2432d86a1b7cd33ba1be0,DEFINED
p1e1r4_ced4056d128542acaa474e6fb85df018/obligation:d6ff35d896264c96ae30fc3caa6220b4,unresolved_effect,§7.3 true only unresolved intent; otherwise false,,DEFINED
p1e1r4_ced4056d128542acaa474e6fb85df018/obligation:d6ff35d896264c96ae30fc3caa6220b4,material_conflict,§9 true only exact attached/conflict-only root; otherwise false,,DEFINED
p1e1r4_ced4056d128542acaa474e6fb85df018/obligation:d6ff35d896264c96ae30fc3caa6220b4,informational_only,"§7.0 obligation exact boolean, otherwise false",obligation:d6ff35d896264c96ae30fc3caa6220b4,DEFINED
p1e1r4_ced4056d128542acaa474e6fb85df018/obligation:d6ff35d896264c96ae30fc3caa6220b4,applicability,§4/§7 exact subject refs; intent no scoped evidence -> UNKNOWN; conflict §9.2,assertion:ab3ca997e0e04b75a8e4697308a6e7c4|governance:9b847507b5b2432d86a1b7cd33ba1be0,DEFINED
p1e1r4_ced4056d128542acaa474e6fb85df018/obligation:d6ff35d896264c96ae30fc3caa6220b4,freshness,§7.0 exact evidence closure; preserve known item dimensions through authority UNKNOWN; single case evidence source,evidence:bea9e337bc1a4650a45014244373e215,DEFINED
p1e1r4_ced4056d128542acaa474e6fb85df018/obligation:d6ff35d896264c96ae30fc3caa6220b4,source_identity,§7.0 exact evidence closure; preserve known item dimensions through authority UNKNOWN; single case evidence source,evidence:bea9e337bc1a4650a45014244373e215,DEFINED
p1e1r4_ced4056d128542acaa474e6fb85df018/obligation:d6ff35d896264c96ae30fc3caa6220b4,provenance_refs,§7.0 exact evidence closure; preserve known item dimensions through authority UNKNOWN; single case evidence source,evidence:bea9e337bc1a4650a45014244373e215,DEFINED
p1e1r4_ced4056d128542acaa474e6fb85df018/obligation:d6ff35d896264c96ae30fc3caa6220b4,possible_duplicate_refs,§9 exact distinct unresolved identity link other-ref array; otherwise [],,DEFINED
p1e1r4_ced4056d128542acaa474e6fb85df018/decision_requirement:793ca1df9f744b3b961a79f103a301cb,id,§7.2 e1:<case>:decision:<exact payload>,decision_requirement:793ca1df9f744b3b961a79f103a301cb,DEFINED
p1e1r4_ced4056d128542acaa474e6fb85df018/decision_requirement:793ca1df9f744b3b961a79f103a301cb,principal_id,§5 exact AARON from case principal,p1e1r4_ced4056d128542acaa474e6fb85df018,DEFINED
p1e1r4_ced4056d128542acaa474e6fb85df018/decision_requirement:793ca1df9f744b3b961a79f103a301cb,objective_id,§6 exact objective namespace payload; §9.2 conflict subject objective,objective:5bb096b8c2a445568173f404c5844c22,DEFINED
p1e1r4_ced4056d128542acaa474e6fb85df018/decision_requirement:793ca1df9f744b3b961a79f103a301cb,obligation_id,§7 OMIT: not this root kind,,DEFINED
p1e1r4_ced4056d128542acaa474e6fb85df018/decision_requirement:793ca1df9f744b3b961a79f103a301cb,decision_requirement_id,§6/§7 exact typed-root payload,decision_requirement:793ca1df9f744b3b961a79f103a301cb,DEFINED
p1e1r4_ced4056d128542acaa474e6fb85df018/decision_requirement:793ca1df9f744b3b961a79f103a301cb,intent_id,§7 OMIT: not this root kind,,DEFINED
p1e1r4_ced4056d128542acaa474e6fb85df018/decision_requirement:793ca1df9f744b3b961a79f103a301cb,conflict_id,§9 OMIT: no attached conflict,,DEFINED
p1e1r4_ced4056d128542acaa474e6fb85df018/decision_requirement:793ca1df9f744b3b961a79f103a301cb,obligation_status,§7 OMIT,,DEFINED
p1e1r4_ced4056d128542acaa474e6fb85df018/decision_requirement:793ca1df9f744b3b961a79f103a301cb,obligation_owner,§7 OMIT,,DEFINED
p1e1r4_ced4056d128542acaa474e6fb85df018/decision_requirement:793ca1df9f744b3b961a79f103a301cb,concrete_action_remaining,§7 OMIT,,DEFINED
p1e1r4_ced4056d128542acaa474e6fb85df018/decision_requirement:793ca1df9f744b3b961a79f103a301cb,decision_status,"§7.2 exact decision + scoped history, never obligation cascade",decision_requirement:793ca1df9f744b3b961a79f103a301cb|event:148831cd026e4703bee4ebaa3fdba450,DEFINED
p1e1r4_ced4056d128542acaa474e6fb85df018/decision_requirement:793ca1df9f744b3b961a79f103a301cb,decision_maker_identity_id,"§7.2 exact decision + scoped history, never obligation cascade",decision_requirement:793ca1df9f744b3b961a79f103a301cb|event:148831cd026e4703bee4ebaa3fdba450,DEFINED
p1e1r4_ced4056d128542acaa474e6fb85df018/decision_requirement:793ca1df9f744b3b961a79f103a301cb,reserved_authority_class,§8 exact permission/governance/decision + current authority validation; UNKNOWN holder and OMIT delegation on unknown authority,required_next_step:c9d9bbdd255247deb2b0f43f7d5bb654|authority_domain:9f56f49a68184cb6a9512a46e7d65260|iris:98a39201f80148219e466498c51a0fdc|worker:041aeb9418ea44b4b85c0bcd23dd5555|episode:beb26550d6b348b7b2c24b72bf57041a|authority_lease:a23c32f74a284b8d874b4201070defb2,DEFINED
p1e1r4_ced4056d128542acaa474e6fb85df018/decision_requirement:793ca1df9f744b3b961a79f103a301cb,authority_holder_identity_id,§8 exact permission/governance/decision + current authority validation; UNKNOWN holder and OMIT delegation on unknown authority,required_next_step:c9d9bbdd255247deb2b0f43f7d5bb654|authority_domain:9f56f49a68184cb6a9512a46e7d65260|iris:98a39201f80148219e466498c51a0fdc|worker:041aeb9418ea44b4b85c0bcd23dd5555|episode:beb26550d6b348b7b2c24b72bf57041a|authority_lease:a23c32f74a284b8d874b4201070defb2,DEFINED
p1e1r4_ced4056d128542acaa474e6fb85df018/decision_requirement:793ca1df9f744b3b961a79f103a301cb,valid_delegation,§8 exact permission/governance/decision + current authority validation; UNKNOWN holder and OMIT delegation on unknown authority,required_next_step:c9d9bbdd255247deb2b0f43f7d5bb654|authority_domain:9f56f49a68184cb6a9512a46e7d65260|iris:98a39201f80148219e466498c51a0fdc|worker:041aeb9418ea44b4b85c0bcd23dd5555|episode:beb26550d6b348b7b2c24b72bf57041a|authority_lease:a23c32f74a284b8d874b4201070defb2,DEFINED
p1e1r4_ced4056d128542acaa474e6fb85df018/decision_requirement:793ca1df9f744b3b961a79f103a301cb,escalation_required,§7.0 exact attached material root AND same-root governance Aaron escalation; else false,,DEFINED
p1e1r4_ced4056d128542acaa474e6fb85df018/decision_requirement:793ca1df9f744b3b961a79f103a301cb,unresolved_effect,§7.3 true only unresolved intent; otherwise false,,DEFINED
p1e1r4_ced4056d128542acaa474e6fb85df018/decision_requirement:793ca1df9f744b3b961a79f103a301cb,material_conflict,§9 true only exact attached/conflict-only root; otherwise false,,DEFINED
p1e1r4_ced4056d128542acaa474e6fb85df018/decision_requirement:793ca1df9f744b3b961a79f103a301cb,informational_only,"§7.0 obligation exact boolean, otherwise false",,DEFINED
p1e1r4_ced4056d128542acaa474e6fb85df018/decision_requirement:793ca1df9f744b3b961a79f103a301cb,applicability,§4/§7 exact subject refs; intent no scoped evidence -> UNKNOWN; conflict §9.2,assertion:ab3ca997e0e04b75a8e4697308a6e7c4,DEFINED
p1e1r4_ced4056d128542acaa474e6fb85df018/decision_requirement:793ca1df9f744b3b961a79f103a301cb,freshness,§7.0 exact evidence closure; preserve known item dimensions through authority UNKNOWN; single case evidence source,evidence:bea9e337bc1a4650a45014244373e215,DEFINED
p1e1r4_ced4056d128542acaa474e6fb85df018/decision_requirement:793ca1df9f744b3b961a79f103a301cb,source_identity,§7.0 exact evidence closure; preserve known item dimensions through authority UNKNOWN; single case evidence source,evidence:bea9e337bc1a4650a45014244373e215,DEFINED
p1e1r4_ced4056d128542acaa474e6fb85df018/decision_requirement:793ca1df9f744b3b961a79f103a301cb,provenance_refs,§7.0 exact evidence closure; preserve known item dimensions through authority UNKNOWN; single case evidence source,evidence:bea9e337bc1a4650a45014244373e215,DEFINED
p1e1r4_ced4056d128542acaa474e6fb85df018/decision_requirement:793ca1df9f744b3b961a79f103a301cb,possible_duplicate_refs,§9 exact distinct unresolved identity link other-ref array; otherwise [],,DEFINED
p1e1r4_d2040e93b0524d66adeb59eeb580d1db/obligation:477ddf77d897404eaa270ce97a553792,id,§7.1 e1:<case>:obligation:<exact payload>,obligation:477ddf77d897404eaa270ce97a553792,DEFINED
p1e1r4_d2040e93b0524d66adeb59eeb580d1db/obligation:477ddf77d897404eaa270ce97a553792,principal_id,§5 exact AARON from case principal,p1e1r4_d2040e93b0524d66adeb59eeb580d1db,DEFINED
p1e1r4_d2040e93b0524d66adeb59eeb580d1db/obligation:477ddf77d897404eaa270ce97a553792,objective_id,§6 exact objective namespace payload; §9.2 conflict subject objective,objective:714623f8351f41cc941f76bb8d7761ba,DEFINED
p1e1r4_d2040e93b0524d66adeb59eeb580d1db/obligation:477ddf77d897404eaa270ce97a553792,obligation_id,§6/§7 exact typed-root payload,obligation:477ddf77d897404eaa270ce97a553792,DEFINED
p1e1r4_d2040e93b0524d66adeb59eeb580d1db/obligation:477ddf77d897404eaa270ce97a553792,decision_requirement_id,§7 OMIT: not this root kind,,DEFINED
p1e1r4_d2040e93b0524d66adeb59eeb580d1db/obligation:477ddf77d897404eaa270ce97a553792,intent_id,§7 OMIT: not this root kind,,DEFINED
p1e1r4_d2040e93b0524d66adeb59eeb580d1db/obligation:477ddf77d897404eaa270ce97a553792,conflict_id,§9 OMIT: no attached conflict,,DEFINED
p1e1r4_d2040e93b0524d66adeb59eeb580d1db/obligation:477ddf77d897404eaa270ce97a553792,obligation_status,§7.1 exact obligation/governance plus exact-scoped lifecycle; action boolean AND concrete text AND not informational,obligation:477ddf77d897404eaa270ce97a553792|governance:a1cf1b03b8e84d2ead21ab55df9929ce|event:d80c4d63c8bd4c1182d45915761fcbeb,DEFINED
p1e1r4_d2040e93b0524d66adeb59eeb580d1db/obligation:477ddf77d897404eaa270ce97a553792,obligation_owner,§7.1 exact obligation/governance plus exact-scoped lifecycle; action boolean AND concrete text AND not informational,obligation:477ddf77d897404eaa270ce97a553792|governance:a1cf1b03b8e84d2ead21ab55df9929ce|event:d80c4d63c8bd4c1182d45915761fcbeb,DEFINED
p1e1r4_d2040e93b0524d66adeb59eeb580d1db/obligation:477ddf77d897404eaa270ce97a553792,concrete_action_remaining,§7.1 exact obligation/governance plus exact-scoped lifecycle; action boolean AND concrete text AND not informational,obligation:477ddf77d897404eaa270ce97a553792|governance:a1cf1b03b8e84d2ead21ab55df9929ce|event:d80c4d63c8bd4c1182d45915761fcbeb,DEFINED
p1e1r4_d2040e93b0524d66adeb59eeb580d1db/obligation:477ddf77d897404eaa270ce97a553792,decision_status,§7 OMIT,,DEFINED
p1e1r4_d2040e93b0524d66adeb59eeb580d1db/obligation:477ddf77d897404eaa270ce97a553792,decision_maker_identity_id,§7 OMIT,,DEFINED
p1e1r4_d2040e93b0524d66adeb59eeb580d1db/obligation:477ddf77d897404eaa270ce97a553792,reserved_authority_class,§7/§8 OMIT: no reserved permission,,DEFINED
p1e1r4_d2040e93b0524d66adeb59eeb580d1db/obligation:477ddf77d897404eaa270ce97a553792,authority_holder_identity_id,§7/§8 OMIT: no reserved permission,,DEFINED
p1e1r4_d2040e93b0524d66adeb59eeb580d1db/obligation:477ddf77d897404eaa270ce97a553792,valid_delegation,§7/§8 OMIT: no reserved permission,,DEFINED
p1e1r4_d2040e93b0524d66adeb59eeb580d1db/obligation:477ddf77d897404eaa270ce97a553792,escalation_required,§7.0 exact attached material root AND same-root governance Aaron escalation; else false,governance:a1cf1b03b8e84d2ead21ab55df9929ce,DEFINED
p1e1r4_d2040e93b0524d66adeb59eeb580d1db/obligation:477ddf77d897404eaa270ce97a553792,unresolved_effect,§7.3 true only unresolved intent; otherwise false,,DEFINED
p1e1r4_d2040e93b0524d66adeb59eeb580d1db/obligation:477ddf77d897404eaa270ce97a553792,material_conflict,§9 true only exact attached/conflict-only root; otherwise false,,DEFINED
p1e1r4_d2040e93b0524d66adeb59eeb580d1db/obligation:477ddf77d897404eaa270ce97a553792,informational_only,"§7.0 obligation exact boolean, otherwise false",obligation:477ddf77d897404eaa270ce97a553792,DEFINED
p1e1r4_d2040e93b0524d66adeb59eeb580d1db/obligation:477ddf77d897404eaa270ce97a553792,applicability,§4/§7 exact subject refs; intent no scoped evidence -> UNKNOWN; conflict §9.2,assertion:ab88d7e891dc4d5c94f024a5bc87a2e8|governance:a1cf1b03b8e84d2ead21ab55df9929ce,DEFINED
p1e1r4_d2040e93b0524d66adeb59eeb580d1db/obligation:477ddf77d897404eaa270ce97a553792,freshness,§7.0 exact evidence closure; preserve known item dimensions through authority UNKNOWN; single case evidence source,evidence:357d040587de4469b7c4325222770cc8,DEFINED
p1e1r4_d2040e93b0524d66adeb59eeb580d1db/obligation:477ddf77d897404eaa270ce97a553792,source_identity,§7.0 exact evidence closure; preserve known item dimensions through authority UNKNOWN; single case evidence source,evidence:357d040587de4469b7c4325222770cc8,DEFINED
p1e1r4_d2040e93b0524d66adeb59eeb580d1db/obligation:477ddf77d897404eaa270ce97a553792,provenance_refs,§7.0 exact evidence closure; preserve known item dimensions through authority UNKNOWN; single case evidence source,evidence:357d040587de4469b7c4325222770cc8,DEFINED
p1e1r4_d2040e93b0524d66adeb59eeb580d1db/obligation:477ddf77d897404eaa270ce97a553792,possible_duplicate_refs,§9 exact distinct unresolved identity link other-ref array; otherwise [],,DEFINED
p1e1r4_d2040e93b0524d66adeb59eeb580d1db/decision_requirement:6f3735292b6b4ac59c4fb30ae01f1364,id,§7.2 e1:<case>:decision:<exact payload>,decision_requirement:6f3735292b6b4ac59c4fb30ae01f1364,DEFINED
p1e1r4_d2040e93b0524d66adeb59eeb580d1db/decision_requirement:6f3735292b6b4ac59c4fb30ae01f1364,principal_id,§5 exact AARON from case principal,p1e1r4_d2040e93b0524d66adeb59eeb580d1db,DEFINED
p1e1r4_d2040e93b0524d66adeb59eeb580d1db/decision_requirement:6f3735292b6b4ac59c4fb30ae01f1364,objective_id,§6 exact objective namespace payload; §9.2 conflict subject objective,objective:714623f8351f41cc941f76bb8d7761ba,DEFINED
p1e1r4_d2040e93b0524d66adeb59eeb580d1db/decision_requirement:6f3735292b6b4ac59c4fb30ae01f1364,obligation_id,§7 OMIT: not this root kind,,DEFINED
p1e1r4_d2040e93b0524d66adeb59eeb580d1db/decision_requirement:6f3735292b6b4ac59c4fb30ae01f1364,decision_requirement_id,§6/§7 exact typed-root payload,decision_requirement:6f3735292b6b4ac59c4fb30ae01f1364,DEFINED
p1e1r4_d2040e93b0524d66adeb59eeb580d1db/decision_requirement:6f3735292b6b4ac59c4fb30ae01f1364,intent_id,§7 OMIT: not this root kind,,DEFINED
p1e1r4_d2040e93b0524d66adeb59eeb580d1db/decision_requirement:6f3735292b6b4ac59c4fb30ae01f1364,conflict_id,§9 OMIT: no attached conflict,,DEFINED
p1e1r4_d2040e93b0524d66adeb59eeb580d1db/decision_requirement:6f3735292b6b4ac59c4fb30ae01f1364,obligation_status,§7 OMIT,,DEFINED
p1e1r4_d2040e93b0524d66adeb59eeb580d1db/decision_requirement:6f3735292b6b4ac59c4fb30ae01f1364,obligation_owner,§7 OMIT,,DEFINED
p1e1r4_d2040e93b0524d66adeb59eeb580d1db/decision_requirement:6f3735292b6b4ac59c4fb30ae01f1364,concrete_action_remaining,§7 OMIT,,DEFINED
p1e1r4_d2040e93b0524d66adeb59eeb580d1db/decision_requirement:6f3735292b6b4ac59c4fb30ae01f1364,decision_status,"§7.2 exact decision + scoped history, never obligation cascade",decision_requirement:6f3735292b6b4ac59c4fb30ae01f1364|event:d80c4d63c8bd4c1182d45915761fcbeb,DEFINED
p1e1r4_d2040e93b0524d66adeb59eeb580d1db/decision_requirement:6f3735292b6b4ac59c4fb30ae01f1364,decision_maker_identity_id,"§7.2 exact decision + scoped history, never obligation cascade",decision_requirement:6f3735292b6b4ac59c4fb30ae01f1364|event:d80c4d63c8bd4c1182d45915761fcbeb,DEFINED
p1e1r4_d2040e93b0524d66adeb59eeb580d1db/decision_requirement:6f3735292b6b4ac59c4fb30ae01f1364,reserved_authority_class,§7/§8 OMIT: no reserved permission,,DEFINED
p1e1r4_d2040e93b0524d66adeb59eeb580d1db/decision_requirement:6f3735292b6b4ac59c4fb30ae01f1364,authority_holder_identity_id,§7/§8 OMIT: no reserved permission,,DEFINED
p1e1r4_d2040e93b0524d66adeb59eeb580d1db/decision_requirement:6f3735292b6b4ac59c4fb30ae01f1364,valid_delegation,§7/§8 OMIT: no reserved permission,,DEFINED
p1e1r4_d2040e93b0524d66adeb59eeb580d1db/decision_requirement:6f3735292b6b4ac59c4fb30ae01f1364,escalation_required,§7.0 exact attached material root AND same-root governance Aaron escalation; else false,,DEFINED
p1e1r4_d2040e93b0524d66adeb59eeb580d1db/decision_requirement:6f3735292b6b4ac59c4fb30ae01f1364,unresolved_effect,§7.3 true only unresolved intent; otherwise false,,DEFINED
p1e1r4_d2040e93b0524d66adeb59eeb580d1db/decision_requirement:6f3735292b6b4ac59c4fb30ae01f1364,material_conflict,§9 true only exact attached/conflict-only root; otherwise false,,DEFINED
p1e1r4_d2040e93b0524d66adeb59eeb580d1db/decision_requirement:6f3735292b6b4ac59c4fb30ae01f1364,informational_only,"§7.0 obligation exact boolean, otherwise false",,DEFINED
p1e1r4_d2040e93b0524d66adeb59eeb580d1db/decision_requirement:6f3735292b6b4ac59c4fb30ae01f1364,applicability,§4/§7 exact subject refs; intent no scoped evidence -> UNKNOWN; conflict §9.2,assertion:ab88d7e891dc4d5c94f024a5bc87a2e8,DEFINED
p1e1r4_d2040e93b0524d66adeb59eeb580d1db/decision_requirement:6f3735292b6b4ac59c4fb30ae01f1364,freshness,§7.0 exact evidence closure; preserve known item dimensions through authority UNKNOWN; single case evidence source,evidence:357d040587de4469b7c4325222770cc8,DEFINED
p1e1r4_d2040e93b0524d66adeb59eeb580d1db/decision_requirement:6f3735292b6b4ac59c4fb30ae01f1364,source_identity,§7.0 exact evidence closure; preserve known item dimensions through authority UNKNOWN; single case evidence source,evidence:357d040587de4469b7c4325222770cc8,DEFINED
p1e1r4_d2040e93b0524d66adeb59eeb580d1db/decision_requirement:6f3735292b6b4ac59c4fb30ae01f1364,provenance_refs,§7.0 exact evidence closure; preserve known item dimensions through authority UNKNOWN; single case evidence source,evidence:357d040587de4469b7c4325222770cc8,DEFINED
p1e1r4_d2040e93b0524d66adeb59eeb580d1db/decision_requirement:6f3735292b6b4ac59c4fb30ae01f1364,possible_duplicate_refs,§9 exact distinct unresolved identity link other-ref array; otherwise [],,DEFINED
p1e1r4_d374c5fb7c064f98bad29f633804d4c8/obligation:96315a710ff042b3a3c4a90eae2e0ce1,id,§7.1 e1:<case>:obligation:<exact payload>,obligation:96315a710ff042b3a3c4a90eae2e0ce1,DEFINED
p1e1r4_d374c5fb7c064f98bad29f633804d4c8/obligation:96315a710ff042b3a3c4a90eae2e0ce1,principal_id,§5 exact AARON from case principal,p1e1r4_d374c5fb7c064f98bad29f633804d4c8,DEFINED
p1e1r4_d374c5fb7c064f98bad29f633804d4c8/obligation:96315a710ff042b3a3c4a90eae2e0ce1,objective_id,§6 exact objective namespace payload; §9.2 conflict subject objective,objective:68273231b42f435e86337e9d40f4df49,DEFINED
p1e1r4_d374c5fb7c064f98bad29f633804d4c8/obligation:96315a710ff042b3a3c4a90eae2e0ce1,obligation_id,§6/§7 exact typed-root payload,obligation:96315a710ff042b3a3c4a90eae2e0ce1,DEFINED
p1e1r4_d374c5fb7c064f98bad29f633804d4c8/obligation:96315a710ff042b3a3c4a90eae2e0ce1,decision_requirement_id,§7 OMIT: not this root kind,,DEFINED
p1e1r4_d374c5fb7c064f98bad29f633804d4c8/obligation:96315a710ff042b3a3c4a90eae2e0ce1,intent_id,§7 OMIT: not this root kind,,DEFINED
p1e1r4_d374c5fb7c064f98bad29f633804d4c8/obligation:96315a710ff042b3a3c4a90eae2e0ce1,conflict_id,§9 OMIT: no attached conflict,,DEFINED
p1e1r4_d374c5fb7c064f98bad29f633804d4c8/obligation:96315a710ff042b3a3c4a90eae2e0ce1,obligation_status,§7.1 exact obligation/governance plus exact-scoped lifecycle; action boolean AND concrete text AND not informational,obligation:96315a710ff042b3a3c4a90eae2e0ce1|governance:1806ebc697a6477a9762b0c129cac541|event:4de065a7167c4258a0c3571a88810f90,DEFINED
p1e1r4_d374c5fb7c064f98bad29f633804d4c8/obligation:96315a710ff042b3a3c4a90eae2e0ce1,obligation_owner,§7.1 exact obligation/governance plus exact-scoped lifecycle; action boolean AND concrete text AND not informational,obligation:96315a710ff042b3a3c4a90eae2e0ce1|governance:1806ebc697a6477a9762b0c129cac541|event:4de065a7167c4258a0c3571a88810f90,DEFINED
p1e1r4_d374c5fb7c064f98bad29f633804d4c8/obligation:96315a710ff042b3a3c4a90eae2e0ce1,concrete_action_remaining,§7.1 exact obligation/governance plus exact-scoped lifecycle; action boolean AND concrete text AND not informational,obligation:96315a710ff042b3a3c4a90eae2e0ce1|governance:1806ebc697a6477a9762b0c129cac541|event:4de065a7167c4258a0c3571a88810f90,DEFINED
p1e1r4_d374c5fb7c064f98bad29f633804d4c8/obligation:96315a710ff042b3a3c4a90eae2e0ce1,decision_status,§7 OMIT,,DEFINED
p1e1r4_d374c5fb7c064f98bad29f633804d4c8/obligation:96315a710ff042b3a3c4a90eae2e0ce1,decision_maker_identity_id,§7 OMIT,,DEFINED
p1e1r4_d374c5fb7c064f98bad29f633804d4c8/obligation:96315a710ff042b3a3c4a90eae2e0ce1,reserved_authority_class,§7/§8 OMIT: no reserved permission,,DEFINED
p1e1r4_d374c5fb7c064f98bad29f633804d4c8/obligation:96315a710ff042b3a3c4a90eae2e0ce1,authority_holder_identity_id,§7/§8 OMIT: no reserved permission,,DEFINED
p1e1r4_d374c5fb7c064f98bad29f633804d4c8/obligation:96315a710ff042b3a3c4a90eae2e0ce1,valid_delegation,§7/§8 OMIT: no reserved permission,,DEFINED
p1e1r4_d374c5fb7c064f98bad29f633804d4c8/obligation:96315a710ff042b3a3c4a90eae2e0ce1,escalation_required,§7.0 exact attached material root AND same-root governance Aaron escalation; else false,governance:1806ebc697a6477a9762b0c129cac541,DEFINED
p1e1r4_d374c5fb7c064f98bad29f633804d4c8/obligation:96315a710ff042b3a3c4a90eae2e0ce1,unresolved_effect,§7.3 true only unresolved intent; otherwise false,,DEFINED
p1e1r4_d374c5fb7c064f98bad29f633804d4c8/obligation:96315a710ff042b3a3c4a90eae2e0ce1,material_conflict,§9 true only exact attached/conflict-only root; otherwise false,,DEFINED
p1e1r4_d374c5fb7c064f98bad29f633804d4c8/obligation:96315a710ff042b3a3c4a90eae2e0ce1,informational_only,"§7.0 obligation exact boolean, otherwise false",obligation:96315a710ff042b3a3c4a90eae2e0ce1,DEFINED
p1e1r4_d374c5fb7c064f98bad29f633804d4c8/obligation:96315a710ff042b3a3c4a90eae2e0ce1,applicability,§4/§7 exact subject refs; intent no scoped evidence -> UNKNOWN; conflict §9.2,assertion:c7be721acf3f4ff096300d46e57fa3ad|governance:1806ebc697a6477a9762b0c129cac541,DEFINED
p1e1r4_d374c5fb7c064f98bad29f633804d4c8/obligation:96315a710ff042b3a3c4a90eae2e0ce1,freshness,§7.0 exact evidence closure; preserve known item dimensions through authority UNKNOWN; single case evidence source,evidence:6c5419de8bf74015a4d591eafd805230,DEFINED
p1e1r4_d374c5fb7c064f98bad29f633804d4c8/obligation:96315a710ff042b3a3c4a90eae2e0ce1,source_identity,§7.0 exact evidence closure; preserve known item dimensions through authority UNKNOWN; single case evidence source,evidence:6c5419de8bf74015a4d591eafd805230,DEFINED
p1e1r4_d374c5fb7c064f98bad29f633804d4c8/obligation:96315a710ff042b3a3c4a90eae2e0ce1,provenance_refs,§7.0 exact evidence closure; preserve known item dimensions through authority UNKNOWN; single case evidence source,evidence:6c5419de8bf74015a4d591eafd805230,DEFINED
p1e1r4_d374c5fb7c064f98bad29f633804d4c8/obligation:96315a710ff042b3a3c4a90eae2e0ce1,possible_duplicate_refs,§9 exact distinct unresolved identity link other-ref array; otherwise [],,DEFINED
p1e1r4_d374c5fb7c064f98bad29f633804d4c8/decision_requirement:4fc29135fb6143f6918531fd5c6b1ece,id,§7.2 e1:<case>:decision:<exact payload>,decision_requirement:4fc29135fb6143f6918531fd5c6b1ece,DEFINED
p1e1r4_d374c5fb7c064f98bad29f633804d4c8/decision_requirement:4fc29135fb6143f6918531fd5c6b1ece,principal_id,§5 exact AARON from case principal,p1e1r4_d374c5fb7c064f98bad29f633804d4c8,DEFINED
p1e1r4_d374c5fb7c064f98bad29f633804d4c8/decision_requirement:4fc29135fb6143f6918531fd5c6b1ece,objective_id,§6 exact objective namespace payload; §9.2 conflict subject objective,objective:68273231b42f435e86337e9d40f4df49,DEFINED
p1e1r4_d374c5fb7c064f98bad29f633804d4c8/decision_requirement:4fc29135fb6143f6918531fd5c6b1ece,obligation_id,§7 OMIT: not this root kind,,DEFINED
p1e1r4_d374c5fb7c064f98bad29f633804d4c8/decision_requirement:4fc29135fb6143f6918531fd5c6b1ece,decision_requirement_id,§6/§7 exact typed-root payload,decision_requirement:4fc29135fb6143f6918531fd5c6b1ece,DEFINED
p1e1r4_d374c5fb7c064f98bad29f633804d4c8/decision_requirement:4fc29135fb6143f6918531fd5c6b1ece,intent_id,§7 OMIT: not this root kind,,DEFINED
p1e1r4_d374c5fb7c064f98bad29f633804d4c8/decision_requirement:4fc29135fb6143f6918531fd5c6b1ece,conflict_id,§9 OMIT: no attached conflict,,DEFINED
p1e1r4_d374c5fb7c064f98bad29f633804d4c8/decision_requirement:4fc29135fb6143f6918531fd5c6b1ece,obligation_status,§7 OMIT,,DEFINED
p1e1r4_d374c5fb7c064f98bad29f633804d4c8/decision_requirement:4fc29135fb6143f6918531fd5c6b1ece,obligation_owner,§7 OMIT,,DEFINED
p1e1r4_d374c5fb7c064f98bad29f633804d4c8/decision_requirement:4fc29135fb6143f6918531fd5c6b1ece,concrete_action_remaining,§7 OMIT,,DEFINED
p1e1r4_d374c5fb7c064f98bad29f633804d4c8/decision_requirement:4fc29135fb6143f6918531fd5c6b1ece,decision_status,"§7.2 exact decision + scoped history, never obligation cascade",decision_requirement:4fc29135fb6143f6918531fd5c6b1ece|event:4de065a7167c4258a0c3571a88810f90,DEFINED
p1e1r4_d374c5fb7c064f98bad29f633804d4c8/decision_requirement:4fc29135fb6143f6918531fd5c6b1ece,decision_maker_identity_id,"§7.2 exact decision + scoped history, never obligation cascade",decision_requirement:4fc29135fb6143f6918531fd5c6b1ece|event:4de065a7167c4258a0c3571a88810f90,DEFINED
p1e1r4_d374c5fb7c064f98bad29f633804d4c8/decision_requirement:4fc29135fb6143f6918531fd5c6b1ece,reserved_authority_class,§7/§8 OMIT: no reserved permission,,DEFINED
p1e1r4_d374c5fb7c064f98bad29f633804d4c8/decision_requirement:4fc29135fb6143f6918531fd5c6b1ece,authority_holder_identity_id,§7/§8 OMIT: no reserved permission,,DEFINED
p1e1r4_d374c5fb7c064f98bad29f633804d4c8/decision_requirement:4fc29135fb6143f6918531fd5c6b1ece,valid_delegation,§7/§8 OMIT: no reserved permission,,DEFINED
p1e1r4_d374c5fb7c064f98bad29f633804d4c8/decision_requirement:4fc29135fb6143f6918531fd5c6b1ece,escalation_required,§7.0 exact attached material root AND same-root governance Aaron escalation; else false,,DEFINED
p1e1r4_d374c5fb7c064f98bad29f633804d4c8/decision_requirement:4fc29135fb6143f6918531fd5c6b1ece,unresolved_effect,§7.3 true only unresolved intent; otherwise false,,DEFINED
p1e1r4_d374c5fb7c064f98bad29f633804d4c8/decision_requirement:4fc29135fb6143f6918531fd5c6b1ece,material_conflict,§9 true only exact attached/conflict-only root; otherwise false,,DEFINED
p1e1r4_d374c5fb7c064f98bad29f633804d4c8/decision_requirement:4fc29135fb6143f6918531fd5c6b1ece,informational_only,"§7.0 obligation exact boolean, otherwise false",,DEFINED
p1e1r4_d374c5fb7c064f98bad29f633804d4c8/decision_requirement:4fc29135fb6143f6918531fd5c6b1ece,applicability,§4/§7 exact subject refs; intent no scoped evidence -> UNKNOWN; conflict §9.2,assertion:c7be721acf3f4ff096300d46e57fa3ad,DEFINED
p1e1r4_d374c5fb7c064f98bad29f633804d4c8/decision_requirement:4fc29135fb6143f6918531fd5c6b1ece,freshness,§7.0 exact evidence closure; preserve known item dimensions through authority UNKNOWN; single case evidence source,evidence:6c5419de8bf74015a4d591eafd805230,DEFINED
p1e1r4_d374c5fb7c064f98bad29f633804d4c8/decision_requirement:4fc29135fb6143f6918531fd5c6b1ece,source_identity,§7.0 exact evidence closure; preserve known item dimensions through authority UNKNOWN; single case evidence source,evidence:6c5419de8bf74015a4d591eafd805230,DEFINED
p1e1r4_d374c5fb7c064f98bad29f633804d4c8/decision_requirement:4fc29135fb6143f6918531fd5c6b1ece,provenance_refs,§7.0 exact evidence closure; preserve known item dimensions through authority UNKNOWN; single case evidence source,evidence:6c5419de8bf74015a4d591eafd805230,DEFINED
p1e1r4_d374c5fb7c064f98bad29f633804d4c8/decision_requirement:4fc29135fb6143f6918531fd5c6b1ece,possible_duplicate_refs,§9 exact distinct unresolved identity link other-ref array; otherwise [],,DEFINED
p1e1r4_d504e20ade654857a871565f2ae65fe0/obligation:dd898e9bb7434de78e625db30af9827c,id,§7.1 e1:<case>:obligation:<exact payload>,obligation:dd898e9bb7434de78e625db30af9827c,DEFINED
p1e1r4_d504e20ade654857a871565f2ae65fe0/obligation:dd898e9bb7434de78e625db30af9827c,principal_id,§5 exact AARON from case principal,p1e1r4_d504e20ade654857a871565f2ae65fe0,DEFINED
p1e1r4_d504e20ade654857a871565f2ae65fe0/obligation:dd898e9bb7434de78e625db30af9827c,objective_id,§6 exact objective namespace payload; §9.2 conflict subject objective,objective:9a5032b33aac4f98a24a66fdb59dc008,DEFINED
p1e1r4_d504e20ade654857a871565f2ae65fe0/obligation:dd898e9bb7434de78e625db30af9827c,obligation_id,§6/§7 exact typed-root payload,obligation:dd898e9bb7434de78e625db30af9827c,DEFINED
p1e1r4_d504e20ade654857a871565f2ae65fe0/obligation:dd898e9bb7434de78e625db30af9827c,decision_requirement_id,§7 OMIT: not this root kind,,DEFINED
p1e1r4_d504e20ade654857a871565f2ae65fe0/obligation:dd898e9bb7434de78e625db30af9827c,intent_id,§7 OMIT: not this root kind,,DEFINED
p1e1r4_d504e20ade654857a871565f2ae65fe0/obligation:dd898e9bb7434de78e625db30af9827c,conflict_id,§9 OMIT: no attached conflict,,DEFINED
p1e1r4_d504e20ade654857a871565f2ae65fe0/obligation:dd898e9bb7434de78e625db30af9827c,obligation_status,§7.1 exact obligation/governance plus exact-scoped lifecycle; action boolean AND concrete text AND not informational,obligation:dd898e9bb7434de78e625db30af9827c|governance:938c7fe56bc1462ca6f505211e9404b8|event:0a6fead4872f464fb6cac30ca5fd34a2,DEFINED
p1e1r4_d504e20ade654857a871565f2ae65fe0/obligation:dd898e9bb7434de78e625db30af9827c,obligation_owner,§7.1 exact obligation/governance plus exact-scoped lifecycle; action boolean AND concrete text AND not informational,obligation:dd898e9bb7434de78e625db30af9827c|governance:938c7fe56bc1462ca6f505211e9404b8|event:0a6fead4872f464fb6cac30ca5fd34a2,DEFINED
p1e1r4_d504e20ade654857a871565f2ae65fe0/obligation:dd898e9bb7434de78e625db30af9827c,concrete_action_remaining,§7.1 exact obligation/governance plus exact-scoped lifecycle; action boolean AND concrete text AND not informational,obligation:dd898e9bb7434de78e625db30af9827c|governance:938c7fe56bc1462ca6f505211e9404b8|event:0a6fead4872f464fb6cac30ca5fd34a2,DEFINED
p1e1r4_d504e20ade654857a871565f2ae65fe0/obligation:dd898e9bb7434de78e625db30af9827c,decision_status,§7 OMIT,,DEFINED
p1e1r4_d504e20ade654857a871565f2ae65fe0/obligation:dd898e9bb7434de78e625db30af9827c,decision_maker_identity_id,§7 OMIT,,DEFINED
p1e1r4_d504e20ade654857a871565f2ae65fe0/obligation:dd898e9bb7434de78e625db30af9827c,reserved_authority_class,§8 exact permission/governance/decision + current authority validation; UNKNOWN holder and OMIT delegation on unknown authority,required_next_step:335cf98a9a864efca0c0fc22ed7c7dbe|authority_domain:bbe883e30b9b40e3966b22a34b1c98a2|iris:3f20dce72bab475f9db3914def2548d2|worker:a129c60c609a475d91c5f1bf03d3fa05|episode:e786bb7d845347d6ab88d07b8c5bac65|authority_lease:d30d90895e414470894c504315521dff,DEFINED
p1e1r4_d504e20ade654857a871565f2ae65fe0/obligation:dd898e9bb7434de78e625db30af9827c,authority_holder_identity_id,§8 exact permission/governance/decision + current authority validation; UNKNOWN holder and OMIT delegation on unknown authority,required_next_step:335cf98a9a864efca0c0fc22ed7c7dbe|authority_domain:bbe883e30b9b40e3966b22a34b1c98a2|iris:3f20dce72bab475f9db3914def2548d2|worker:a129c60c609a475d91c5f1bf03d3fa05|episode:e786bb7d845347d6ab88d07b8c5bac65|authority_lease:d30d90895e414470894c504315521dff,DEFINED
p1e1r4_d504e20ade654857a871565f2ae65fe0/obligation:dd898e9bb7434de78e625db30af9827c,valid_delegation,§8 exact permission/governance/decision + current authority validation; UNKNOWN holder and OMIT delegation on unknown authority,required_next_step:335cf98a9a864efca0c0fc22ed7c7dbe|authority_domain:bbe883e30b9b40e3966b22a34b1c98a2|iris:3f20dce72bab475f9db3914def2548d2|worker:a129c60c609a475d91c5f1bf03d3fa05|episode:e786bb7d845347d6ab88d07b8c5bac65|authority_lease:d30d90895e414470894c504315521dff,DEFINED
p1e1r4_d504e20ade654857a871565f2ae65fe0/obligation:dd898e9bb7434de78e625db30af9827c,escalation_required,§7.0 exact attached material root AND same-root governance Aaron escalation; else false,governance:938c7fe56bc1462ca6f505211e9404b8,DEFINED
p1e1r4_d504e20ade654857a871565f2ae65fe0/obligation:dd898e9bb7434de78e625db30af9827c,unresolved_effect,§7.3 true only unresolved intent; otherwise false,,DEFINED
p1e1r4_d504e20ade654857a871565f2ae65fe0/obligation:dd898e9bb7434de78e625db30af9827c,material_conflict,§9 true only exact attached/conflict-only root; otherwise false,,DEFINED
p1e1r4_d504e20ade654857a871565f2ae65fe0/obligation:dd898e9bb7434de78e625db30af9827c,informational_only,"§7.0 obligation exact boolean, otherwise false",obligation:dd898e9bb7434de78e625db30af9827c,DEFINED
p1e1r4_d504e20ade654857a871565f2ae65fe0/obligation:dd898e9bb7434de78e625db30af9827c,applicability,§4/§7 exact subject refs; intent no scoped evidence -> UNKNOWN; conflict §9.2,assertion:328b923237f44ec6b699de132f926e70|governance:938c7fe56bc1462ca6f505211e9404b8,DEFINED
p1e1r4_d504e20ade654857a871565f2ae65fe0/obligation:dd898e9bb7434de78e625db30af9827c,freshness,§7.0 exact evidence closure; preserve known item dimensions through authority UNKNOWN; single case evidence source,evidence:3054c5a8d35147cdb82b9e9226745d0a,DEFINED
p1e1r4_d504e20ade654857a871565f2ae65fe0/obligation:dd898e9bb7434de78e625db30af9827c,source_identity,§7.0 exact evidence closure; preserve known item dimensions through authority UNKNOWN; single case evidence source,evidence:3054c5a8d35147cdb82b9e9226745d0a,DEFINED
p1e1r4_d504e20ade654857a871565f2ae65fe0/obligation:dd898e9bb7434de78e625db30af9827c,provenance_refs,§7.0 exact evidence closure; preserve known item dimensions through authority UNKNOWN; single case evidence source,evidence:3054c5a8d35147cdb82b9e9226745d0a,DEFINED
p1e1r4_d504e20ade654857a871565f2ae65fe0/obligation:dd898e9bb7434de78e625db30af9827c,possible_duplicate_refs,§9 exact distinct unresolved identity link other-ref array; otherwise [],,DEFINED
p1e1r4_d504e20ade654857a871565f2ae65fe0/decision_requirement:1b897e754f7e4e4c8f984c65ed47b2b4,id,§7.2 e1:<case>:decision:<exact payload>,decision_requirement:1b897e754f7e4e4c8f984c65ed47b2b4,DEFINED
p1e1r4_d504e20ade654857a871565f2ae65fe0/decision_requirement:1b897e754f7e4e4c8f984c65ed47b2b4,principal_id,§5 exact AARON from case principal,p1e1r4_d504e20ade654857a871565f2ae65fe0,DEFINED
p1e1r4_d504e20ade654857a871565f2ae65fe0/decision_requirement:1b897e754f7e4e4c8f984c65ed47b2b4,objective_id,§6 exact objective namespace payload; §9.2 conflict subject objective,objective:9a5032b33aac4f98a24a66fdb59dc008,DEFINED
p1e1r4_d504e20ade654857a871565f2ae65fe0/decision_requirement:1b897e754f7e4e4c8f984c65ed47b2b4,obligation_id,§7 OMIT: not this root kind,,DEFINED
p1e1r4_d504e20ade654857a871565f2ae65fe0/decision_requirement:1b897e754f7e4e4c8f984c65ed47b2b4,decision_requirement_id,§6/§7 exact typed-root payload,decision_requirement:1b897e754f7e4e4c8f984c65ed47b2b4,DEFINED
p1e1r4_d504e20ade654857a871565f2ae65fe0/decision_requirement:1b897e754f7e4e4c8f984c65ed47b2b4,intent_id,§7 OMIT: not this root kind,,DEFINED
p1e1r4_d504e20ade654857a871565f2ae65fe0/decision_requirement:1b897e754f7e4e4c8f984c65ed47b2b4,conflict_id,§9 OMIT: no attached conflict,,DEFINED
p1e1r4_d504e20ade654857a871565f2ae65fe0/decision_requirement:1b897e754f7e4e4c8f984c65ed47b2b4,obligation_status,§7 OMIT,,DEFINED
p1e1r4_d504e20ade654857a871565f2ae65fe0/decision_requirement:1b897e754f7e4e4c8f984c65ed47b2b4,obligation_owner,§7 OMIT,,DEFINED
p1e1r4_d504e20ade654857a871565f2ae65fe0/decision_requirement:1b897e754f7e4e4c8f984c65ed47b2b4,concrete_action_remaining,§7 OMIT,,DEFINED
p1e1r4_d504e20ade654857a871565f2ae65fe0/decision_requirement:1b897e754f7e4e4c8f984c65ed47b2b4,decision_status,"§7.2 exact decision + scoped history, never obligation cascade",decision_requirement:1b897e754f7e4e4c8f984c65ed47b2b4|event:0a6fead4872f464fb6cac30ca5fd34a2,DEFINED
p1e1r4_d504e20ade654857a871565f2ae65fe0/decision_requirement:1b897e754f7e4e4c8f984c65ed47b2b4,decision_maker_identity_id,"§7.2 exact decision + scoped history, never obligation cascade",decision_requirement:1b897e754f7e4e4c8f984c65ed47b2b4|event:0a6fead4872f464fb6cac30ca5fd34a2,DEFINED
p1e1r4_d504e20ade654857a871565f2ae65fe0/decision_requirement:1b897e754f7e4e4c8f984c65ed47b2b4,reserved_authority_class,§8 exact permission/governance/decision + current authority validation; UNKNOWN holder and OMIT delegation on unknown authority,required_next_step:335cf98a9a864efca0c0fc22ed7c7dbe|authority_domain:bbe883e30b9b40e3966b22a34b1c98a2|iris:3f20dce72bab475f9db3914def2548d2|worker:a129c60c609a475d91c5f1bf03d3fa05|episode:e786bb7d845347d6ab88d07b8c5bac65|authority_lease:d30d90895e414470894c504315521dff,DEFINED
p1e1r4_d504e20ade654857a871565f2ae65fe0/decision_requirement:1b897e754f7e4e4c8f984c65ed47b2b4,authority_holder_identity_id,§8 exact permission/governance/decision + current authority validation; UNKNOWN holder and OMIT delegation on unknown authority,required_next_step:335cf98a9a864efca0c0fc22ed7c7dbe|authority_domain:bbe883e30b9b40e3966b22a34b1c98a2|iris:3f20dce72bab475f9db3914def2548d2|worker:a129c60c609a475d91c5f1bf03d3fa05|episode:e786bb7d845347d6ab88d07b8c5bac65|authority_lease:d30d90895e414470894c504315521dff,DEFINED
p1e1r4_d504e20ade654857a871565f2ae65fe0/decision_requirement:1b897e754f7e4e4c8f984c65ed47b2b4,valid_delegation,§8 exact permission/governance/decision + current authority validation; UNKNOWN holder and OMIT delegation on unknown authority,required_next_step:335cf98a9a864efca0c0fc22ed7c7dbe|authority_domain:bbe883e30b9b40e3966b22a34b1c98a2|iris:3f20dce72bab475f9db3914def2548d2|worker:a129c60c609a475d91c5f1bf03d3fa05|episode:e786bb7d845347d6ab88d07b8c5bac65|authority_lease:d30d90895e414470894c504315521dff,DEFINED
p1e1r4_d504e20ade654857a871565f2ae65fe0/decision_requirement:1b897e754f7e4e4c8f984c65ed47b2b4,escalation_required,§7.0 exact attached material root AND same-root governance Aaron escalation; else false,,DEFINED
p1e1r4_d504e20ade654857a871565f2ae65fe0/decision_requirement:1b897e754f7e4e4c8f984c65ed47b2b4,unresolved_effect,§7.3 true only unresolved intent; otherwise false,,DEFINED
p1e1r4_d504e20ade654857a871565f2ae65fe0/decision_requirement:1b897e754f7e4e4c8f984c65ed47b2b4,material_conflict,§9 true only exact attached/conflict-only root; otherwise false,,DEFINED
p1e1r4_d504e20ade654857a871565f2ae65fe0/decision_requirement:1b897e754f7e4e4c8f984c65ed47b2b4,informational_only,"§7.0 obligation exact boolean, otherwise false",,DEFINED
p1e1r4_d504e20ade654857a871565f2ae65fe0/decision_requirement:1b897e754f7e4e4c8f984c65ed47b2b4,applicability,§4/§7 exact subject refs; intent no scoped evidence -> UNKNOWN; conflict §9.2,assertion:328b923237f44ec6b699de132f926e70,DEFINED
p1e1r4_d504e20ade654857a871565f2ae65fe0/decision_requirement:1b897e754f7e4e4c8f984c65ed47b2b4,freshness,§7.0 exact evidence closure; preserve known item dimensions through authority UNKNOWN; single case evidence source,evidence:3054c5a8d35147cdb82b9e9226745d0a,DEFINED
p1e1r4_d504e20ade654857a871565f2ae65fe0/decision_requirement:1b897e754f7e4e4c8f984c65ed47b2b4,source_identity,§7.0 exact evidence closure; preserve known item dimensions through authority UNKNOWN; single case evidence source,evidence:3054c5a8d35147cdb82b9e9226745d0a,DEFINED
p1e1r4_d504e20ade654857a871565f2ae65fe0/decision_requirement:1b897e754f7e4e4c8f984c65ed47b2b4,provenance_refs,§7.0 exact evidence closure; preserve known item dimensions through authority UNKNOWN; single case evidence source,evidence:3054c5a8d35147cdb82b9e9226745d0a,DEFINED
p1e1r4_d504e20ade654857a871565f2ae65fe0/decision_requirement:1b897e754f7e4e4c8f984c65ed47b2b4,possible_duplicate_refs,§9 exact distinct unresolved identity link other-ref array; otherwise [],,DEFINED
p1e1r4_dd291386b74e4b568634d20c138457ea/obligation:1b3146da2fac4befa199947d0e30e3d2,id,§7.1 e1:<case>:obligation:<exact payload>,obligation:1b3146da2fac4befa199947d0e30e3d2,DEFINED
p1e1r4_dd291386b74e4b568634d20c138457ea/obligation:1b3146da2fac4befa199947d0e30e3d2,principal_id,§5 exact AARON from case principal,p1e1r4_dd291386b74e4b568634d20c138457ea,DEFINED
p1e1r4_dd291386b74e4b568634d20c138457ea/obligation:1b3146da2fac4befa199947d0e30e3d2,objective_id,§6 exact objective namespace payload; §9.2 conflict subject objective,objective:cd04621971e14da99a11300924adb81e,DEFINED
p1e1r4_dd291386b74e4b568634d20c138457ea/obligation:1b3146da2fac4befa199947d0e30e3d2,obligation_id,§6/§7 exact typed-root payload,obligation:1b3146da2fac4befa199947d0e30e3d2,DEFINED
p1e1r4_dd291386b74e4b568634d20c138457ea/obligation:1b3146da2fac4befa199947d0e30e3d2,decision_requirement_id,§7 OMIT: not this root kind,,DEFINED
p1e1r4_dd291386b74e4b568634d20c138457ea/obligation:1b3146da2fac4befa199947d0e30e3d2,intent_id,§7 OMIT: not this root kind,,DEFINED
p1e1r4_dd291386b74e4b568634d20c138457ea/obligation:1b3146da2fac4befa199947d0e30e3d2,conflict_id,§9 OMIT: no attached conflict,,DEFINED
p1e1r4_dd291386b74e4b568634d20c138457ea/obligation:1b3146da2fac4befa199947d0e30e3d2,obligation_status,§7.1 exact obligation/governance plus exact-scoped lifecycle; action boolean AND concrete text AND not informational,obligation:1b3146da2fac4befa199947d0e30e3d2|governance:eb318282ac4548ee9312e42aa8b51fe9|event:22628b91259a4203a153ba7afbc47f25,DEFINED
p1e1r4_dd291386b74e4b568634d20c138457ea/obligation:1b3146da2fac4befa199947d0e30e3d2,obligation_owner,§7.1 exact obligation/governance plus exact-scoped lifecycle; action boolean AND concrete text AND not informational,obligation:1b3146da2fac4befa199947d0e30e3d2|governance:eb318282ac4548ee9312e42aa8b51fe9|event:22628b91259a4203a153ba7afbc47f25,DEFINED
p1e1r4_dd291386b74e4b568634d20c138457ea/obligation:1b3146da2fac4befa199947d0e30e3d2,concrete_action_remaining,§7.1 exact obligation/governance plus exact-scoped lifecycle; action boolean AND concrete text AND not informational,obligation:1b3146da2fac4befa199947d0e30e3d2|governance:eb318282ac4548ee9312e42aa8b51fe9|event:22628b91259a4203a153ba7afbc47f25,DEFINED
p1e1r4_dd291386b74e4b568634d20c138457ea/obligation:1b3146da2fac4befa199947d0e30e3d2,decision_status,§7 OMIT,,DEFINED
p1e1r4_dd291386b74e4b568634d20c138457ea/obligation:1b3146da2fac4befa199947d0e30e3d2,decision_maker_identity_id,§7 OMIT,,DEFINED
p1e1r4_dd291386b74e4b568634d20c138457ea/obligation:1b3146da2fac4befa199947d0e30e3d2,reserved_authority_class,§7/§8 OMIT: no reserved permission,,DEFINED
p1e1r4_dd291386b74e4b568634d20c138457ea/obligation:1b3146da2fac4befa199947d0e30e3d2,authority_holder_identity_id,§7/§8 OMIT: no reserved permission,,DEFINED
p1e1r4_dd291386b74e4b568634d20c138457ea/obligation:1b3146da2fac4befa199947d0e30e3d2,valid_delegation,§7/§8 OMIT: no reserved permission,,DEFINED
p1e1r4_dd291386b74e4b568634d20c138457ea/obligation:1b3146da2fac4befa199947d0e30e3d2,escalation_required,§7.0 exact attached material root AND same-root governance Aaron escalation; else false,governance:eb318282ac4548ee9312e42aa8b51fe9,DEFINED
p1e1r4_dd291386b74e4b568634d20c138457ea/obligation:1b3146da2fac4befa199947d0e30e3d2,unresolved_effect,§7.3 true only unresolved intent; otherwise false,,DEFINED
p1e1r4_dd291386b74e4b568634d20c138457ea/obligation:1b3146da2fac4befa199947d0e30e3d2,material_conflict,§9 true only exact attached/conflict-only root; otherwise false,,DEFINED
p1e1r4_dd291386b74e4b568634d20c138457ea/obligation:1b3146da2fac4befa199947d0e30e3d2,informational_only,"§7.0 obligation exact boolean, otherwise false",obligation:1b3146da2fac4befa199947d0e30e3d2,DEFINED
p1e1r4_dd291386b74e4b568634d20c138457ea/obligation:1b3146da2fac4befa199947d0e30e3d2,applicability,§4/§7 exact subject refs; intent no scoped evidence -> UNKNOWN; conflict §9.2,assertion:9c3c7bae39dc4de795d83a78ae16bcfc|governance:eb318282ac4548ee9312e42aa8b51fe9,DEFINED
p1e1r4_dd291386b74e4b568634d20c138457ea/obligation:1b3146da2fac4befa199947d0e30e3d2,freshness,§7.0 exact evidence closure; preserve known item dimensions through authority UNKNOWN; single case evidence source,evidence:6425614ef2e04b0c8cef663ba90e8a8b,DEFINED
p1e1r4_dd291386b74e4b568634d20c138457ea/obligation:1b3146da2fac4befa199947d0e30e3d2,source_identity,§7.0 exact evidence closure; preserve known item dimensions through authority UNKNOWN; single case evidence source,evidence:6425614ef2e04b0c8cef663ba90e8a8b,DEFINED
p1e1r4_dd291386b74e4b568634d20c138457ea/obligation:1b3146da2fac4befa199947d0e30e3d2,provenance_refs,§7.0 exact evidence closure; preserve known item dimensions through authority UNKNOWN; single case evidence source,evidence:6425614ef2e04b0c8cef663ba90e8a8b,DEFINED
p1e1r4_dd291386b74e4b568634d20c138457ea/obligation:1b3146da2fac4befa199947d0e30e3d2,possible_duplicate_refs,§9 exact distinct unresolved identity link other-ref array; otherwise [],source_link_observation:90e53de973cd4d2fa34b054a412c0bb0,DEFINED
p1e1r4_dd291386b74e4b568634d20c138457ea/decision_requirement:4875747fdec64917815dd8f89059b7b9,id,§7.2 e1:<case>:decision:<exact payload>,decision_requirement:4875747fdec64917815dd8f89059b7b9,DEFINED
p1e1r4_dd291386b74e4b568634d20c138457ea/decision_requirement:4875747fdec64917815dd8f89059b7b9,principal_id,§5 exact AARON from case principal,p1e1r4_dd291386b74e4b568634d20c138457ea,DEFINED
p1e1r4_dd291386b74e4b568634d20c138457ea/decision_requirement:4875747fdec64917815dd8f89059b7b9,objective_id,§6 exact objective namespace payload; §9.2 conflict subject objective,objective:cd04621971e14da99a11300924adb81e,DEFINED
p1e1r4_dd291386b74e4b568634d20c138457ea/decision_requirement:4875747fdec64917815dd8f89059b7b9,obligation_id,§7 OMIT: not this root kind,,DEFINED
p1e1r4_dd291386b74e4b568634d20c138457ea/decision_requirement:4875747fdec64917815dd8f89059b7b9,decision_requirement_id,§6/§7 exact typed-root payload,decision_requirement:4875747fdec64917815dd8f89059b7b9,DEFINED
p1e1r4_dd291386b74e4b568634d20c138457ea/decision_requirement:4875747fdec64917815dd8f89059b7b9,intent_id,§7 OMIT: not this root kind,,DEFINED
p1e1r4_dd291386b74e4b568634d20c138457ea/decision_requirement:4875747fdec64917815dd8f89059b7b9,conflict_id,§9 OMIT: no attached conflict,,DEFINED
p1e1r4_dd291386b74e4b568634d20c138457ea/decision_requirement:4875747fdec64917815dd8f89059b7b9,obligation_status,§7 OMIT,,DEFINED
p1e1r4_dd291386b74e4b568634d20c138457ea/decision_requirement:4875747fdec64917815dd8f89059b7b9,obligation_owner,§7 OMIT,,DEFINED
p1e1r4_dd291386b74e4b568634d20c138457ea/decision_requirement:4875747fdec64917815dd8f89059b7b9,concrete_action_remaining,§7 OMIT,,DEFINED
p1e1r4_dd291386b74e4b568634d20c138457ea/decision_requirement:4875747fdec64917815dd8f89059b7b9,decision_status,"§7.2 exact decision + scoped history, never obligation cascade",decision_requirement:4875747fdec64917815dd8f89059b7b9|event:22628b91259a4203a153ba7afbc47f25,DEFINED
p1e1r4_dd291386b74e4b568634d20c138457ea/decision_requirement:4875747fdec64917815dd8f89059b7b9,decision_maker_identity_id,"§7.2 exact decision + scoped history, never obligation cascade",decision_requirement:4875747fdec64917815dd8f89059b7b9|event:22628b91259a4203a153ba7afbc47f25,DEFINED
p1e1r4_dd291386b74e4b568634d20c138457ea/decision_requirement:4875747fdec64917815dd8f89059b7b9,reserved_authority_class,§7/§8 OMIT: no reserved permission,,DEFINED
p1e1r4_dd291386b74e4b568634d20c138457ea/decision_requirement:4875747fdec64917815dd8f89059b7b9,authority_holder_identity_id,§7/§8 OMIT: no reserved permission,,DEFINED
p1e1r4_dd291386b74e4b568634d20c138457ea/decision_requirement:4875747fdec64917815dd8f89059b7b9,valid_delegation,§7/§8 OMIT: no reserved permission,,DEFINED
p1e1r4_dd291386b74e4b568634d20c138457ea/decision_requirement:4875747fdec64917815dd8f89059b7b9,escalation_required,§7.0 exact attached material root AND same-root governance Aaron escalation; else false,,DEFINED
p1e1r4_dd291386b74e4b568634d20c138457ea/decision_requirement:4875747fdec64917815dd8f89059b7b9,unresolved_effect,§7.3 true only unresolved intent; otherwise false,,DEFINED
p1e1r4_dd291386b74e4b568634d20c138457ea/decision_requirement:4875747fdec64917815dd8f89059b7b9,material_conflict,§9 true only exact attached/conflict-only root; otherwise false,,DEFINED
p1e1r4_dd291386b74e4b568634d20c138457ea/decision_requirement:4875747fdec64917815dd8f89059b7b9,informational_only,"§7.0 obligation exact boolean, otherwise false",,DEFINED
p1e1r4_dd291386b74e4b568634d20c138457ea/decision_requirement:4875747fdec64917815dd8f89059b7b9,applicability,§4/§7 exact subject refs; intent no scoped evidence -> UNKNOWN; conflict §9.2,assertion:9c3c7bae39dc4de795d83a78ae16bcfc,DEFINED
p1e1r4_dd291386b74e4b568634d20c138457ea/decision_requirement:4875747fdec64917815dd8f89059b7b9,freshness,§7.0 exact evidence closure; preserve known item dimensions through authority UNKNOWN; single case evidence source,evidence:6425614ef2e04b0c8cef663ba90e8a8b,DEFINED
p1e1r4_dd291386b74e4b568634d20c138457ea/decision_requirement:4875747fdec64917815dd8f89059b7b9,source_identity,§7.0 exact evidence closure; preserve known item dimensions through authority UNKNOWN; single case evidence source,evidence:6425614ef2e04b0c8cef663ba90e8a8b,DEFINED
p1e1r4_dd291386b74e4b568634d20c138457ea/decision_requirement:4875747fdec64917815dd8f89059b7b9,provenance_refs,§7.0 exact evidence closure; preserve known item dimensions through authority UNKNOWN; single case evidence source,evidence:6425614ef2e04b0c8cef663ba90e8a8b,DEFINED
p1e1r4_dd291386b74e4b568634d20c138457ea/decision_requirement:4875747fdec64917815dd8f89059b7b9,possible_duplicate_refs,§9 exact distinct unresolved identity link other-ref array; otherwise [],,DEFINED
p1e1r4_dd2cc07623df4d2eb8a9ea5a74a4bd62/obligation:884a557e3feb492d9532d2ec2d73f8f5,id,§7.1 e1:<case>:obligation:<exact payload>,obligation:884a557e3feb492d9532d2ec2d73f8f5,DEFINED
p1e1r4_dd2cc07623df4d2eb8a9ea5a74a4bd62/obligation:884a557e3feb492d9532d2ec2d73f8f5,principal_id,§5 exact AARON from case principal,p1e1r4_dd2cc07623df4d2eb8a9ea5a74a4bd62,DEFINED
p1e1r4_dd2cc07623df4d2eb8a9ea5a74a4bd62/obligation:884a557e3feb492d9532d2ec2d73f8f5,objective_id,§6 exact objective namespace payload; §9.2 conflict subject objective,objective:f50b702b3b74402e949917f1ae50880a,DEFINED
p1e1r4_dd2cc07623df4d2eb8a9ea5a74a4bd62/obligation:884a557e3feb492d9532d2ec2d73f8f5,obligation_id,§6/§7 exact typed-root payload,obligation:884a557e3feb492d9532d2ec2d73f8f5,DEFINED
p1e1r4_dd2cc07623df4d2eb8a9ea5a74a4bd62/obligation:884a557e3feb492d9532d2ec2d73f8f5,decision_requirement_id,§7 OMIT: not this root kind,,DEFINED
p1e1r4_dd2cc07623df4d2eb8a9ea5a74a4bd62/obligation:884a557e3feb492d9532d2ec2d73f8f5,intent_id,§7 OMIT: not this root kind,,DEFINED
p1e1r4_dd2cc07623df4d2eb8a9ea5a74a4bd62/obligation:884a557e3feb492d9532d2ec2d73f8f5,conflict_id,§9 OMIT: no attached conflict,,DEFINED
p1e1r4_dd2cc07623df4d2eb8a9ea5a74a4bd62/obligation:884a557e3feb492d9532d2ec2d73f8f5,obligation_status,§7.1 exact obligation/governance plus exact-scoped lifecycle; action boolean AND concrete text AND not informational,obligation:884a557e3feb492d9532d2ec2d73f8f5|governance:43b4993269c3400da65c966a24926fc2|event:ae99f6f4c6e145c2b6fd21b3f30f0df2,DEFINED
p1e1r4_dd2cc07623df4d2eb8a9ea5a74a4bd62/obligation:884a557e3feb492d9532d2ec2d73f8f5,obligation_owner,§7.1 exact obligation/governance plus exact-scoped lifecycle; action boolean AND concrete text AND not informational,obligation:884a557e3feb492d9532d2ec2d73f8f5|governance:43b4993269c3400da65c966a24926fc2|event:ae99f6f4c6e145c2b6fd21b3f30f0df2,DEFINED
p1e1r4_dd2cc07623df4d2eb8a9ea5a74a4bd62/obligation:884a557e3feb492d9532d2ec2d73f8f5,concrete_action_remaining,§7.1 exact obligation/governance plus exact-scoped lifecycle; action boolean AND concrete text AND not informational,obligation:884a557e3feb492d9532d2ec2d73f8f5|governance:43b4993269c3400da65c966a24926fc2|event:ae99f6f4c6e145c2b6fd21b3f30f0df2,DEFINED
p1e1r4_dd2cc07623df4d2eb8a9ea5a74a4bd62/obligation:884a557e3feb492d9532d2ec2d73f8f5,decision_status,§7 OMIT,,DEFINED
p1e1r4_dd2cc07623df4d2eb8a9ea5a74a4bd62/obligation:884a557e3feb492d9532d2ec2d73f8f5,decision_maker_identity_id,§7 OMIT,,DEFINED
p1e1r4_dd2cc07623df4d2eb8a9ea5a74a4bd62/obligation:884a557e3feb492d9532d2ec2d73f8f5,reserved_authority_class,§7/§8 OMIT: no reserved permission,,DEFINED
p1e1r4_dd2cc07623df4d2eb8a9ea5a74a4bd62/obligation:884a557e3feb492d9532d2ec2d73f8f5,authority_holder_identity_id,§7/§8 OMIT: no reserved permission,,DEFINED
p1e1r4_dd2cc07623df4d2eb8a9ea5a74a4bd62/obligation:884a557e3feb492d9532d2ec2d73f8f5,valid_delegation,§7/§8 OMIT: no reserved permission,,DEFINED
p1e1r4_dd2cc07623df4d2eb8a9ea5a74a4bd62/obligation:884a557e3feb492d9532d2ec2d73f8f5,escalation_required,§7.0 exact attached material root AND same-root governance Aaron escalation; else false,governance:43b4993269c3400da65c966a24926fc2,DEFINED
p1e1r4_dd2cc07623df4d2eb8a9ea5a74a4bd62/obligation:884a557e3feb492d9532d2ec2d73f8f5,unresolved_effect,§7.3 true only unresolved intent; otherwise false,,DEFINED
p1e1r4_dd2cc07623df4d2eb8a9ea5a74a4bd62/obligation:884a557e3feb492d9532d2ec2d73f8f5,material_conflict,§9 true only exact attached/conflict-only root; otherwise false,,DEFINED
p1e1r4_dd2cc07623df4d2eb8a9ea5a74a4bd62/obligation:884a557e3feb492d9532d2ec2d73f8f5,informational_only,"§7.0 obligation exact boolean, otherwise false",obligation:884a557e3feb492d9532d2ec2d73f8f5,DEFINED
p1e1r4_dd2cc07623df4d2eb8a9ea5a74a4bd62/obligation:884a557e3feb492d9532d2ec2d73f8f5,applicability,§4/§7 exact subject refs; intent no scoped evidence -> UNKNOWN; conflict §9.2,assertion:621bf926e69e4dbfad39333f16c23739|governance:43b4993269c3400da65c966a24926fc2,DEFINED
p1e1r4_dd2cc07623df4d2eb8a9ea5a74a4bd62/obligation:884a557e3feb492d9532d2ec2d73f8f5,freshness,§7.0 exact evidence closure; preserve known item dimensions through authority UNKNOWN; single case evidence source,evidence:108a8e384845401097993f6f0c8a1655,DEFINED
p1e1r4_dd2cc07623df4d2eb8a9ea5a74a4bd62/obligation:884a557e3feb492d9532d2ec2d73f8f5,source_identity,§7.0 exact evidence closure; preserve known item dimensions through authority UNKNOWN; single case evidence source,evidence:108a8e384845401097993f6f0c8a1655,DEFINED
p1e1r4_dd2cc07623df4d2eb8a9ea5a74a4bd62/obligation:884a557e3feb492d9532d2ec2d73f8f5,provenance_refs,§7.0 exact evidence closure; preserve known item dimensions through authority UNKNOWN; single case evidence source,evidence:108a8e384845401097993f6f0c8a1655,DEFINED
p1e1r4_dd2cc07623df4d2eb8a9ea5a74a4bd62/obligation:884a557e3feb492d9532d2ec2d73f8f5,possible_duplicate_refs,§9 exact distinct unresolved identity link other-ref array; otherwise [],,DEFINED
p1e1r4_dd2cc07623df4d2eb8a9ea5a74a4bd62/decision_requirement:52a78562c086405db26bc83e47db8a57,id,§7.2 e1:<case>:decision:<exact payload>,decision_requirement:52a78562c086405db26bc83e47db8a57,DEFINED
p1e1r4_dd2cc07623df4d2eb8a9ea5a74a4bd62/decision_requirement:52a78562c086405db26bc83e47db8a57,principal_id,§5 exact AARON from case principal,p1e1r4_dd2cc07623df4d2eb8a9ea5a74a4bd62,DEFINED
p1e1r4_dd2cc07623df4d2eb8a9ea5a74a4bd62/decision_requirement:52a78562c086405db26bc83e47db8a57,objective_id,§6 exact objective namespace payload; §9.2 conflict subject objective,objective:f50b702b3b74402e949917f1ae50880a,DEFINED
p1e1r4_dd2cc07623df4d2eb8a9ea5a74a4bd62/decision_requirement:52a78562c086405db26bc83e47db8a57,obligation_id,§7 OMIT: not this root kind,,DEFINED
p1e1r4_dd2cc07623df4d2eb8a9ea5a74a4bd62/decision_requirement:52a78562c086405db26bc83e47db8a57,decision_requirement_id,§6/§7 exact typed-root payload,decision_requirement:52a78562c086405db26bc83e47db8a57,DEFINED
p1e1r4_dd2cc07623df4d2eb8a9ea5a74a4bd62/decision_requirement:52a78562c086405db26bc83e47db8a57,intent_id,§7 OMIT: not this root kind,,DEFINED
p1e1r4_dd2cc07623df4d2eb8a9ea5a74a4bd62/decision_requirement:52a78562c086405db26bc83e47db8a57,conflict_id,§9 OMIT: no attached conflict,,DEFINED
p1e1r4_dd2cc07623df4d2eb8a9ea5a74a4bd62/decision_requirement:52a78562c086405db26bc83e47db8a57,obligation_status,§7 OMIT,,DEFINED
p1e1r4_dd2cc07623df4d2eb8a9ea5a74a4bd62/decision_requirement:52a78562c086405db26bc83e47db8a57,obligation_owner,§7 OMIT,,DEFINED
p1e1r4_dd2cc07623df4d2eb8a9ea5a74a4bd62/decision_requirement:52a78562c086405db26bc83e47db8a57,concrete_action_remaining,§7 OMIT,,DEFINED
p1e1r4_dd2cc07623df4d2eb8a9ea5a74a4bd62/decision_requirement:52a78562c086405db26bc83e47db8a57,decision_status,"§7.2 exact decision + scoped history, never obligation cascade",decision_requirement:52a78562c086405db26bc83e47db8a57|event:ae99f6f4c6e145c2b6fd21b3f30f0df2,DEFINED
p1e1r4_dd2cc07623df4d2eb8a9ea5a74a4bd62/decision_requirement:52a78562c086405db26bc83e47db8a57,decision_maker_identity_id,"§7.2 exact decision + scoped history, never obligation cascade",decision_requirement:52a78562c086405db26bc83e47db8a57|event:ae99f6f4c6e145c2b6fd21b3f30f0df2,DEFINED
p1e1r4_dd2cc07623df4d2eb8a9ea5a74a4bd62/decision_requirement:52a78562c086405db26bc83e47db8a57,reserved_authority_class,§7/§8 OMIT: no reserved permission,,DEFINED
p1e1r4_dd2cc07623df4d2eb8a9ea5a74a4bd62/decision_requirement:52a78562c086405db26bc83e47db8a57,authority_holder_identity_id,§7/§8 OMIT: no reserved permission,,DEFINED
p1e1r4_dd2cc07623df4d2eb8a9ea5a74a4bd62/decision_requirement:52a78562c086405db26bc83e47db8a57,valid_delegation,§7/§8 OMIT: no reserved permission,,DEFINED
p1e1r4_dd2cc07623df4d2eb8a9ea5a74a4bd62/decision_requirement:52a78562c086405db26bc83e47db8a57,escalation_required,§7.0 exact attached material root AND same-root governance Aaron escalation; else false,,DEFINED
p1e1r4_dd2cc07623df4d2eb8a9ea5a74a4bd62/decision_requirement:52a78562c086405db26bc83e47db8a57,unresolved_effect,§7.3 true only unresolved intent; otherwise false,,DEFINED
p1e1r4_dd2cc07623df4d2eb8a9ea5a74a4bd62/decision_requirement:52a78562c086405db26bc83e47db8a57,material_conflict,§9 true only exact attached/conflict-only root; otherwise false,,DEFINED
p1e1r4_dd2cc07623df4d2eb8a9ea5a74a4bd62/decision_requirement:52a78562c086405db26bc83e47db8a57,informational_only,"§7.0 obligation exact boolean, otherwise false",,DEFINED
p1e1r4_dd2cc07623df4d2eb8a9ea5a74a4bd62/decision_requirement:52a78562c086405db26bc83e47db8a57,applicability,§4/§7 exact subject refs; intent no scoped evidence -> UNKNOWN; conflict §9.2,assertion:621bf926e69e4dbfad39333f16c23739,DEFINED
p1e1r4_dd2cc07623df4d2eb8a9ea5a74a4bd62/decision_requirement:52a78562c086405db26bc83e47db8a57,freshness,§7.0 exact evidence closure; preserve known item dimensions through authority UNKNOWN; single case evidence source,evidence:108a8e384845401097993f6f0c8a1655,DEFINED
p1e1r4_dd2cc07623df4d2eb8a9ea5a74a4bd62/decision_requirement:52a78562c086405db26bc83e47db8a57,source_identity,§7.0 exact evidence closure; preserve known item dimensions through authority UNKNOWN; single case evidence source,evidence:108a8e384845401097993f6f0c8a1655,DEFINED
p1e1r4_dd2cc07623df4d2eb8a9ea5a74a4bd62/decision_requirement:52a78562c086405db26bc83e47db8a57,provenance_refs,§7.0 exact evidence closure; preserve known item dimensions through authority UNKNOWN; single case evidence source,evidence:108a8e384845401097993f6f0c8a1655,DEFINED
p1e1r4_dd2cc07623df4d2eb8a9ea5a74a4bd62/decision_requirement:52a78562c086405db26bc83e47db8a57,possible_duplicate_refs,§9 exact distinct unresolved identity link other-ref array; otherwise [],,DEFINED
p1e1r4_deb7781d201d4be2b56dd9351cf7fe2b/obligation:e5273903217a4a39975598aa20e9c44f,id,§7.1 e1:<case>:obligation:<exact payload>,obligation:e5273903217a4a39975598aa20e9c44f,DEFINED
p1e1r4_deb7781d201d4be2b56dd9351cf7fe2b/obligation:e5273903217a4a39975598aa20e9c44f,principal_id,§5 exact AARON from case principal,p1e1r4_deb7781d201d4be2b56dd9351cf7fe2b,DEFINED
p1e1r4_deb7781d201d4be2b56dd9351cf7fe2b/obligation:e5273903217a4a39975598aa20e9c44f,objective_id,§6 exact objective namespace payload; §9.2 conflict subject objective,objective:db1c755a46b040ee91689b97d0dd5bc0,DEFINED
p1e1r4_deb7781d201d4be2b56dd9351cf7fe2b/obligation:e5273903217a4a39975598aa20e9c44f,obligation_id,§6/§7 exact typed-root payload,obligation:e5273903217a4a39975598aa20e9c44f,DEFINED
p1e1r4_deb7781d201d4be2b56dd9351cf7fe2b/obligation:e5273903217a4a39975598aa20e9c44f,decision_requirement_id,§7 OMIT: not this root kind,,DEFINED
p1e1r4_deb7781d201d4be2b56dd9351cf7fe2b/obligation:e5273903217a4a39975598aa20e9c44f,intent_id,§7 OMIT: not this root kind,,DEFINED
p1e1r4_deb7781d201d4be2b56dd9351cf7fe2b/obligation:e5273903217a4a39975598aa20e9c44f,conflict_id,§9 OMIT: no attached conflict,,DEFINED
p1e1r4_deb7781d201d4be2b56dd9351cf7fe2b/obligation:e5273903217a4a39975598aa20e9c44f,obligation_status,§7.1 exact obligation/governance plus exact-scoped lifecycle; action boolean AND concrete text AND not informational,obligation:e5273903217a4a39975598aa20e9c44f|governance:b75f642b340b49c085e430f0fcf8a599|event:6daa0217f84e4d4c894ee8a82ddf038d|lifecycle_event:d0edb8821eee4fde8d2f984c9f67ff13,DEFINED
p1e1r4_deb7781d201d4be2b56dd9351cf7fe2b/obligation:e5273903217a4a39975598aa20e9c44f,obligation_owner,§7.1 exact obligation/governance plus exact-scoped lifecycle; action boolean AND concrete text AND not informational,obligation:e5273903217a4a39975598aa20e9c44f|governance:b75f642b340b49c085e430f0fcf8a599|event:6daa0217f84e4d4c894ee8a82ddf038d|lifecycle_event:d0edb8821eee4fde8d2f984c9f67ff13,DEFINED
p1e1r4_deb7781d201d4be2b56dd9351cf7fe2b/obligation:e5273903217a4a39975598aa20e9c44f,concrete_action_remaining,§7.1 exact obligation/governance plus exact-scoped lifecycle; action boolean AND concrete text AND not informational,obligation:e5273903217a4a39975598aa20e9c44f|governance:b75f642b340b49c085e430f0fcf8a599|event:6daa0217f84e4d4c894ee8a82ddf038d|lifecycle_event:d0edb8821eee4fde8d2f984c9f67ff13,DEFINED
p1e1r4_deb7781d201d4be2b56dd9351cf7fe2b/obligation:e5273903217a4a39975598aa20e9c44f,decision_status,§7 OMIT,,DEFINED
p1e1r4_deb7781d201d4be2b56dd9351cf7fe2b/obligation:e5273903217a4a39975598aa20e9c44f,decision_maker_identity_id,§7 OMIT,,DEFINED
p1e1r4_deb7781d201d4be2b56dd9351cf7fe2b/obligation:e5273903217a4a39975598aa20e9c44f,reserved_authority_class,§7/§8 OMIT: no reserved permission,,DEFINED
p1e1r4_deb7781d201d4be2b56dd9351cf7fe2b/obligation:e5273903217a4a39975598aa20e9c44f,authority_holder_identity_id,§7/§8 OMIT: no reserved permission,,DEFINED
p1e1r4_deb7781d201d4be2b56dd9351cf7fe2b/obligation:e5273903217a4a39975598aa20e9c44f,valid_delegation,§7/§8 OMIT: no reserved permission,,DEFINED
p1e1r4_deb7781d201d4be2b56dd9351cf7fe2b/obligation:e5273903217a4a39975598aa20e9c44f,escalation_required,§7.0 exact attached material root AND same-root governance Aaron escalation; else false,governance:b75f642b340b49c085e430f0fcf8a599,DEFINED
p1e1r4_deb7781d201d4be2b56dd9351cf7fe2b/obligation:e5273903217a4a39975598aa20e9c44f,unresolved_effect,§7.3 true only unresolved intent; otherwise false,,DEFINED
p1e1r4_deb7781d201d4be2b56dd9351cf7fe2b/obligation:e5273903217a4a39975598aa20e9c44f,material_conflict,§9 true only exact attached/conflict-only root; otherwise false,,DEFINED
p1e1r4_deb7781d201d4be2b56dd9351cf7fe2b/obligation:e5273903217a4a39975598aa20e9c44f,informational_only,"§7.0 obligation exact boolean, otherwise false",obligation:e5273903217a4a39975598aa20e9c44f,DEFINED
p1e1r4_deb7781d201d4be2b56dd9351cf7fe2b/obligation:e5273903217a4a39975598aa20e9c44f,applicability,§4/§7 exact subject refs; intent no scoped evidence -> UNKNOWN; conflict §9.2,assertion:4f77ed8157be4b2db9b6912f1902b050|governance:b75f642b340b49c085e430f0fcf8a599,DEFINED
p1e1r4_deb7781d201d4be2b56dd9351cf7fe2b/obligation:e5273903217a4a39975598aa20e9c44f,freshness,§7.0 exact evidence closure; preserve known item dimensions through authority UNKNOWN; single case evidence source,evidence:3128cd7d4bb94c449b3729ea62a0f6b0,DEFINED
p1e1r4_deb7781d201d4be2b56dd9351cf7fe2b/obligation:e5273903217a4a39975598aa20e9c44f,source_identity,§7.0 exact evidence closure; preserve known item dimensions through authority UNKNOWN; single case evidence source,evidence:3128cd7d4bb94c449b3729ea62a0f6b0,DEFINED
p1e1r4_deb7781d201d4be2b56dd9351cf7fe2b/obligation:e5273903217a4a39975598aa20e9c44f,provenance_refs,§7.0 exact evidence closure; preserve known item dimensions through authority UNKNOWN; single case evidence source,evidence:3128cd7d4bb94c449b3729ea62a0f6b0,DEFINED
p1e1r4_deb7781d201d4be2b56dd9351cf7fe2b/obligation:e5273903217a4a39975598aa20e9c44f,possible_duplicate_refs,§9 exact distinct unresolved identity link other-ref array; otherwise [],,DEFINED
p1e1r4_deb7781d201d4be2b56dd9351cf7fe2b/decision_requirement:0f89d51e001243349fcd58c87c7ad7e6,id,§7.2 e1:<case>:decision:<exact payload>,decision_requirement:0f89d51e001243349fcd58c87c7ad7e6,DEFINED
p1e1r4_deb7781d201d4be2b56dd9351cf7fe2b/decision_requirement:0f89d51e001243349fcd58c87c7ad7e6,principal_id,§5 exact AARON from case principal,p1e1r4_deb7781d201d4be2b56dd9351cf7fe2b,DEFINED
p1e1r4_deb7781d201d4be2b56dd9351cf7fe2b/decision_requirement:0f89d51e001243349fcd58c87c7ad7e6,objective_id,§6 exact objective namespace payload; §9.2 conflict subject objective,objective:db1c755a46b040ee91689b97d0dd5bc0,DEFINED
p1e1r4_deb7781d201d4be2b56dd9351cf7fe2b/decision_requirement:0f89d51e001243349fcd58c87c7ad7e6,obligation_id,§7 OMIT: not this root kind,,DEFINED
p1e1r4_deb7781d201d4be2b56dd9351cf7fe2b/decision_requirement:0f89d51e001243349fcd58c87c7ad7e6,decision_requirement_id,§6/§7 exact typed-root payload,decision_requirement:0f89d51e001243349fcd58c87c7ad7e6,DEFINED
p1e1r4_deb7781d201d4be2b56dd9351cf7fe2b/decision_requirement:0f89d51e001243349fcd58c87c7ad7e6,intent_id,§7 OMIT: not this root kind,,DEFINED
p1e1r4_deb7781d201d4be2b56dd9351cf7fe2b/decision_requirement:0f89d51e001243349fcd58c87c7ad7e6,conflict_id,§9 OMIT: no attached conflict,,DEFINED
p1e1r4_deb7781d201d4be2b56dd9351cf7fe2b/decision_requirement:0f89d51e001243349fcd58c87c7ad7e6,obligation_status,§7 OMIT,,DEFINED
p1e1r4_deb7781d201d4be2b56dd9351cf7fe2b/decision_requirement:0f89d51e001243349fcd58c87c7ad7e6,obligation_owner,§7 OMIT,,DEFINED
p1e1r4_deb7781d201d4be2b56dd9351cf7fe2b/decision_requirement:0f89d51e001243349fcd58c87c7ad7e6,concrete_action_remaining,§7 OMIT,,DEFINED
p1e1r4_deb7781d201d4be2b56dd9351cf7fe2b/decision_requirement:0f89d51e001243349fcd58c87c7ad7e6,decision_status,"§7.2 exact decision + scoped history, never obligation cascade",decision_requirement:0f89d51e001243349fcd58c87c7ad7e6|event:6daa0217f84e4d4c894ee8a82ddf038d|action_decision:482b24beace5484eab40d5bed56a4f6e,DEFINED
p1e1r4_deb7781d201d4be2b56dd9351cf7fe2b/decision_requirement:0f89d51e001243349fcd58c87c7ad7e6,decision_maker_identity_id,"§7.2 exact decision + scoped history, never obligation cascade",decision_requirement:0f89d51e001243349fcd58c87c7ad7e6|event:6daa0217f84e4d4c894ee8a82ddf038d|action_decision:482b24beace5484eab40d5bed56a4f6e,DEFINED
p1e1r4_deb7781d201d4be2b56dd9351cf7fe2b/decision_requirement:0f89d51e001243349fcd58c87c7ad7e6,reserved_authority_class,§7/§8 OMIT: no reserved permission,,DEFINED
p1e1r4_deb7781d201d4be2b56dd9351cf7fe2b/decision_requirement:0f89d51e001243349fcd58c87c7ad7e6,authority_holder_identity_id,§7/§8 OMIT: no reserved permission,,DEFINED
p1e1r4_deb7781d201d4be2b56dd9351cf7fe2b/decision_requirement:0f89d51e001243349fcd58c87c7ad7e6,valid_delegation,§7/§8 OMIT: no reserved permission,,DEFINED
p1e1r4_deb7781d201d4be2b56dd9351cf7fe2b/decision_requirement:0f89d51e001243349fcd58c87c7ad7e6,escalation_required,§7.0 exact attached material root AND same-root governance Aaron escalation; else false,,DEFINED
p1e1r4_deb7781d201d4be2b56dd9351cf7fe2b/decision_requirement:0f89d51e001243349fcd58c87c7ad7e6,unresolved_effect,§7.3 true only unresolved intent; otherwise false,,DEFINED
p1e1r4_deb7781d201d4be2b56dd9351cf7fe2b/decision_requirement:0f89d51e001243349fcd58c87c7ad7e6,material_conflict,§9 true only exact attached/conflict-only root; otherwise false,,DEFINED
p1e1r4_deb7781d201d4be2b56dd9351cf7fe2b/decision_requirement:0f89d51e001243349fcd58c87c7ad7e6,informational_only,"§7.0 obligation exact boolean, otherwise false",,DEFINED
p1e1r4_deb7781d201d4be2b56dd9351cf7fe2b/decision_requirement:0f89d51e001243349fcd58c87c7ad7e6,applicability,§4/§7 exact subject refs; intent no scoped evidence -> UNKNOWN; conflict §9.2,assertion:4f77ed8157be4b2db9b6912f1902b050,DEFINED
p1e1r4_deb7781d201d4be2b56dd9351cf7fe2b/decision_requirement:0f89d51e001243349fcd58c87c7ad7e6,freshness,§7.0 exact evidence closure; preserve known item dimensions through authority UNKNOWN; single case evidence source,evidence:3128cd7d4bb94c449b3729ea62a0f6b0,DEFINED
p1e1r4_deb7781d201d4be2b56dd9351cf7fe2b/decision_requirement:0f89d51e001243349fcd58c87c7ad7e6,source_identity,§7.0 exact evidence closure; preserve known item dimensions through authority UNKNOWN; single case evidence source,evidence:3128cd7d4bb94c449b3729ea62a0f6b0,DEFINED
p1e1r4_deb7781d201d4be2b56dd9351cf7fe2b/decision_requirement:0f89d51e001243349fcd58c87c7ad7e6,provenance_refs,§7.0 exact evidence closure; preserve known item dimensions through authority UNKNOWN; single case evidence source,evidence:3128cd7d4bb94c449b3729ea62a0f6b0,DEFINED
p1e1r4_deb7781d201d4be2b56dd9351cf7fe2b/decision_requirement:0f89d51e001243349fcd58c87c7ad7e6,possible_duplicate_refs,§9 exact distinct unresolved identity link other-ref array; otherwise [],,DEFINED
p1e1r4_e097b565f97b4071ac145ac35c373c2b/obligation:f34ef17ad23c44e4862f7fde075d11f6,id,§7.1 e1:<case>:obligation:<exact payload>,obligation:f34ef17ad23c44e4862f7fde075d11f6,DEFINED
p1e1r4_e097b565f97b4071ac145ac35c373c2b/obligation:f34ef17ad23c44e4862f7fde075d11f6,principal_id,§5 exact AARON from case principal,p1e1r4_e097b565f97b4071ac145ac35c373c2b,DEFINED
p1e1r4_e097b565f97b4071ac145ac35c373c2b/obligation:f34ef17ad23c44e4862f7fde075d11f6,objective_id,§6 exact objective namespace payload; §9.2 conflict subject objective,objective:dd8488f9dace4e498e1e601e111b31ad,DEFINED
p1e1r4_e097b565f97b4071ac145ac35c373c2b/obligation:f34ef17ad23c44e4862f7fde075d11f6,obligation_id,§6/§7 exact typed-root payload,obligation:f34ef17ad23c44e4862f7fde075d11f6,DEFINED
p1e1r4_e097b565f97b4071ac145ac35c373c2b/obligation:f34ef17ad23c44e4862f7fde075d11f6,decision_requirement_id,§7 OMIT: not this root kind,,DEFINED
p1e1r4_e097b565f97b4071ac145ac35c373c2b/obligation:f34ef17ad23c44e4862f7fde075d11f6,intent_id,§7 OMIT: not this root kind,,DEFINED
p1e1r4_e097b565f97b4071ac145ac35c373c2b/obligation:f34ef17ad23c44e4862f7fde075d11f6,conflict_id,§9 OMIT: no attached conflict,,DEFINED
p1e1r4_e097b565f97b4071ac145ac35c373c2b/obligation:f34ef17ad23c44e4862f7fde075d11f6,obligation_status,§7.1 exact obligation/governance plus exact-scoped lifecycle; action boolean AND concrete text AND not informational,obligation:f34ef17ad23c44e4862f7fde075d11f6|governance:db317bd042ab4eba83ab9150a32fc735|event:29ff9ebb01574683ba84a24f240a7639,DEFINED
p1e1r4_e097b565f97b4071ac145ac35c373c2b/obligation:f34ef17ad23c44e4862f7fde075d11f6,obligation_owner,§7.1 exact obligation/governance plus exact-scoped lifecycle; action boolean AND concrete text AND not informational,obligation:f34ef17ad23c44e4862f7fde075d11f6|governance:db317bd042ab4eba83ab9150a32fc735|event:29ff9ebb01574683ba84a24f240a7639,DEFINED
p1e1r4_e097b565f97b4071ac145ac35c373c2b/obligation:f34ef17ad23c44e4862f7fde075d11f6,concrete_action_remaining,§7.1 exact obligation/governance plus exact-scoped lifecycle; action boolean AND concrete text AND not informational,obligation:f34ef17ad23c44e4862f7fde075d11f6|governance:db317bd042ab4eba83ab9150a32fc735|event:29ff9ebb01574683ba84a24f240a7639,DEFINED
p1e1r4_e097b565f97b4071ac145ac35c373c2b/obligation:f34ef17ad23c44e4862f7fde075d11f6,decision_status,§7 OMIT,,DEFINED
p1e1r4_e097b565f97b4071ac145ac35c373c2b/obligation:f34ef17ad23c44e4862f7fde075d11f6,decision_maker_identity_id,§7 OMIT,,DEFINED
p1e1r4_e097b565f97b4071ac145ac35c373c2b/obligation:f34ef17ad23c44e4862f7fde075d11f6,reserved_authority_class,§7/§8 OMIT: no reserved permission,,DEFINED
p1e1r4_e097b565f97b4071ac145ac35c373c2b/obligation:f34ef17ad23c44e4862f7fde075d11f6,authority_holder_identity_id,§7/§8 OMIT: no reserved permission,,DEFINED
p1e1r4_e097b565f97b4071ac145ac35c373c2b/obligation:f34ef17ad23c44e4862f7fde075d11f6,valid_delegation,§7/§8 OMIT: no reserved permission,,DEFINED
p1e1r4_e097b565f97b4071ac145ac35c373c2b/obligation:f34ef17ad23c44e4862f7fde075d11f6,escalation_required,§7.0 exact attached material root AND same-root governance Aaron escalation; else false,governance:db317bd042ab4eba83ab9150a32fc735,DEFINED
p1e1r4_e097b565f97b4071ac145ac35c373c2b/obligation:f34ef17ad23c44e4862f7fde075d11f6,unresolved_effect,§7.3 true only unresolved intent; otherwise false,,DEFINED
p1e1r4_e097b565f97b4071ac145ac35c373c2b/obligation:f34ef17ad23c44e4862f7fde075d11f6,material_conflict,§9 true only exact attached/conflict-only root; otherwise false,,DEFINED
p1e1r4_e097b565f97b4071ac145ac35c373c2b/obligation:f34ef17ad23c44e4862f7fde075d11f6,informational_only,"§7.0 obligation exact boolean, otherwise false",obligation:f34ef17ad23c44e4862f7fde075d11f6,DEFINED
p1e1r4_e097b565f97b4071ac145ac35c373c2b/obligation:f34ef17ad23c44e4862f7fde075d11f6,applicability,§4/§7 exact subject refs; intent no scoped evidence -> UNKNOWN; conflict §9.2,assertion:b8ac2bd642364fbc9416e3e91bfa393b|governance:db317bd042ab4eba83ab9150a32fc735,DEFINED
p1e1r4_e097b565f97b4071ac145ac35c373c2b/obligation:f34ef17ad23c44e4862f7fde075d11f6,freshness,§7.0 exact evidence closure; preserve known item dimensions through authority UNKNOWN; single case evidence source,evidence:6d29fc50a4a249b4b35f17bf43974972,DEFINED
p1e1r4_e097b565f97b4071ac145ac35c373c2b/obligation:f34ef17ad23c44e4862f7fde075d11f6,source_identity,§7.0 exact evidence closure; preserve known item dimensions through authority UNKNOWN; single case evidence source,evidence:6d29fc50a4a249b4b35f17bf43974972,DEFINED
p1e1r4_e097b565f97b4071ac145ac35c373c2b/obligation:f34ef17ad23c44e4862f7fde075d11f6,provenance_refs,§7.0 exact evidence closure; preserve known item dimensions through authority UNKNOWN; single case evidence source,evidence:6d29fc50a4a249b4b35f17bf43974972,DEFINED
p1e1r4_e097b565f97b4071ac145ac35c373c2b/obligation:f34ef17ad23c44e4862f7fde075d11f6,possible_duplicate_refs,§9 exact distinct unresolved identity link other-ref array; otherwise [],,DEFINED
p1e1r4_e097b565f97b4071ac145ac35c373c2b/decision_requirement:51deabbb1bf94610a0bb36d54cda385a,id,§7.2 e1:<case>:decision:<exact payload>,decision_requirement:51deabbb1bf94610a0bb36d54cda385a,DEFINED
p1e1r4_e097b565f97b4071ac145ac35c373c2b/decision_requirement:51deabbb1bf94610a0bb36d54cda385a,principal_id,§5 exact AARON from case principal,p1e1r4_e097b565f97b4071ac145ac35c373c2b,DEFINED
p1e1r4_e097b565f97b4071ac145ac35c373c2b/decision_requirement:51deabbb1bf94610a0bb36d54cda385a,objective_id,§6 exact objective namespace payload; §9.2 conflict subject objective,objective:dd8488f9dace4e498e1e601e111b31ad,DEFINED
p1e1r4_e097b565f97b4071ac145ac35c373c2b/decision_requirement:51deabbb1bf94610a0bb36d54cda385a,obligation_id,§7 OMIT: not this root kind,,DEFINED
p1e1r4_e097b565f97b4071ac145ac35c373c2b/decision_requirement:51deabbb1bf94610a0bb36d54cda385a,decision_requirement_id,§6/§7 exact typed-root payload,decision_requirement:51deabbb1bf94610a0bb36d54cda385a,DEFINED
p1e1r4_e097b565f97b4071ac145ac35c373c2b/decision_requirement:51deabbb1bf94610a0bb36d54cda385a,intent_id,§7 OMIT: not this root kind,,DEFINED
p1e1r4_e097b565f97b4071ac145ac35c373c2b/decision_requirement:51deabbb1bf94610a0bb36d54cda385a,conflict_id,§9 OMIT: no attached conflict,,DEFINED
p1e1r4_e097b565f97b4071ac145ac35c373c2b/decision_requirement:51deabbb1bf94610a0bb36d54cda385a,obligation_status,§7 OMIT,,DEFINED
p1e1r4_e097b565f97b4071ac145ac35c373c2b/decision_requirement:51deabbb1bf94610a0bb36d54cda385a,obligation_owner,§7 OMIT,,DEFINED
p1e1r4_e097b565f97b4071ac145ac35c373c2b/decision_requirement:51deabbb1bf94610a0bb36d54cda385a,concrete_action_remaining,§7 OMIT,,DEFINED
p1e1r4_e097b565f97b4071ac145ac35c373c2b/decision_requirement:51deabbb1bf94610a0bb36d54cda385a,decision_status,"§7.2 exact decision + scoped history, never obligation cascade",decision_requirement:51deabbb1bf94610a0bb36d54cda385a|event:29ff9ebb01574683ba84a24f240a7639,DEFINED
p1e1r4_e097b565f97b4071ac145ac35c373c2b/decision_requirement:51deabbb1bf94610a0bb36d54cda385a,decision_maker_identity_id,"§7.2 exact decision + scoped history, never obligation cascade",decision_requirement:51deabbb1bf94610a0bb36d54cda385a|event:29ff9ebb01574683ba84a24f240a7639,DEFINED
p1e1r4_e097b565f97b4071ac145ac35c373c2b/decision_requirement:51deabbb1bf94610a0bb36d54cda385a,reserved_authority_class,§7/§8 OMIT: no reserved permission,,DEFINED
p1e1r4_e097b565f97b4071ac145ac35c373c2b/decision_requirement:51deabbb1bf94610a0bb36d54cda385a,authority_holder_identity_id,§7/§8 OMIT: no reserved permission,,DEFINED
p1e1r4_e097b565f97b4071ac145ac35c373c2b/decision_requirement:51deabbb1bf94610a0bb36d54cda385a,valid_delegation,§7/§8 OMIT: no reserved permission,,DEFINED
p1e1r4_e097b565f97b4071ac145ac35c373c2b/decision_requirement:51deabbb1bf94610a0bb36d54cda385a,escalation_required,§7.0 exact attached material root AND same-root governance Aaron escalation; else false,,DEFINED
p1e1r4_e097b565f97b4071ac145ac35c373c2b/decision_requirement:51deabbb1bf94610a0bb36d54cda385a,unresolved_effect,§7.3 true only unresolved intent; otherwise false,,DEFINED
p1e1r4_e097b565f97b4071ac145ac35c373c2b/decision_requirement:51deabbb1bf94610a0bb36d54cda385a,material_conflict,§9 true only exact attached/conflict-only root; otherwise false,,DEFINED
p1e1r4_e097b565f97b4071ac145ac35c373c2b/decision_requirement:51deabbb1bf94610a0bb36d54cda385a,informational_only,"§7.0 obligation exact boolean, otherwise false",,DEFINED
p1e1r4_e097b565f97b4071ac145ac35c373c2b/decision_requirement:51deabbb1bf94610a0bb36d54cda385a,applicability,§4/§7 exact subject refs; intent no scoped evidence -> UNKNOWN; conflict §9.2,assertion:b8ac2bd642364fbc9416e3e91bfa393b,DEFINED
p1e1r4_e097b565f97b4071ac145ac35c373c2b/decision_requirement:51deabbb1bf94610a0bb36d54cda385a,freshness,§7.0 exact evidence closure; preserve known item dimensions through authority UNKNOWN; single case evidence source,evidence:6d29fc50a4a249b4b35f17bf43974972,DEFINED
p1e1r4_e097b565f97b4071ac145ac35c373c2b/decision_requirement:51deabbb1bf94610a0bb36d54cda385a,source_identity,§7.0 exact evidence closure; preserve known item dimensions through authority UNKNOWN; single case evidence source,evidence:6d29fc50a4a249b4b35f17bf43974972,DEFINED
p1e1r4_e097b565f97b4071ac145ac35c373c2b/decision_requirement:51deabbb1bf94610a0bb36d54cda385a,provenance_refs,§7.0 exact evidence closure; preserve known item dimensions through authority UNKNOWN; single case evidence source,evidence:6d29fc50a4a249b4b35f17bf43974972,DEFINED
p1e1r4_e097b565f97b4071ac145ac35c373c2b/decision_requirement:51deabbb1bf94610a0bb36d54cda385a,possible_duplicate_refs,§9 exact distinct unresolved identity link other-ref array; otherwise [],,DEFINED
p1e1r4_e77d2a6a825a43f7af5b42afc5a94046/obligation:8090fa9a014048d7ab23fd9db07daa64,id,§7.1 e1:<case>:obligation:<exact payload>,obligation:8090fa9a014048d7ab23fd9db07daa64,DEFINED
p1e1r4_e77d2a6a825a43f7af5b42afc5a94046/obligation:8090fa9a014048d7ab23fd9db07daa64,principal_id,§5 exact AARON from case principal,p1e1r4_e77d2a6a825a43f7af5b42afc5a94046,DEFINED
p1e1r4_e77d2a6a825a43f7af5b42afc5a94046/obligation:8090fa9a014048d7ab23fd9db07daa64,objective_id,§6 exact objective namespace payload; §9.2 conflict subject objective,objective:a9e6dc1040c94fe7918206a2c1d89d32,DEFINED
p1e1r4_e77d2a6a825a43f7af5b42afc5a94046/obligation:8090fa9a014048d7ab23fd9db07daa64,obligation_id,§6/§7 exact typed-root payload,obligation:8090fa9a014048d7ab23fd9db07daa64,DEFINED
p1e1r4_e77d2a6a825a43f7af5b42afc5a94046/obligation:8090fa9a014048d7ab23fd9db07daa64,decision_requirement_id,§7 OMIT: not this root kind,,DEFINED
p1e1r4_e77d2a6a825a43f7af5b42afc5a94046/obligation:8090fa9a014048d7ab23fd9db07daa64,intent_id,§7 OMIT: not this root kind,,DEFINED
p1e1r4_e77d2a6a825a43f7af5b42afc5a94046/obligation:8090fa9a014048d7ab23fd9db07daa64,conflict_id,§9 OMIT: no attached conflict,,DEFINED
p1e1r4_e77d2a6a825a43f7af5b42afc5a94046/obligation:8090fa9a014048d7ab23fd9db07daa64,obligation_status,§7.1 exact obligation/governance plus exact-scoped lifecycle; action boolean AND concrete text AND not informational,obligation:8090fa9a014048d7ab23fd9db07daa64|governance:211d5e1690af460da308e396bda5a1bb|event:6da00131773a43c186b0b6e0b02c2dcb,DEFINED
p1e1r4_e77d2a6a825a43f7af5b42afc5a94046/obligation:8090fa9a014048d7ab23fd9db07daa64,obligation_owner,§7.1 exact obligation/governance plus exact-scoped lifecycle; action boolean AND concrete text AND not informational,obligation:8090fa9a014048d7ab23fd9db07daa64|governance:211d5e1690af460da308e396bda5a1bb|event:6da00131773a43c186b0b6e0b02c2dcb,DEFINED
p1e1r4_e77d2a6a825a43f7af5b42afc5a94046/obligation:8090fa9a014048d7ab23fd9db07daa64,concrete_action_remaining,§7.1 exact obligation/governance plus exact-scoped lifecycle; action boolean AND concrete text AND not informational,obligation:8090fa9a014048d7ab23fd9db07daa64|governance:211d5e1690af460da308e396bda5a1bb|event:6da00131773a43c186b0b6e0b02c2dcb,DEFINED
p1e1r4_e77d2a6a825a43f7af5b42afc5a94046/obligation:8090fa9a014048d7ab23fd9db07daa64,decision_status,§7 OMIT,,DEFINED
p1e1r4_e77d2a6a825a43f7af5b42afc5a94046/obligation:8090fa9a014048d7ab23fd9db07daa64,decision_maker_identity_id,§7 OMIT,,DEFINED
p1e1r4_e77d2a6a825a43f7af5b42afc5a94046/obligation:8090fa9a014048d7ab23fd9db07daa64,reserved_authority_class,§8 exact permission/governance/decision + current authority validation; UNKNOWN holder and OMIT delegation on unknown authority,required_next_step:e4a7140288ce4becb382f0325f96a229|authority_domain:b74bf5e0524f497ea2b0ff68c3a0a2f0|iris:2b179be9d8af4688b53918be741a5e89|worker:98c622b88a774518a5c50aa860c60759|episode:260172e653b0486f9cc4f8659629a670,DEFINED
p1e1r4_e77d2a6a825a43f7af5b42afc5a94046/obligation:8090fa9a014048d7ab23fd9db07daa64,authority_holder_identity_id,§8 exact permission/governance/decision + current authority validation; UNKNOWN holder and OMIT delegation on unknown authority,required_next_step:e4a7140288ce4becb382f0325f96a229|authority_domain:b74bf5e0524f497ea2b0ff68c3a0a2f0|iris:2b179be9d8af4688b53918be741a5e89|worker:98c622b88a774518a5c50aa860c60759|episode:260172e653b0486f9cc4f8659629a670,DEFINED
p1e1r4_e77d2a6a825a43f7af5b42afc5a94046/obligation:8090fa9a014048d7ab23fd9db07daa64,valid_delegation,§8 exact permission/governance/decision + current authority validation; UNKNOWN holder and OMIT delegation on unknown authority,required_next_step:e4a7140288ce4becb382f0325f96a229|authority_domain:b74bf5e0524f497ea2b0ff68c3a0a2f0|iris:2b179be9d8af4688b53918be741a5e89|worker:98c622b88a774518a5c50aa860c60759|episode:260172e653b0486f9cc4f8659629a670,DEFINED
p1e1r4_e77d2a6a825a43f7af5b42afc5a94046/obligation:8090fa9a014048d7ab23fd9db07daa64,escalation_required,§7.0 exact attached material root AND same-root governance Aaron escalation; else false,governance:211d5e1690af460da308e396bda5a1bb,DEFINED
p1e1r4_e77d2a6a825a43f7af5b42afc5a94046/obligation:8090fa9a014048d7ab23fd9db07daa64,unresolved_effect,§7.3 true only unresolved intent; otherwise false,,DEFINED
p1e1r4_e77d2a6a825a43f7af5b42afc5a94046/obligation:8090fa9a014048d7ab23fd9db07daa64,material_conflict,§9 true only exact attached/conflict-only root; otherwise false,,DEFINED
p1e1r4_e77d2a6a825a43f7af5b42afc5a94046/obligation:8090fa9a014048d7ab23fd9db07daa64,informational_only,"§7.0 obligation exact boolean, otherwise false",obligation:8090fa9a014048d7ab23fd9db07daa64,DEFINED
p1e1r4_e77d2a6a825a43f7af5b42afc5a94046/obligation:8090fa9a014048d7ab23fd9db07daa64,applicability,§4/§7 exact subject refs; intent no scoped evidence -> UNKNOWN; conflict §9.2,assertion:7d15851cd0214d53a814b08f308125e0|governance:211d5e1690af460da308e396bda5a1bb,DEFINED
p1e1r4_e77d2a6a825a43f7af5b42afc5a94046/obligation:8090fa9a014048d7ab23fd9db07daa64,freshness,§7.0 exact evidence closure; preserve known item dimensions through authority UNKNOWN; single case evidence source,evidence:8d83cbcfbab544aaa3f551cdfb01932c,DEFINED
p1e1r4_e77d2a6a825a43f7af5b42afc5a94046/obligation:8090fa9a014048d7ab23fd9db07daa64,source_identity,§7.0 exact evidence closure; preserve known item dimensions through authority UNKNOWN; single case evidence source,evidence:8d83cbcfbab544aaa3f551cdfb01932c,DEFINED
p1e1r4_e77d2a6a825a43f7af5b42afc5a94046/obligation:8090fa9a014048d7ab23fd9db07daa64,provenance_refs,§7.0 exact evidence closure; preserve known item dimensions through authority UNKNOWN; single case evidence source,evidence:8d83cbcfbab544aaa3f551cdfb01932c,DEFINED
p1e1r4_e77d2a6a825a43f7af5b42afc5a94046/obligation:8090fa9a014048d7ab23fd9db07daa64,possible_duplicate_refs,§9 exact distinct unresolved identity link other-ref array; otherwise [],,DEFINED
p1e1r4_e77d2a6a825a43f7af5b42afc5a94046/decision_requirement:c961454cd5ed4e5a865b88cc707c61f8,id,§7.2 e1:<case>:decision:<exact payload>,decision_requirement:c961454cd5ed4e5a865b88cc707c61f8,DEFINED
p1e1r4_e77d2a6a825a43f7af5b42afc5a94046/decision_requirement:c961454cd5ed4e5a865b88cc707c61f8,principal_id,§5 exact AARON from case principal,p1e1r4_e77d2a6a825a43f7af5b42afc5a94046,DEFINED
p1e1r4_e77d2a6a825a43f7af5b42afc5a94046/decision_requirement:c961454cd5ed4e5a865b88cc707c61f8,objective_id,§6 exact objective namespace payload; §9.2 conflict subject objective,objective:a9e6dc1040c94fe7918206a2c1d89d32,DEFINED
p1e1r4_e77d2a6a825a43f7af5b42afc5a94046/decision_requirement:c961454cd5ed4e5a865b88cc707c61f8,obligation_id,§7 OMIT: not this root kind,,DEFINED
p1e1r4_e77d2a6a825a43f7af5b42afc5a94046/decision_requirement:c961454cd5ed4e5a865b88cc707c61f8,decision_requirement_id,§6/§7 exact typed-root payload,decision_requirement:c961454cd5ed4e5a865b88cc707c61f8,DEFINED
p1e1r4_e77d2a6a825a43f7af5b42afc5a94046/decision_requirement:c961454cd5ed4e5a865b88cc707c61f8,intent_id,§7 OMIT: not this root kind,,DEFINED
p1e1r4_e77d2a6a825a43f7af5b42afc5a94046/decision_requirement:c961454cd5ed4e5a865b88cc707c61f8,conflict_id,§9 OMIT: no attached conflict,,DEFINED
p1e1r4_e77d2a6a825a43f7af5b42afc5a94046/decision_requirement:c961454cd5ed4e5a865b88cc707c61f8,obligation_status,§7 OMIT,,DEFINED
p1e1r4_e77d2a6a825a43f7af5b42afc5a94046/decision_requirement:c961454cd5ed4e5a865b88cc707c61f8,obligation_owner,§7 OMIT,,DEFINED
p1e1r4_e77d2a6a825a43f7af5b42afc5a94046/decision_requirement:c961454cd5ed4e5a865b88cc707c61f8,concrete_action_remaining,§7 OMIT,,DEFINED
p1e1r4_e77d2a6a825a43f7af5b42afc5a94046/decision_requirement:c961454cd5ed4e5a865b88cc707c61f8,decision_status,"§7.2 exact decision + scoped history, never obligation cascade",decision_requirement:c961454cd5ed4e5a865b88cc707c61f8|event:6da00131773a43c186b0b6e0b02c2dcb,DEFINED
p1e1r4_e77d2a6a825a43f7af5b42afc5a94046/decision_requirement:c961454cd5ed4e5a865b88cc707c61f8,decision_maker_identity_id,"§7.2 exact decision + scoped history, never obligation cascade",decision_requirement:c961454cd5ed4e5a865b88cc707c61f8|event:6da00131773a43c186b0b6e0b02c2dcb,DEFINED
p1e1r4_e77d2a6a825a43f7af5b42afc5a94046/decision_requirement:c961454cd5ed4e5a865b88cc707c61f8,reserved_authority_class,§8 exact permission/governance/decision + current authority validation; UNKNOWN holder and OMIT delegation on unknown authority,required_next_step:e4a7140288ce4becb382f0325f96a229|authority_domain:b74bf5e0524f497ea2b0ff68c3a0a2f0|iris:2b179be9d8af4688b53918be741a5e89|worker:98c622b88a774518a5c50aa860c60759|episode:260172e653b0486f9cc4f8659629a670,DEFINED
p1e1r4_e77d2a6a825a43f7af5b42afc5a94046/decision_requirement:c961454cd5ed4e5a865b88cc707c61f8,authority_holder_identity_id,§8 exact permission/governance/decision + current authority validation; UNKNOWN holder and OMIT delegation on unknown authority,required_next_step:e4a7140288ce4becb382f0325f96a229|authority_domain:b74bf5e0524f497ea2b0ff68c3a0a2f0|iris:2b179be9d8af4688b53918be741a5e89|worker:98c622b88a774518a5c50aa860c60759|episode:260172e653b0486f9cc4f8659629a670,DEFINED
p1e1r4_e77d2a6a825a43f7af5b42afc5a94046/decision_requirement:c961454cd5ed4e5a865b88cc707c61f8,valid_delegation,§8 exact permission/governance/decision + current authority validation; UNKNOWN holder and OMIT delegation on unknown authority,required_next_step:e4a7140288ce4becb382f0325f96a229|authority_domain:b74bf5e0524f497ea2b0ff68c3a0a2f0|iris:2b179be9d8af4688b53918be741a5e89|worker:98c622b88a774518a5c50aa860c60759|episode:260172e653b0486f9cc4f8659629a670,DEFINED
p1e1r4_e77d2a6a825a43f7af5b42afc5a94046/decision_requirement:c961454cd5ed4e5a865b88cc707c61f8,escalation_required,§7.0 exact attached material root AND same-root governance Aaron escalation; else false,,DEFINED
p1e1r4_e77d2a6a825a43f7af5b42afc5a94046/decision_requirement:c961454cd5ed4e5a865b88cc707c61f8,unresolved_effect,§7.3 true only unresolved intent; otherwise false,,DEFINED
p1e1r4_e77d2a6a825a43f7af5b42afc5a94046/decision_requirement:c961454cd5ed4e5a865b88cc707c61f8,material_conflict,§9 true only exact attached/conflict-only root; otherwise false,,DEFINED
p1e1r4_e77d2a6a825a43f7af5b42afc5a94046/decision_requirement:c961454cd5ed4e5a865b88cc707c61f8,informational_only,"§7.0 obligation exact boolean, otherwise false",,DEFINED
p1e1r4_e77d2a6a825a43f7af5b42afc5a94046/decision_requirement:c961454cd5ed4e5a865b88cc707c61f8,applicability,§4/§7 exact subject refs; intent no scoped evidence -> UNKNOWN; conflict §9.2,assertion:7d15851cd0214d53a814b08f308125e0,DEFINED
p1e1r4_e77d2a6a825a43f7af5b42afc5a94046/decision_requirement:c961454cd5ed4e5a865b88cc707c61f8,freshness,§7.0 exact evidence closure; preserve known item dimensions through authority UNKNOWN; single case evidence source,evidence:8d83cbcfbab544aaa3f551cdfb01932c,DEFINED
p1e1r4_e77d2a6a825a43f7af5b42afc5a94046/decision_requirement:c961454cd5ed4e5a865b88cc707c61f8,source_identity,§7.0 exact evidence closure; preserve known item dimensions through authority UNKNOWN; single case evidence source,evidence:8d83cbcfbab544aaa3f551cdfb01932c,DEFINED
p1e1r4_e77d2a6a825a43f7af5b42afc5a94046/decision_requirement:c961454cd5ed4e5a865b88cc707c61f8,provenance_refs,§7.0 exact evidence closure; preserve known item dimensions through authority UNKNOWN; single case evidence source,evidence:8d83cbcfbab544aaa3f551cdfb01932c,DEFINED
p1e1r4_e77d2a6a825a43f7af5b42afc5a94046/decision_requirement:c961454cd5ed4e5a865b88cc707c61f8,possible_duplicate_refs,§9 exact distinct unresolved identity link other-ref array; otherwise [],,DEFINED
p1e1r4_e7b44f97f31f4e3393e351889b5e08dc/obligation:706cdab512094ecc935353fd85ebdc78,id,§7.1 e1:<case>:obligation:<exact payload>,obligation:706cdab512094ecc935353fd85ebdc78,DEFINED
p1e1r4_e7b44f97f31f4e3393e351889b5e08dc/obligation:706cdab512094ecc935353fd85ebdc78,principal_id,§5 exact AARON from case principal,p1e1r4_e7b44f97f31f4e3393e351889b5e08dc,DEFINED
p1e1r4_e7b44f97f31f4e3393e351889b5e08dc/obligation:706cdab512094ecc935353fd85ebdc78,objective_id,§6 exact objective namespace payload; §9.2 conflict subject objective,objective:d1bdb6a957384fdfb2a75298c49dd1d0,DEFINED
p1e1r4_e7b44f97f31f4e3393e351889b5e08dc/obligation:706cdab512094ecc935353fd85ebdc78,obligation_id,§6/§7 exact typed-root payload,obligation:706cdab512094ecc935353fd85ebdc78,DEFINED
p1e1r4_e7b44f97f31f4e3393e351889b5e08dc/obligation:706cdab512094ecc935353fd85ebdc78,decision_requirement_id,§7 OMIT: not this root kind,,DEFINED
p1e1r4_e7b44f97f31f4e3393e351889b5e08dc/obligation:706cdab512094ecc935353fd85ebdc78,intent_id,§7 OMIT: not this root kind,,DEFINED
p1e1r4_e7b44f97f31f4e3393e351889b5e08dc/obligation:706cdab512094ecc935353fd85ebdc78,conflict_id,§9 OMIT: no attached conflict,,DEFINED
p1e1r4_e7b44f97f31f4e3393e351889b5e08dc/obligation:706cdab512094ecc935353fd85ebdc78,obligation_status,§7.1 exact obligation/governance plus exact-scoped lifecycle; action boolean AND concrete text AND not informational,obligation:706cdab512094ecc935353fd85ebdc78|governance:86d9af5193e14a2ba21f3f1d8e75a6be|event:d3cf69ea8d0d4ec7a3d3c6b25a38a7ed,DEFINED
p1e1r4_e7b44f97f31f4e3393e351889b5e08dc/obligation:706cdab512094ecc935353fd85ebdc78,obligation_owner,§7.1 exact obligation/governance plus exact-scoped lifecycle; action boolean AND concrete text AND not informational,obligation:706cdab512094ecc935353fd85ebdc78|governance:86d9af5193e14a2ba21f3f1d8e75a6be|event:d3cf69ea8d0d4ec7a3d3c6b25a38a7ed,DEFINED
p1e1r4_e7b44f97f31f4e3393e351889b5e08dc/obligation:706cdab512094ecc935353fd85ebdc78,concrete_action_remaining,§7.1 exact obligation/governance plus exact-scoped lifecycle; action boolean AND concrete text AND not informational,obligation:706cdab512094ecc935353fd85ebdc78|governance:86d9af5193e14a2ba21f3f1d8e75a6be|event:d3cf69ea8d0d4ec7a3d3c6b25a38a7ed,DEFINED
p1e1r4_e7b44f97f31f4e3393e351889b5e08dc/obligation:706cdab512094ecc935353fd85ebdc78,decision_status,§7 OMIT,,DEFINED
p1e1r4_e7b44f97f31f4e3393e351889b5e08dc/obligation:706cdab512094ecc935353fd85ebdc78,decision_maker_identity_id,§7 OMIT,,DEFINED
p1e1r4_e7b44f97f31f4e3393e351889b5e08dc/obligation:706cdab512094ecc935353fd85ebdc78,reserved_authority_class,§7/§8 OMIT: no reserved permission,,DEFINED
p1e1r4_e7b44f97f31f4e3393e351889b5e08dc/obligation:706cdab512094ecc935353fd85ebdc78,authority_holder_identity_id,§7/§8 OMIT: no reserved permission,,DEFINED
p1e1r4_e7b44f97f31f4e3393e351889b5e08dc/obligation:706cdab512094ecc935353fd85ebdc78,valid_delegation,§7/§8 OMIT: no reserved permission,,DEFINED
p1e1r4_e7b44f97f31f4e3393e351889b5e08dc/obligation:706cdab512094ecc935353fd85ebdc78,escalation_required,§7.0 exact attached material root AND same-root governance Aaron escalation; else false,governance:86d9af5193e14a2ba21f3f1d8e75a6be,DEFINED
p1e1r4_e7b44f97f31f4e3393e351889b5e08dc/obligation:706cdab512094ecc935353fd85ebdc78,unresolved_effect,§7.3 true only unresolved intent; otherwise false,,DEFINED
p1e1r4_e7b44f97f31f4e3393e351889b5e08dc/obligation:706cdab512094ecc935353fd85ebdc78,material_conflict,§9 true only exact attached/conflict-only root; otherwise false,,DEFINED
p1e1r4_e7b44f97f31f4e3393e351889b5e08dc/obligation:706cdab512094ecc935353fd85ebdc78,informational_only,"§7.0 obligation exact boolean, otherwise false",obligation:706cdab512094ecc935353fd85ebdc78,DEFINED
p1e1r4_e7b44f97f31f4e3393e351889b5e08dc/obligation:706cdab512094ecc935353fd85ebdc78,applicability,§4/§7 exact subject refs; intent no scoped evidence -> UNKNOWN; conflict §9.2,assertion:414c40e8683c4884af364c666fc26474|governance:86d9af5193e14a2ba21f3f1d8e75a6be,DEFINED
p1e1r4_e7b44f97f31f4e3393e351889b5e08dc/obligation:706cdab512094ecc935353fd85ebdc78,freshness,§7.0 exact evidence closure; preserve known item dimensions through authority UNKNOWN; single case evidence source,evidence:1d550577ec9840468015b61ec67c746a,DEFINED
p1e1r4_e7b44f97f31f4e3393e351889b5e08dc/obligation:706cdab512094ecc935353fd85ebdc78,source_identity,§7.0 exact evidence closure; preserve known item dimensions through authority UNKNOWN; single case evidence source,evidence:1d550577ec9840468015b61ec67c746a,DEFINED
p1e1r4_e7b44f97f31f4e3393e351889b5e08dc/obligation:706cdab512094ecc935353fd85ebdc78,provenance_refs,§7.0 exact evidence closure; preserve known item dimensions through authority UNKNOWN; single case evidence source,evidence:1d550577ec9840468015b61ec67c746a,DEFINED
p1e1r4_e7b44f97f31f4e3393e351889b5e08dc/obligation:706cdab512094ecc935353fd85ebdc78,possible_duplicate_refs,§9 exact distinct unresolved identity link other-ref array; otherwise [],,DEFINED
p1e1r4_e7b44f97f31f4e3393e351889b5e08dc/decision_requirement:fa3983f7fb344c5f9654a7d5dc82c676,id,§7.2 e1:<case>:decision:<exact payload>,decision_requirement:fa3983f7fb344c5f9654a7d5dc82c676,DEFINED
p1e1r4_e7b44f97f31f4e3393e351889b5e08dc/decision_requirement:fa3983f7fb344c5f9654a7d5dc82c676,principal_id,§5 exact AARON from case principal,p1e1r4_e7b44f97f31f4e3393e351889b5e08dc,DEFINED
p1e1r4_e7b44f97f31f4e3393e351889b5e08dc/decision_requirement:fa3983f7fb344c5f9654a7d5dc82c676,objective_id,§6 exact objective namespace payload; §9.2 conflict subject objective,objective:d1bdb6a957384fdfb2a75298c49dd1d0,DEFINED
p1e1r4_e7b44f97f31f4e3393e351889b5e08dc/decision_requirement:fa3983f7fb344c5f9654a7d5dc82c676,obligation_id,§7 OMIT: not this root kind,,DEFINED
p1e1r4_e7b44f97f31f4e3393e351889b5e08dc/decision_requirement:fa3983f7fb344c5f9654a7d5dc82c676,decision_requirement_id,§6/§7 exact typed-root payload,decision_requirement:fa3983f7fb344c5f9654a7d5dc82c676,DEFINED
p1e1r4_e7b44f97f31f4e3393e351889b5e08dc/decision_requirement:fa3983f7fb344c5f9654a7d5dc82c676,intent_id,§7 OMIT: not this root kind,,DEFINED
p1e1r4_e7b44f97f31f4e3393e351889b5e08dc/decision_requirement:fa3983f7fb344c5f9654a7d5dc82c676,conflict_id,§9 OMIT: no attached conflict,,DEFINED
p1e1r4_e7b44f97f31f4e3393e351889b5e08dc/decision_requirement:fa3983f7fb344c5f9654a7d5dc82c676,obligation_status,§7 OMIT,,DEFINED
p1e1r4_e7b44f97f31f4e3393e351889b5e08dc/decision_requirement:fa3983f7fb344c5f9654a7d5dc82c676,obligation_owner,§7 OMIT,,DEFINED
p1e1r4_e7b44f97f31f4e3393e351889b5e08dc/decision_requirement:fa3983f7fb344c5f9654a7d5dc82c676,concrete_action_remaining,§7 OMIT,,DEFINED
p1e1r4_e7b44f97f31f4e3393e351889b5e08dc/decision_requirement:fa3983f7fb344c5f9654a7d5dc82c676,decision_status,"§7.2 exact decision + scoped history, never obligation cascade",decision_requirement:fa3983f7fb344c5f9654a7d5dc82c676|event:d3cf69ea8d0d4ec7a3d3c6b25a38a7ed,DEFINED
p1e1r4_e7b44f97f31f4e3393e351889b5e08dc/decision_requirement:fa3983f7fb344c5f9654a7d5dc82c676,decision_maker_identity_id,"§7.2 exact decision + scoped history, never obligation cascade",decision_requirement:fa3983f7fb344c5f9654a7d5dc82c676|event:d3cf69ea8d0d4ec7a3d3c6b25a38a7ed,DEFINED
p1e1r4_e7b44f97f31f4e3393e351889b5e08dc/decision_requirement:fa3983f7fb344c5f9654a7d5dc82c676,reserved_authority_class,§7/§8 OMIT: no reserved permission,,DEFINED
p1e1r4_e7b44f97f31f4e3393e351889b5e08dc/decision_requirement:fa3983f7fb344c5f9654a7d5dc82c676,authority_holder_identity_id,§7/§8 OMIT: no reserved permission,,DEFINED
p1e1r4_e7b44f97f31f4e3393e351889b5e08dc/decision_requirement:fa3983f7fb344c5f9654a7d5dc82c676,valid_delegation,§7/§8 OMIT: no reserved permission,,DEFINED
p1e1r4_e7b44f97f31f4e3393e351889b5e08dc/decision_requirement:fa3983f7fb344c5f9654a7d5dc82c676,escalation_required,§7.0 exact attached material root AND same-root governance Aaron escalation; else false,,DEFINED
p1e1r4_e7b44f97f31f4e3393e351889b5e08dc/decision_requirement:fa3983f7fb344c5f9654a7d5dc82c676,unresolved_effect,§7.3 true only unresolved intent; otherwise false,,DEFINED
p1e1r4_e7b44f97f31f4e3393e351889b5e08dc/decision_requirement:fa3983f7fb344c5f9654a7d5dc82c676,material_conflict,§9 true only exact attached/conflict-only root; otherwise false,,DEFINED
p1e1r4_e7b44f97f31f4e3393e351889b5e08dc/decision_requirement:fa3983f7fb344c5f9654a7d5dc82c676,informational_only,"§7.0 obligation exact boolean, otherwise false",,DEFINED
p1e1r4_e7b44f97f31f4e3393e351889b5e08dc/decision_requirement:fa3983f7fb344c5f9654a7d5dc82c676,applicability,§4/§7 exact subject refs; intent no scoped evidence -> UNKNOWN; conflict §9.2,assertion:414c40e8683c4884af364c666fc26474,DEFINED
p1e1r4_e7b44f97f31f4e3393e351889b5e08dc/decision_requirement:fa3983f7fb344c5f9654a7d5dc82c676,freshness,§7.0 exact evidence closure; preserve known item dimensions through authority UNKNOWN; single case evidence source,evidence:1d550577ec9840468015b61ec67c746a,DEFINED
p1e1r4_e7b44f97f31f4e3393e351889b5e08dc/decision_requirement:fa3983f7fb344c5f9654a7d5dc82c676,source_identity,§7.0 exact evidence closure; preserve known item dimensions through authority UNKNOWN; single case evidence source,evidence:1d550577ec9840468015b61ec67c746a,DEFINED
p1e1r4_e7b44f97f31f4e3393e351889b5e08dc/decision_requirement:fa3983f7fb344c5f9654a7d5dc82c676,provenance_refs,§7.0 exact evidence closure; preserve known item dimensions through authority UNKNOWN; single case evidence source,evidence:1d550577ec9840468015b61ec67c746a,DEFINED
p1e1r4_e7b44f97f31f4e3393e351889b5e08dc/decision_requirement:fa3983f7fb344c5f9654a7d5dc82c676,possible_duplicate_refs,§9 exact distinct unresolved identity link other-ref array; otherwise [],,DEFINED
p1e1r4_f85385028435417489be4037792fe886/obligation:cbc0af4d965e4f229f883e9753a7ded8,id,§7.1 e1:<case>:obligation:<exact payload>,obligation:cbc0af4d965e4f229f883e9753a7ded8,DEFINED
p1e1r4_f85385028435417489be4037792fe886/obligation:cbc0af4d965e4f229f883e9753a7ded8,principal_id,§5 exact AARON from case principal,p1e1r4_f85385028435417489be4037792fe886,DEFINED
p1e1r4_f85385028435417489be4037792fe886/obligation:cbc0af4d965e4f229f883e9753a7ded8,objective_id,§6 exact objective namespace payload; §9.2 conflict subject objective,objective:e303b440487e412eb17e595869ae5814,DEFINED
p1e1r4_f85385028435417489be4037792fe886/obligation:cbc0af4d965e4f229f883e9753a7ded8,obligation_id,§6/§7 exact typed-root payload,obligation:cbc0af4d965e4f229f883e9753a7ded8,DEFINED
p1e1r4_f85385028435417489be4037792fe886/obligation:cbc0af4d965e4f229f883e9753a7ded8,decision_requirement_id,§7 OMIT: not this root kind,,DEFINED
p1e1r4_f85385028435417489be4037792fe886/obligation:cbc0af4d965e4f229f883e9753a7ded8,intent_id,§7 OMIT: not this root kind,,DEFINED
p1e1r4_f85385028435417489be4037792fe886/obligation:cbc0af4d965e4f229f883e9753a7ded8,conflict_id,§9 OMIT: no attached conflict,,DEFINED
p1e1r4_f85385028435417489be4037792fe886/obligation:cbc0af4d965e4f229f883e9753a7ded8,obligation_status,§7.1 exact obligation/governance plus exact-scoped lifecycle; action boolean AND concrete text AND not informational,obligation:cbc0af4d965e4f229f883e9753a7ded8|governance:65af79c526624e66947eb442ad814edb|event:d1db1e4bef3b4470931dcae4891444ee,DEFINED
p1e1r4_f85385028435417489be4037792fe886/obligation:cbc0af4d965e4f229f883e9753a7ded8,obligation_owner,§7.1 exact obligation/governance plus exact-scoped lifecycle; action boolean AND concrete text AND not informational,obligation:cbc0af4d965e4f229f883e9753a7ded8|governance:65af79c526624e66947eb442ad814edb|event:d1db1e4bef3b4470931dcae4891444ee,DEFINED
p1e1r4_f85385028435417489be4037792fe886/obligation:cbc0af4d965e4f229f883e9753a7ded8,concrete_action_remaining,§7.1 exact obligation/governance plus exact-scoped lifecycle; action boolean AND concrete text AND not informational,obligation:cbc0af4d965e4f229f883e9753a7ded8|governance:65af79c526624e66947eb442ad814edb|event:d1db1e4bef3b4470931dcae4891444ee,DEFINED
p1e1r4_f85385028435417489be4037792fe886/obligation:cbc0af4d965e4f229f883e9753a7ded8,decision_status,§7 OMIT,,DEFINED
p1e1r4_f85385028435417489be4037792fe886/obligation:cbc0af4d965e4f229f883e9753a7ded8,decision_maker_identity_id,§7 OMIT,,DEFINED
p1e1r4_f85385028435417489be4037792fe886/obligation:cbc0af4d965e4f229f883e9753a7ded8,reserved_authority_class,§7/§8 OMIT: no reserved permission,,DEFINED
p1e1r4_f85385028435417489be4037792fe886/obligation:cbc0af4d965e4f229f883e9753a7ded8,authority_holder_identity_id,§7/§8 OMIT: no reserved permission,,DEFINED
p1e1r4_f85385028435417489be4037792fe886/obligation:cbc0af4d965e4f229f883e9753a7ded8,valid_delegation,§7/§8 OMIT: no reserved permission,,DEFINED
p1e1r4_f85385028435417489be4037792fe886/obligation:cbc0af4d965e4f229f883e9753a7ded8,escalation_required,§7.0 exact attached material root AND same-root governance Aaron escalation; else false,governance:65af79c526624e66947eb442ad814edb,DEFINED
p1e1r4_f85385028435417489be4037792fe886/obligation:cbc0af4d965e4f229f883e9753a7ded8,unresolved_effect,§7.3 true only unresolved intent; otherwise false,,DEFINED
p1e1r4_f85385028435417489be4037792fe886/obligation:cbc0af4d965e4f229f883e9753a7ded8,material_conflict,§9 true only exact attached/conflict-only root; otherwise false,,DEFINED
p1e1r4_f85385028435417489be4037792fe886/obligation:cbc0af4d965e4f229f883e9753a7ded8,informational_only,"§7.0 obligation exact boolean, otherwise false",obligation:cbc0af4d965e4f229f883e9753a7ded8,DEFINED
p1e1r4_f85385028435417489be4037792fe886/obligation:cbc0af4d965e4f229f883e9753a7ded8,applicability,§4/§7 exact subject refs; intent no scoped evidence -> UNKNOWN; conflict §9.2,assertion:d8f42e0c8ef341b98c1104bfe05bf13e|governance:65af79c526624e66947eb442ad814edb,DEFINED
p1e1r4_f85385028435417489be4037792fe886/obligation:cbc0af4d965e4f229f883e9753a7ded8,freshness,§7.0 exact evidence closure; preserve known item dimensions through authority UNKNOWN; single case evidence source,evidence:4b2186d0b9ca4c9d83c201aaef64c164,DEFINED
p1e1r4_f85385028435417489be4037792fe886/obligation:cbc0af4d965e4f229f883e9753a7ded8,source_identity,§7.0 exact evidence closure; preserve known item dimensions through authority UNKNOWN; single case evidence source,evidence:4b2186d0b9ca4c9d83c201aaef64c164,DEFINED
p1e1r4_f85385028435417489be4037792fe886/obligation:cbc0af4d965e4f229f883e9753a7ded8,provenance_refs,§7.0 exact evidence closure; preserve known item dimensions through authority UNKNOWN; single case evidence source,evidence:4b2186d0b9ca4c9d83c201aaef64c164,DEFINED
p1e1r4_f85385028435417489be4037792fe886/obligation:cbc0af4d965e4f229f883e9753a7ded8,possible_duplicate_refs,§9 exact distinct unresolved identity link other-ref array; otherwise [],,DEFINED
p1e1r4_f85385028435417489be4037792fe886/decision_requirement:c214b0b3d2644c5cb02c20fdc3b44a37,id,§7.2 e1:<case>:decision:<exact payload>,decision_requirement:c214b0b3d2644c5cb02c20fdc3b44a37,DEFINED
p1e1r4_f85385028435417489be4037792fe886/decision_requirement:c214b0b3d2644c5cb02c20fdc3b44a37,principal_id,§5 exact AARON from case principal,p1e1r4_f85385028435417489be4037792fe886,DEFINED
p1e1r4_f85385028435417489be4037792fe886/decision_requirement:c214b0b3d2644c5cb02c20fdc3b44a37,objective_id,§6 exact objective namespace payload; §9.2 conflict subject objective,objective:e303b440487e412eb17e595869ae5814,DEFINED
p1e1r4_f85385028435417489be4037792fe886/decision_requirement:c214b0b3d2644c5cb02c20fdc3b44a37,obligation_id,§7 OMIT: not this root kind,,DEFINED
p1e1r4_f85385028435417489be4037792fe886/decision_requirement:c214b0b3d2644c5cb02c20fdc3b44a37,decision_requirement_id,§6/§7 exact typed-root payload,decision_requirement:c214b0b3d2644c5cb02c20fdc3b44a37,DEFINED
p1e1r4_f85385028435417489be4037792fe886/decision_requirement:c214b0b3d2644c5cb02c20fdc3b44a37,intent_id,§7 OMIT: not this root kind,,DEFINED
p1e1r4_f85385028435417489be4037792fe886/decision_requirement:c214b0b3d2644c5cb02c20fdc3b44a37,conflict_id,§9 OMIT: no attached conflict,,DEFINED
p1e1r4_f85385028435417489be4037792fe886/decision_requirement:c214b0b3d2644c5cb02c20fdc3b44a37,obligation_status,§7 OMIT,,DEFINED
p1e1r4_f85385028435417489be4037792fe886/decision_requirement:c214b0b3d2644c5cb02c20fdc3b44a37,obligation_owner,§7 OMIT,,DEFINED
p1e1r4_f85385028435417489be4037792fe886/decision_requirement:c214b0b3d2644c5cb02c20fdc3b44a37,concrete_action_remaining,§7 OMIT,,DEFINED
p1e1r4_f85385028435417489be4037792fe886/decision_requirement:c214b0b3d2644c5cb02c20fdc3b44a37,decision_status,"§7.2 exact decision + scoped history, never obligation cascade",decision_requirement:c214b0b3d2644c5cb02c20fdc3b44a37|event:d1db1e4bef3b4470931dcae4891444ee,DEFINED
p1e1r4_f85385028435417489be4037792fe886/decision_requirement:c214b0b3d2644c5cb02c20fdc3b44a37,decision_maker_identity_id,"§7.2 exact decision + scoped history, never obligation cascade",decision_requirement:c214b0b3d2644c5cb02c20fdc3b44a37|event:d1db1e4bef3b4470931dcae4891444ee,DEFINED
p1e1r4_f85385028435417489be4037792fe886/decision_requirement:c214b0b3d2644c5cb02c20fdc3b44a37,reserved_authority_class,§7/§8 OMIT: no reserved permission,,DEFINED
p1e1r4_f85385028435417489be4037792fe886/decision_requirement:c214b0b3d2644c5cb02c20fdc3b44a37,authority_holder_identity_id,§7/§8 OMIT: no reserved permission,,DEFINED
p1e1r4_f85385028435417489be4037792fe886/decision_requirement:c214b0b3d2644c5cb02c20fdc3b44a37,valid_delegation,§7/§8 OMIT: no reserved permission,,DEFINED
p1e1r4_f85385028435417489be4037792fe886/decision_requirement:c214b0b3d2644c5cb02c20fdc3b44a37,escalation_required,§7.0 exact attached material root AND same-root governance Aaron escalation; else false,,DEFINED
p1e1r4_f85385028435417489be4037792fe886/decision_requirement:c214b0b3d2644c5cb02c20fdc3b44a37,unresolved_effect,§7.3 true only unresolved intent; otherwise false,,DEFINED
p1e1r4_f85385028435417489be4037792fe886/decision_requirement:c214b0b3d2644c5cb02c20fdc3b44a37,material_conflict,§9 true only exact attached/conflict-only root; otherwise false,,DEFINED
p1e1r4_f85385028435417489be4037792fe886/decision_requirement:c214b0b3d2644c5cb02c20fdc3b44a37,informational_only,"§7.0 obligation exact boolean, otherwise false",,DEFINED
p1e1r4_f85385028435417489be4037792fe886/decision_requirement:c214b0b3d2644c5cb02c20fdc3b44a37,applicability,§4/§7 exact subject refs; intent no scoped evidence -> UNKNOWN; conflict §9.2,assertion:d8f42e0c8ef341b98c1104bfe05bf13e,DEFINED
p1e1r4_f85385028435417489be4037792fe886/decision_requirement:c214b0b3d2644c5cb02c20fdc3b44a37,freshness,§7.0 exact evidence closure; preserve known item dimensions through authority UNKNOWN; single case evidence source,evidence:4b2186d0b9ca4c9d83c201aaef64c164,DEFINED
p1e1r4_f85385028435417489be4037792fe886/decision_requirement:c214b0b3d2644c5cb02c20fdc3b44a37,source_identity,§7.0 exact evidence closure; preserve known item dimensions through authority UNKNOWN; single case evidence source,evidence:4b2186d0b9ca4c9d83c201aaef64c164,DEFINED
p1e1r4_f85385028435417489be4037792fe886/decision_requirement:c214b0b3d2644c5cb02c20fdc3b44a37,provenance_refs,§7.0 exact evidence closure; preserve known item dimensions through authority UNKNOWN; single case evidence source,evidence:4b2186d0b9ca4c9d83c201aaef64c164,DEFINED
p1e1r4_f85385028435417489be4037792fe886/decision_requirement:c214b0b3d2644c5cb02c20fdc3b44a37,possible_duplicate_refs,§9 exact distinct unresolved identity link other-ref array; otherwise [],,DEFINED
p1e1r4_ffe412518160474496a3d21e784e4bc3/obligation:69003b7e3e5141a4822c5bcce117e4ee,id,§7.1 e1:<case>:obligation:<exact payload>,obligation:69003b7e3e5141a4822c5bcce117e4ee,DEFINED
p1e1r4_ffe412518160474496a3d21e784e4bc3/obligation:69003b7e3e5141a4822c5bcce117e4ee,principal_id,§5 exact AARON from case principal,p1e1r4_ffe412518160474496a3d21e784e4bc3,DEFINED
p1e1r4_ffe412518160474496a3d21e784e4bc3/obligation:69003b7e3e5141a4822c5bcce117e4ee,objective_id,§6 exact objective namespace payload; §9.2 conflict subject objective,objective:b8c2406f6fbf4047b442da14c356b4bc,DEFINED
p1e1r4_ffe412518160474496a3d21e784e4bc3/obligation:69003b7e3e5141a4822c5bcce117e4ee,obligation_id,§6/§7 exact typed-root payload,obligation:69003b7e3e5141a4822c5bcce117e4ee,DEFINED
p1e1r4_ffe412518160474496a3d21e784e4bc3/obligation:69003b7e3e5141a4822c5bcce117e4ee,decision_requirement_id,§7 OMIT: not this root kind,,DEFINED
p1e1r4_ffe412518160474496a3d21e784e4bc3/obligation:69003b7e3e5141a4822c5bcce117e4ee,intent_id,§7 OMIT: not this root kind,,DEFINED
p1e1r4_ffe412518160474496a3d21e784e4bc3/obligation:69003b7e3e5141a4822c5bcce117e4ee,conflict_id,§9 OMIT: no attached conflict,,DEFINED
p1e1r4_ffe412518160474496a3d21e784e4bc3/obligation:69003b7e3e5141a4822c5bcce117e4ee,obligation_status,§7.1 exact obligation/governance plus exact-scoped lifecycle; action boolean AND concrete text AND not informational,obligation:69003b7e3e5141a4822c5bcce117e4ee|governance:2c8075cdc1fd4ba4a468c4aa62e17e47|event:74c58f515d754cec88601de4a8b9ec16,DEFINED
p1e1r4_ffe412518160474496a3d21e784e4bc3/obligation:69003b7e3e5141a4822c5bcce117e4ee,obligation_owner,§7.1 exact obligation/governance plus exact-scoped lifecycle; action boolean AND concrete text AND not informational,obligation:69003b7e3e5141a4822c5bcce117e4ee|governance:2c8075cdc1fd4ba4a468c4aa62e17e47|event:74c58f515d754cec88601de4a8b9ec16,DEFINED
p1e1r4_ffe412518160474496a3d21e784e4bc3/obligation:69003b7e3e5141a4822c5bcce117e4ee,concrete_action_remaining,§7.1 exact obligation/governance plus exact-scoped lifecycle; action boolean AND concrete text AND not informational,obligation:69003b7e3e5141a4822c5bcce117e4ee|governance:2c8075cdc1fd4ba4a468c4aa62e17e47|event:74c58f515d754cec88601de4a8b9ec16,DEFINED
p1e1r4_ffe412518160474496a3d21e784e4bc3/obligation:69003b7e3e5141a4822c5bcce117e4ee,decision_status,§7 OMIT,,DEFINED
p1e1r4_ffe412518160474496a3d21e784e4bc3/obligation:69003b7e3e5141a4822c5bcce117e4ee,decision_maker_identity_id,§7 OMIT,,DEFINED
p1e1r4_ffe412518160474496a3d21e784e4bc3/obligation:69003b7e3e5141a4822c5bcce117e4ee,reserved_authority_class,§7/§8 OMIT: no reserved permission,,DEFINED
p1e1r4_ffe412518160474496a3d21e784e4bc3/obligation:69003b7e3e5141a4822c5bcce117e4ee,authority_holder_identity_id,§7/§8 OMIT: no reserved permission,,DEFINED
p1e1r4_ffe412518160474496a3d21e784e4bc3/obligation:69003b7e3e5141a4822c5bcce117e4ee,valid_delegation,§7/§8 OMIT: no reserved permission,,DEFINED
p1e1r4_ffe412518160474496a3d21e784e4bc3/obligation:69003b7e3e5141a4822c5bcce117e4ee,escalation_required,§7.0 exact attached material root AND same-root governance Aaron escalation; else false,governance:2c8075cdc1fd4ba4a468c4aa62e17e47,DEFINED
p1e1r4_ffe412518160474496a3d21e784e4bc3/obligation:69003b7e3e5141a4822c5bcce117e4ee,unresolved_effect,§7.3 true only unresolved intent; otherwise false,,DEFINED
p1e1r4_ffe412518160474496a3d21e784e4bc3/obligation:69003b7e3e5141a4822c5bcce117e4ee,material_conflict,§9 true only exact attached/conflict-only root; otherwise false,,DEFINED
p1e1r4_ffe412518160474496a3d21e784e4bc3/obligation:69003b7e3e5141a4822c5bcce117e4ee,informational_only,"§7.0 obligation exact boolean, otherwise false",obligation:69003b7e3e5141a4822c5bcce117e4ee,DEFINED
p1e1r4_ffe412518160474496a3d21e784e4bc3/obligation:69003b7e3e5141a4822c5bcce117e4ee,applicability,§4/§7 exact subject refs; intent no scoped evidence -> UNKNOWN; conflict §9.2,assertion:3b9fca5ef0fb41e29615a98b4b349e82|governance:2c8075cdc1fd4ba4a468c4aa62e17e47,DEFINED
p1e1r4_ffe412518160474496a3d21e784e4bc3/obligation:69003b7e3e5141a4822c5bcce117e4ee,freshness,§7.0 exact evidence closure; preserve known item dimensions through authority UNKNOWN; single case evidence source,evidence:c668663601124110a0786048128359de,DEFINED
p1e1r4_ffe412518160474496a3d21e784e4bc3/obligation:69003b7e3e5141a4822c5bcce117e4ee,source_identity,§7.0 exact evidence closure; preserve known item dimensions through authority UNKNOWN; single case evidence source,evidence:c668663601124110a0786048128359de,DEFINED
p1e1r4_ffe412518160474496a3d21e784e4bc3/obligation:69003b7e3e5141a4822c5bcce117e4ee,provenance_refs,§7.0 exact evidence closure; preserve known item dimensions through authority UNKNOWN; single case evidence source,evidence:c668663601124110a0786048128359de,DEFINED
p1e1r4_ffe412518160474496a3d21e784e4bc3/obligation:69003b7e3e5141a4822c5bcce117e4ee,possible_duplicate_refs,§9 exact distinct unresolved identity link other-ref array; otherwise [],,DEFINED
p1e1r4_ffe412518160474496a3d21e784e4bc3/decision_requirement:f2d6ea6005964be5b6b08cb14c9f6452,id,§7.2 e1:<case>:decision:<exact payload>,decision_requirement:f2d6ea6005964be5b6b08cb14c9f6452,DEFINED
p1e1r4_ffe412518160474496a3d21e784e4bc3/decision_requirement:f2d6ea6005964be5b6b08cb14c9f6452,principal_id,§5 exact AARON from case principal,p1e1r4_ffe412518160474496a3d21e784e4bc3,DEFINED
p1e1r4_ffe412518160474496a3d21e784e4bc3/decision_requirement:f2d6ea6005964be5b6b08cb14c9f6452,objective_id,§6 exact objective namespace payload; §9.2 conflict subject objective,objective:b8c2406f6fbf4047b442da14c356b4bc,DEFINED
p1e1r4_ffe412518160474496a3d21e784e4bc3/decision_requirement:f2d6ea6005964be5b6b08cb14c9f6452,obligation_id,§7 OMIT: not this root kind,,DEFINED
p1e1r4_ffe412518160474496a3d21e784e4bc3/decision_requirement:f2d6ea6005964be5b6b08cb14c9f6452,decision_requirement_id,§6/§7 exact typed-root payload,decision_requirement:f2d6ea6005964be5b6b08cb14c9f6452,DEFINED
p1e1r4_ffe412518160474496a3d21e784e4bc3/decision_requirement:f2d6ea6005964be5b6b08cb14c9f6452,intent_id,§7 OMIT: not this root kind,,DEFINED
p1e1r4_ffe412518160474496a3d21e784e4bc3/decision_requirement:f2d6ea6005964be5b6b08cb14c9f6452,conflict_id,§9 OMIT: no attached conflict,,DEFINED
p1e1r4_ffe412518160474496a3d21e784e4bc3/decision_requirement:f2d6ea6005964be5b6b08cb14c9f6452,obligation_status,§7 OMIT,,DEFINED
p1e1r4_ffe412518160474496a3d21e784e4bc3/decision_requirement:f2d6ea6005964be5b6b08cb14c9f6452,obligation_owner,§7 OMIT,,DEFINED
p1e1r4_ffe412518160474496a3d21e784e4bc3/decision_requirement:f2d6ea6005964be5b6b08cb14c9f6452,concrete_action_remaining,§7 OMIT,,DEFINED
p1e1r4_ffe412518160474496a3d21e784e4bc3/decision_requirement:f2d6ea6005964be5b6b08cb14c9f6452,decision_status,"§7.2 exact decision + scoped history, never obligation cascade",decision_requirement:f2d6ea6005964be5b6b08cb14c9f6452|event:74c58f515d754cec88601de4a8b9ec16,DEFINED
p1e1r4_ffe412518160474496a3d21e784e4bc3/decision_requirement:f2d6ea6005964be5b6b08cb14c9f6452,decision_maker_identity_id,"§7.2 exact decision + scoped history, never obligation cascade",decision_requirement:f2d6ea6005964be5b6b08cb14c9f6452|event:74c58f515d754cec88601de4a8b9ec16,DEFINED
p1e1r4_ffe412518160474496a3d21e784e4bc3/decision_requirement:f2d6ea6005964be5b6b08cb14c9f6452,reserved_authority_class,§7/§8 OMIT: no reserved permission,,DEFINED
p1e1r4_ffe412518160474496a3d21e784e4bc3/decision_requirement:f2d6ea6005964be5b6b08cb14c9f6452,authority_holder_identity_id,§7/§8 OMIT: no reserved permission,,DEFINED
p1e1r4_ffe412518160474496a3d21e784e4bc3/decision_requirement:f2d6ea6005964be5b6b08cb14c9f6452,valid_delegation,§7/§8 OMIT: no reserved permission,,DEFINED
p1e1r4_ffe412518160474496a3d21e784e4bc3/decision_requirement:f2d6ea6005964be5b6b08cb14c9f6452,escalation_required,§7.0 exact attached material root AND same-root governance Aaron escalation; else false,,DEFINED
p1e1r4_ffe412518160474496a3d21e784e4bc3/decision_requirement:f2d6ea6005964be5b6b08cb14c9f6452,unresolved_effect,§7.3 true only unresolved intent; otherwise false,,DEFINED
p1e1r4_ffe412518160474496a3d21e784e4bc3/decision_requirement:f2d6ea6005964be5b6b08cb14c9f6452,material_conflict,§9 true only exact attached/conflict-only root; otherwise false,,DEFINED
p1e1r4_ffe412518160474496a3d21e784e4bc3/decision_requirement:f2d6ea6005964be5b6b08cb14c9f6452,informational_only,"§7.0 obligation exact boolean, otherwise false",,DEFINED
p1e1r4_ffe412518160474496a3d21e784e4bc3/decision_requirement:f2d6ea6005964be5b6b08cb14c9f6452,applicability,§4/§7 exact subject refs; intent no scoped evidence -> UNKNOWN; conflict §9.2,assertion:3b9fca5ef0fb41e29615a98b4b349e82,DEFINED
p1e1r4_ffe412518160474496a3d21e784e4bc3/decision_requirement:f2d6ea6005964be5b6b08cb14c9f6452,freshness,§7.0 exact evidence closure; preserve known item dimensions through authority UNKNOWN; single case evidence source,evidence:c668663601124110a0786048128359de,DEFINED
p1e1r4_ffe412518160474496a3d21e784e4bc3/decision_requirement:f2d6ea6005964be5b6b08cb14c9f6452,source_identity,§7.0 exact evidence closure; preserve known item dimensions through authority UNKNOWN; single case evidence source,evidence:c668663601124110a0786048128359de,DEFINED
p1e1r4_ffe412518160474496a3d21e784e4bc3/decision_requirement:f2d6ea6005964be5b6b08cb14c9f6452,provenance_refs,§7.0 exact evidence closure; preserve known item dimensions through authority UNKNOWN; single case evidence source,evidence:c668663601124110a0786048128359de,DEFINED
p1e1r4_ffe412518160474496a3d21e784e4bc3/decision_requirement:f2d6ea6005964be5b6b08cb14c9f6452,possible_duplicate_refs,§9 exact distinct unresolved identity link other-ref array; otherwise [],,DEFINED
